patient_id,first_name,last_name,gender,date_of_birth,phone,email,address,zip_code,created_at
bdd640fb-0667-4ad1-9c80-317fa3b1799d,Danielle,Johnson,Male,1973-03-13,232.318.1960,jesseguzman@example.net,863 Lawrence Valleys,01352,2024-12-30T03:46:26
1a3d1fa7-bc89-40a9-a3b8-c1e9392456de,Linda,Wolfe,Female,1982-01-27,223-951-1615x594,dudleynicholas@example.net,959 Janet Cape Apt. 413,13739,2023-05-21T21:31:04
972a8469-1641-4f82-8b9d-2434e465e150,Joshua,Reid,Male,1985-06-02,(555)434-1928,ogray@example.net,503 Linda Locks,35594,2022-01-19T05:04:30
3b8faa18-37f8-488b-97fc-695a07a0ca6e,Jason,Hahn,Female,1978-08-05,676.872.4238,icox@example.net,01226 Paul Ranch Suite 848,02005,2024-08-30T04:11:19
b74d0fb1-32e7-4629-8fad-c1a606cb0fb3,Jennifer,Maldonado,Female,2008-11-05,001-645-514-6270x48281,nathanielmartin@example.net,570 Sarah Wells,40807,2022-10-15T08:48:51
72ff5d2a-386e-4be0-ab65-a6a48b8148f6,Brian,Humphrey,Female,1946-06-27,671-882-2782,sarahcampos@example.net,465 Lam Mission,16361,2022-10-28T11:58:34
c241330b-01a9-471f-9e8a-774bcf36d58b,Jeffrey,Morgan,Female,2015-11-01,+1-239-730-1031,palmerjoshua@example.com,299 Sanchez Mountains,53855,2022-07-31T04:22:52
47229389-571a-4876-ac30-7511b2b9437a,Clinton,Hopkins,Male,1983-12-27,(467)801-0651x33387,joshuawright@example.org,108 Tanya Terrace Apt. 267,63593,2022-09-05T10:27:42
1a2a73ed-562b-4f79-8374-59eef50bea63,Michelle,Barrera,Male,1958-03-05,(206)247-4687x2343,brian97@example.net,81219 Emma Freeway,53424,2022-04-12T15:04:54
580d7b71-d8f5-4413-9be6-128e18c26797,Shelly,Hudson,Female,2014-07-23,+1-509-616-9985x435,panderson@example.com,1079 Charles Forest Suite 251,32519,2023-05-05T10:21:12
759cde66-bacf-43d0-8b1f-9163ce9ff57f,Justin,Kim,Female,2009-09-12,001-449-680-8412x411,cassandra53@example.net,740 Cynthia Village Suite 005,17647,2024-06-24T02:41:35
142c3fe8-60e7-4113-ac1b-8ca1f91e1d4c,Tina,Martin,Female,1995-11-25,+1-768-401-1280,tanderson@example.com,3315 Dickson Summit,20758,2025-09-15T12:21:42
e2acf72f-9e57-4f7a-a0ee-89aed453dd32,Sarah,Hancock,Female,1959-11-12,(902)756-3421x60733,lori33@example.org,5414 May Locks,89566,2025-05-10T23:21:10
11ce5dd2-b45e-41f0-b139-d32c93cd59bf,Amanda,Crosby,Male,1951-06-19,329-840-1965x569,jonathanfletcher@example.org,6159 Alvarado Crossing,94840,2025-08-06T13:33:47
fc377a4c-4a15-444d-85e7-ce8a3a578a8e,Kevin,Parker,Male,1991-05-08,264-682-3662x99468,jason99@example.net,7738 Leon Underpass Apt. 148,87513,2024-06-17T15:07:49
614ff3d7-19db-4ad0-9dd1-dfb23b982ef8,Christine,Davis,Male,1967-09-25,+1-543-832-0037x91769,jross@example.net,63287 Angela Vista,16407,2023-09-17T11:30:55
29a3b2e9-5d65-4441-9588-42dea2bc372f,Dennis,Marshall,Male,2008-01-20,+1-495-979-8687,pgreen@example.net,734 Jones Heights Apt. 455,71299,2022-02-10T13:32:16
b3aa7efe-4458-4885-ab90-99a435a240ae,Devon,Hall,Female,1956-07-24,001-831-266-5876x036,wwoods@example.com,8893 Robinson Mews Suite 065,88171,2024-08-28T09:37:46
a28defe3-9bf0-4273-9247-6f57a5e5a5ab,Lauren,Ramsey,Male,1999-05-19,(898)406-9901,qwhite@example.com,75564 King Common Suite 080,46371,2022-09-21T16:59:35
7656af72-29d4-4eef-beab-edcbbaa80dd4,Debra,Harrington,Male,2024-06-20,9033309232,stevenscott@example.com,912 Rodriguez Burg,41389,2024-03-20T20:38:34
b02b61c4-a3d7-4628-ace6-6fa2fd5166e6,Erica,Rubio,Female,1989-10-01,001-831-793-1491x905,huntermatthew@example.com,65726 Jessica Run Suite 987,61432,2023-08-16T00:46:44
c4b032cc-d7c5-44a5-9304-317faf42e12f,Margaret,Vargas,Female,1979-08-19,714.273.7996,lrosales@example.com,4549 Peters Path,25543,2022-02-18T09:16:03
ce177b4e-0837-48a3-9261-a7ab3aa2e4f9,John,Russell,Male,2011-04-29,001-937-777-0143x63495,jbarajas@example.com,744 Hall Stravenue Apt. 518,90962,2022-07-23T00:16:17
e9c349e0-3602-48ac-90f1-bc81448aaa9e,James,Rodgers,Female,1973-05-25,001-498-694-1343x5240,mccannangela@example.net,710 Harrison Mill,45158,2022-07-21T18:57:38
366eb16f-508e-4ad7-b7c9-3acfe059a0ee,Tammy,King,Female,2000-10-14,616-371-9022,davidduran@example.net,677 Dalton Meadow,40527,2024-03-09T17:25:41
a491f0b2-ea1f-4a65-a27a-984d654821d0,Christine,Lynch,Male,1949-04-09,001-933-641-2328x12067,halljasmine@example.net,34936 Amy Rue Apt. 421,08317,2022-06-23T03:26:05
beb79919-3f22-4af8-a3be-d01d43cf2fde,Laura,Larson,Female,2013-03-27,271-874-6488x7719,cassandra01@example.org,490 Thomas Run,58464,2025-08-31T11:03:14
6dadd6c7-95a7-4d79-bf3c-4c06434308bc,Joshua,Shea,Female,1995-02-02,+1-671-875-6551x2567,gibsonleonard@example.com,8087 Brown Path,47920,2024-06-01T14:51:29
ff50bde4-3825-47b8-9cab-cc97663f1c97,Katherine,Garrett,Unknown,1942-10-16,548.424.7710,andrea86@example.org,71274 Perry Orchard,62395,2022-10-22T00:19:54
c17af08a-1745-46d8-be57-0ddf827050a8,Stephen,Thomas,Male,1961-09-16,+1-982-414-6584x044,wryan@example.com,5339 Hall Trail Suite 057,92936,2025-08-27T08:31:47
28f49481-a0a0-4dc4-a720-9bdf1c11f735,Lisa,Hughes,Female,2026-02-04,+1-227-402-8951x7187,jpitts@example.org,5961 Phelps Walks Suite 578,05206,2024-05-24T13:56:32
62801c45-1043-4a10-98ae-43346c12ace8,Casey,Welch,Male,1974-11-17,216.711.7240,carternicholas@example.org,692 Gregory Ridge,50641,2024-05-28T01:51:43
405cacec-8774-49a9-b7d2-1e02ff01cf99,Felicia,Jimenez,Other,2015-02-18,(437)347-4074,llandry@example.com,474 Yvonne Walk Suite 136,75464,2023-04-19T00:21:08
ae270da7-02f0-4b90-b143-262fdc5c0eed,Bailey,Haney,Female,1975-12-13,5647090974,danaoliver@example.net,104 Johnson Lakes,96492,2022-04-30T12:46:20
c0398710-8976-4334-a281-7efdae849217,Christopher,Phillips,Male,1992-04-25,(632)985-8842,julie51@example.com,36851 Smith Plain,16700,2023-09-14T21:02:13
4b22d308-1c8e-4ee9-9715-bd6fa4161293,Miguel,Curry,Male,1971-06-13,001-765-513-7098,reidsteven@example.net,612 Sophia Hollow Suite 113,70958,2022-05-07T03:18:26
b8db0672-f42d-47cc-80d4-af5974273ca3,Paul,Watson,Female,2009-04-15,(592)761-7964x05377,pollardmichael@example.net,64317 Elizabeth Row Apt. 053,17006,2025-02-11T22:03:18
c30ff46e-8026-495f-b8cd-a88b436d76e2,Anne,Jones,Male,2011-03-12,493.435.2904,lauren10@example.org,3950 Joseph Crossroad,97719,2023-07-24T07:55:55
a013ac6e-deda-4e16-9b3d-bd5ce9a1fa6f,Alicia,Reese,Male,2000-08-01,958.291.7839x084,lutzmelanie@example.com,7115 Cameron Harbor,82331,2024-06-17T20:11:45
32ebd689-9be5-48c7-81f6-31d4a39231a7,Brenda,Joseph,Male,1987-08-10,+1-984-578-9611x836,dmorgan@example.com,156 Ortega Landing Apt. 711,11689,2022-03-02T05:15:18
f4188f3f-8a14-4e62-a95b-4715c333e861,Ryan,Garner,Female,1986-06-26,(780)898-8516,schmittcaroline@example.com,832 Walker Coves,46391,2025-05-13T15:11:25
99546eb4-0025-4ad1-ab22-63dd87c5421e,Angela,Wilson,Male,1973-09-05,001-636-289-9809,joshuafarmer@example.com,22961 Joyce Burgs Apt. 836,55529,2023-09-13T02:31:33
5cec4eb5-edd9-4831-9ca3-5cfb04fc6d82,Matthew,Wood,Female,1979-12-01,001-999-810-2290x14767,jason81@example.com,49784 Jeffrey Rapid Apt. 034,28187,2025-01-12T10:14:56
3d4cbf37-4eb9-4eff-8e88-cb2dd4e80839,Derrick,Scott,Male,1980-06-04,707-362-2683,chensley@example.com,1596 Mckinney Mall,38448,2022-04-05T07:21:34
14296c07-f26b-4776-913e-4de2e0c53cb8,Richard,Burch,Male,1959-02-27,+1-875-616-1369x681,jeffrey21@example.net,835 Luna Viaduct,85100,2025-03-27T12:10:01
fa5d3100-11b7-4948-90e6-e6607c69dee1,Dylan,Garcia,Female,1970-08-09,929.721.2779,edward17@example.com,9058 Lance Mission Apt. 054,10558,2024-07-05T20:17:34
a8e56e0c-20de-435d-a031-d750c40db9b4,Michelle,Wyatt,Male,2019-06-21,+1-986-479-8079x359,hayeslisa@example.com,203 Ritter Pine,69018,2024-05-12T16:34:42
8715a103-43da-4043-aa45-c2ab8cbfedb0,Erik,Watson,Female,1974-04-08,(465)790-5151x8644,aguilardonald@example.com,629 Kyle Lane Suite 281,85176,2024-08-14T21:47:52
edcd465e-3638-4821-b6e0-7cc06c52c49f,Rodney,Cox,Female,1985-02-11,223-757-3322x1418,carlamoore@example.org,706 Rhodes Freeway,58723,2024-05-13T22:01:56
b683d2e6-337e-42df-b09b-2a5cbadcc32a,Justin,Goodman,Male,1996-11-12,983.647.3597,ashaw@example.org,240 Sawyer Plaza,13947,2024-10-17T12:20:08
5f987c71-a65e-488e-abf3-ad39fec21bbe,Meghan,Rosales,Male,1974-07-25,924-778-2613,perryrandy@example.com,1530 Galvan Villages,94178,2024-07-14T01:40:32
3f76be1d-1efa-4197-b394-988f847fd9b4,Matthew,Thomas,Male,1940-12-24,872-377-9010x4328,john10@example.org,971 Mary Parks Apt. 893,94682,2022-05-19T10:19:03
8dcdcd03-969b-4662-8562-8059568cc69b,Kelly,Smith,Male,1983-10-14,296.821.8518,ywilliams@example.com,051 Allen Shoals Apt. 952,06312,2023-04-08T16:02:43
b535106e-122c-4a56-81d7-425638602ab6,Amy,Li,Female,1959-08-06,001-677-822-1704x30305,wking@example.net,5054 Lauren Mews,52932,2024-12-06T01:54:17
080aadfb-e7c9-4b26-9141-25c63a9bedd4,Scott,Huber,Female,1981-11-28,(877)458-4161,manuel15@example.net,7962 Bell Canyon Suite 964,84317,2025-02-18T21:49:01
474a493b-3ced-4f2d-839f-bc501223b513,Stacy,Jones,Female,2022-07-13,(758)820-2970x2135,jacobserika@example.com,1928 Sanders Run Suite 310,96927,2022-07-24T09:45:32
b92da22b-21df-406f-8a0b-3c3336d8393a,Victor,Hughes,Female,2012-03-17,344-473-9473,hayesrachel@example.com,551 Vance Vista,21145,2024-10-18T03:33:06
3e351128-7900-47f9-9382-9b43922fe15a,Jenna,Graves,Female,1959-06-18,(783)913-2370x589,cherylmiller@example.com,786 Morrow Cliffs Apt. 517,61558,2024-08-29T21:41:09
1825bc54-30be-445f-a835-14f2ceb81f9d,Zachary,Anderson,Male,2010-10-19,+1-792-526-8018x2422,stacey84@example.org,84249 Wayne Extension Apt. 299,44753,2025-05-09T05:10:48
693dffbc-6c6f-4611-9ab3-3edf6e595ed3,Sandra,Williams,Male,1939-08-18,909-643-9690,timothy64@example.com,027 Washington Ford,45090,2024-05-07T19:19:08
a748dbcf-ac61-4e63-8dde-29a6baa4b71a,Douglas,Hensley,Unknown,1979-03-24,001-956-525-8815x3714,colinroberts@example.com,25953 Tyrone Passage Suite 747,03538,2022-02-25T06:39:30
ba6c34ab-6712-403a-8f84-4fef1931e9ee,Sierra,Wagner,Male,1968-07-12,695.200.4797,jordannicole@example.net,5060 Michael Heights Apt. 687,72571,2022-12-16T22:07:39
310c0c00-3fa7-4104-9bf9-0e27dc96925e,Marcia,Hanson,Male,2018-12-06,521-865-5852,williamsderrick@example.com,729 Mark Ridge Suite 269,97405,2025-05-09T07:51:42
2ef91276-6c00-4f61-a3e2-fcb472d8567d,Kevin,Rogers,Male,2005-02-20,+1-879-647-0551,carlsonjoseph@example.net,097 Alexandria Stravenue,81731,2025-01-23T16:47:40
134c6c92-ec5b-427c-9fde-4fbf3ff350bf,Maureen,Hernandez,Male,1968-09-23,8915307562,nshaw@example.com,283 Bolton Neck,69376,2023-05-16T18:25:51
19108be5-8ce2-4ea3-9b20-a56edc815fe7,Lee,Thompson,Male,2008-04-28,585-949-7334x84344,timothy84@example.com,866 Blevins Unions,19699,2023-01-02T14:14:41
03c72ba8-d605-4770-8a63-f881ffd0f9d5,Bobby,Moses,Other,1946-07-10,(574)573-3848x421,santiagoamanda@example.net,16571 Adam Plaza,21202,2023-07-02T11:59:39
3c835dc0-d944-4fa5-80e9-ab30ed2662e9,Denise,Gilmore,Male,2000-07-05,434.254.0193x8026,lfrench@example.net,04991 Mitchell Row Suite 287,36262,2022-08-03T21:54:53
dd59ba71-36b8-4481-bb3a-4e3e7c52fa17,Lisa,Rivera,Male,1998-03-23,+1-742-305-4932x9668,lcaldwell@example.org,3046 Sean Grove Suite 499,01999,2022-11-18T16:47:35
008d4127-6104-41e3-aa25-a8880f02bad0,Desiree,Schwartz,Unknown,1944-03-22,+1-417-942-6841x45933,spencerzhang@example.com,878 Kathleen Springs Apt. 878,92745,2023-04-23T09:42:09
c8fe3ccd-c8b8-49c6-ad30-49cf43e458fc,Christian,Elliott,Male,1944-03-04,+1-983-398-2258,jenniferburns@example.net,72867 Angelica Spring Suite 064,00896,2024-12-09T22:59:29
bb026576-f512-44c3-b253-d2186c4a37ea,Jeffery,Jones,Unknown,1993-06-07,(718)801-7046x226,ykane@example.com,825 Gregory Plain,52019,2024-01-07T22:03:50
7c967f79-b7e9-4aca-a970-65e18e46d534,David,Irwin,Male,1936-03-28,001-504-378-6863x37524,pachecorobert@example.org,11907 John Cape,53226,2023-08-21T07:06:17
0ef8c2d6-f7fd-4646-b7bb-3eec4bf50b52,Jimmy,Robinson,Female,1943-06-13,(584)639-5995,valerieboyd@example.com,0892 Peters Causeway Suite 685,91767,2023-07-17T03:05:32
504867ba-bf7b-439b-8f9a-ea4b8acd4e10,Ricky,Evans,Male,1960-10-16,001-487-833-4270x86688,jonathanrivera@example.org,1830 Bennett Rapids Apt. 139,95437,2024-08-16T10:52:29
eb5cf467-80ba-4d64-ba0e-cfea958ca9ba,Angelica,Mendoza,Female,1981-01-30,603-831-7393x6385,wferguson@example.com,8771 Gill Island Apt. 556,06493,2024-02-29T05:49:36
82010c62-f5f5-4b22-8e8f-a8e0284d82e5,Michelle,Figueroa,Male,1937-12-22,589-996-4235x369,jonathan77@example.com,522 White Plains,84624,2022-01-07T15:04:28
1165e210-9854-4881-918a-9d292f923996,Alexandria,Combs,Female,1945-11-18,+1-900-962-3120x38750,smithandrea@example.org,484 Wayne Square,88847,2023-08-08T06:19:03
f10c718b-1eb0-438a-a75d-d5af3c365296,Linda,Browning,Female,1950-05-01,682-833-9845,watsonrichard@example.net,341 Clayton Light,49937,2024-02-13T23:35:17
0a2c827e-9832-4856-9434-0a033f07f814,Thomas,Walsh,Female,1959-02-03,576-959-1803,brandon14@example.net,50392 Hickman Hills,21793,2024-03-02T11:16:14
90b2b633-956b-4c0c-a849-9b926b5252e3,John,Davenport,Female,1988-09-24,+1-885-762-1850x16315,walterskristen@example.com,58662 Miller River Suite 311,35624,2022-06-04T23:09:33
ab73295b-344a-44b8-82c1-8a62ef48e8d5,Norman,Bowers,Female,1956-10-06,001-365-451-1047x5412,jcole@example.net,01581 Shields Bridge Suite 661,95507,2025-08-08T06:10:18
21813d25-6552-48a6-83ff-50113d1a85dd,Anita,Haney,Female,1968-10-20,001-982-462-2444,jacksonjoshua@example.com,54379 Stephen Dale Suite 065,81790,2023-05-21T12:42:32
edd4253b-50f0-4d0a-b50c-ab754ccc9bc2,Linda,Rivera,Female,1981-04-28,(592)745-9375x26547,yramirez@example.com,93982 Stephanie Mountain Apt. 741,54128,2024-08-18T19:48:37
9f044aed-7552-4327-8262-7f7312922f83,Victor,Schultz,Unknown,1968-09-14,826-261-7979x688,jacqueline89@example.net,35290 Rasmussen Isle,56921,2022-03-21T23:17:03
89a2688b-12c1-46e0-9998-5f15ff002d4d,Alex,Green,Male,2005-04-08,001-788-299-3756x7982,agarcia@example.org,254 Gibson Ford,68804,2023-10-28T14:10:16
5958a499-eeea-463e-a1e8-ac6843e42caf,Michael,Davis,Female,1997-05-06,714-801-0512x38282,zhall@example.net,66093 Vargas Loaf,01084,2024-10-07T03:49:59
48f4ef12-5e99-43d2-be89-6c64e117dac3,Jason,Ramirez,Male,1944-04-13,001-618-925-5371,candice96@example.net,5792 Sellers Ramp,11609,2024-08-17T11:27:54
4d71c366-b41b-4143-8b10-550cd5704f32,Dennis,Wilson,Female,1977-04-30,825-828-6692,tommymedina@example.net,274 Jacob Ville,59614,2024-05-27T14:39:46
8768a84f-a76a-4de6-8e9e-1a11fcbb4e59,Brian,Howard,Male,1937-01-26,323.268.8767x6772,kellyhill@example.net,79788 Ashley Grove Suite 807,72112,2022-09-12T21:13:07
ee87905e-4ca4-45ea-8dfa-6a56d12dbc9a,Veronica,Garcia,Female,2024-09-24,001-834-407-4517x13395,kristenli@example.org,498 Mario Squares Suite 494,67926,2025-08-06T17:36:23
43b409ef-2260-470f-a0cc-edc5f05db76e,Erin,Davis,Male,1991-10-14,9424232536,courtney67@example.org,8457 Murphy Alley,96540,2022-03-02T01:57:27
27cb6f2a-8da0-4097-be0f-051b1b66b5a9,Jessica,Ellis,Male,2026-02-26,001-751-486-3637x454,rkramer@example.org,70127 Smith Meadow,27019,2024-09-12T01:57:03
57c700aa-b7b5-4ea7-b5eb-d32d9ad620ab,Regina,Khan,Male,1976-11-06,(841)654-1520,rubendavis@example.org,71293 Smith Square,45533,2025-03-30T17:25:03
81627cf1-4394-42e6-9a58-7e8aa25d6b29,David,Dalton,Female,1953-10-03,413.361.1155x4262,bishopfrank@example.com,269 Heath Corners,13669,2022-05-13T21:27:11
0d01280f-d89a-40c0-a87d-1c78e7c421c7,Karen,Lawrence,Male,1988-01-13,(665)223-4138x999,jamie98@example.org,0376 John Route Apt. 805,41981,2022-05-01T10:03:48
0b49452d-46d4-43f3-9450-281c6c6f7633,Paul,Combs,Male,1993-01-17,(282)871-0910x430,courtney86@example.com,88924 Kyle Pass Apt. 285,51714,2024-04-06T09:20:49
fad409e2-a319-4cb4-a17d-65a0c56811cd,Cynthia,Davenport,Male,2023-04-20,946-230-3161,elizabeth21@example.org,027 Mills Tunnel,94973,2022-11-15T02:48:44
b4a69f3c-8d3a-4d99-b11c-21c9bdc14f1f,Gary,Martinez,Male,1972-05-06,001-710-256-4814x9177,kvillarreal@example.com,1913 Bradley Wall,02111,2022-10-23T06:55:26
f1eedba3-1343-4e61-9ca3-c4480279b6a6,Brandon,Cox,Female,1956-03-11,(608)363-5365,david02@example.org,1744 Miller Motorway,01545,2023-05-04T11:41:44
093923de-8bab-4e3b-a628-6bfbe767dcea,James,Elliott,Female,1977-02-16,001-293-575-9738x3206,cynthia05@example.org,413 Robert Circle Apt. 410,30840,2025-08-02T06:41:11
6e068097-25e9-4977-8d72-48e2951f58d0,Megan,Gutierrez,Male,1986-06-18,419.518.2619x906,jose56@example.net,7431 Derek Trail Apt. 212,59426,2023-10-02T09:10:44
eededb07-e623-4689-9d59-cd2a4eea04e7,Lee,Martinez,Female,1984-07-12,001-437-347-4112x49035,tanyafoster@example.org,2067 Cody Cove Apt. 100,29636,2022-04-29T10:48:08
5b9962c6-e61f-4cc0-8a36-8ce7dc570131,James,Morales,Male,2021-07-20,+1-319-294-1013x7215,kwilliams@example.com,0662 Lewis Ferry Suite 472,05042,2024-05-19T08:56:15
5a8aaeca-1a50-4ec3-aabc-25fa3fe12e47,Christine,Sanchez,Female,1975-12-06,268.870.1462x6383,timothy75@example.net,4205 Anthony Valleys Suite 078,47350,2025-01-11T15:19:59
f94d6204-6808-493f-9fed-2c43e256a6dc,Brandy,Hall,Female,1957-06-28,733-448-0396,joelstewart@example.net,059 Anna Field Suite 842,64783,2021-12-06T08:46:33
3c9ad14c-ee0c-4eb5-acfe-db992790cebd,Christopher,Hall,Female,1965-07-19,4877059325,johnsonbrenda@example.org,515 Willis Junction,40053,2023-02-21T12:54:15
2d534dd0-cf8e-4c5a-8cc5-6569f9e8a369,Derek,Moore,Female,1995-03-23,+1-475-428-9539x2644,rushstacy@example.com,95939 Sharon Divide,43907,2024-12-09T05:47:54
ecab3301-bc8f-4d29-adea-94930658663a,Christian,Reed,Male,1979-04-03,(715)670-4331,lebrandon@example.com,67658 Garcia Neck Apt. 271,04880,2023-01-09T12:22:30
ab7f089a-cd5f-4822-a966-08aaee49f329,Andrew,Green,Female,1950-01-07,952-262-1815,kdunlap@example.net,01533 Terry Stravenue Suite 443,13072,2021-12-24T11:55:42
28c13091-444d-410b-bf87-e362cf8d446a,Philip,Dunn,Female,2002-08-02,(505)306-1497,clarkdanielle@example.org,46774 Darlene Loaf Apt. 565,24956,2023-08-31T21:05:30
09e9db0a-df46-4290-a1ee-411a1bac27a7,Bradley,Gonzales,Female,1971-08-13,849.502.1158,randallloretta@example.com,374 Ralph Walk Apt. 898,75406,2024-08-25T21:42:58
eb1fa9f2-d10b-41d0-b317-347038f16a81,Tonya,Hernandez,Male,1996-11-17,(523)432-0616,luis11@example.com,548 Stark Bridge Suite 162,19925,2024-03-06T13:32:15
df0f06cb-cb9b-4326-920e-ac174e20fd1a,Brianna,Chang,Male,1949-05-28,991-948-5646,jacksonrichard@example.net,65307 Prince Brooks Suite 444,64938,2025-06-02T14:41:48
6601ddd0-3170-4437-a8f7-ef5a060edf5b,Heather,Garcia,Male,1966-10-16,(947)554-6913,wfigueroa@example.net,82148 Taylor Vista Apt. 233,08054,2022-10-30T23:03:22
c5f8bc16-f786-4b50-91c5-8ef0dd463c09,Antonio,Williams,Male,1984-10-24,001-934-457-8610x357,wmatthews@example.com,1406 Frank Ports,28592,2025-05-31T20:48:22
adf4e62d-6651-429e-8268-690ba43825b5,Jeffrey,Perez,Unknown,1963-11-26,668-600-7229x034,wwoodard@example.com,74896 Adrian Shore Suite 899,37552,2023-01-15T01:22:26
0710d430-f071-4879-94c6-3cd889456f27,Gabrielle,Olson,Male,1981-07-14,754-444-3283x096,rioswhitney@example.com,6099 Matthew Station Apt. 875,66995,2023-01-17T17:27:33
94a1875d-2db6-4edb-82de-ffccf86c2ca2,Megan,Pittman,Other,2011-09-29,(341)572-4825,jeffrey46@example.com,9471 Brown Roads Apt. 738,16205,2025-06-17T00:02:43
98b8e4cc-1bc0-44fc-89cb-394243f59a85,Erin,Moreno,Male,1991-12-28,7224356972,freemancrystal@example.org,007 Clark Trail Apt. 927,12040,2022-04-27T09:59:19
6fb78271-504d-481f-8953-5b63ba81edd9,Christina,Schultz,Female,1990-09-01,(576)500-8350x58300,larry16@example.net,10447 Hamilton Spur Apt. 575,98820,2022-07-28T02:25:00
e645f129-629c-4ae3-9d9a-f65982ec9f2d,Frederick,Meadows,Female,1990-09-01,3337230982,brooksdanielle@example.net,010 Hannah Mall,58738,2023-05-22T02:16:22
6fa17735-b572-43d0-8b5c-ea6a41357e8c,David,King,Male,1956-08-09,404.861.8499,huntchristine@example.com,73934 Michael Lodge,39213,2022-06-14T12:32:46
afd5dea5-89d7-4d6c-8e77-7f00ecf27e76,Benjamin,Crawford,Female,1964-01-13,001-375-330-0119x721,dawn74@example.com,12045 Simmons Crescent Apt. 002,87448,2024-07-09T18:41:55
3270e4fa-abae-4f43-bcae-8081bdf070aa,George,Howard,Male,1995-05-04,+1-941-855-2166x746,danielhorton@example.org,69797 Cheryl Tunnel,47503,2024-05-15T02:28:44
ebb7a385-aa0b-4b14-b2e9-702d11e9cdaa,Anthony,Cohen,Male,1953-07-19,571.767.0145x0899,reynoldsjessica@example.com,628 Alexander Estate Suite 721,98992,2023-11-11T03:20:58
1fe771d6-d917-4793-a9d3-c2e6505cc686,Malik,Rivera,Female,1973-08-16,9839866317,gatessergio@example.org,016 Johnson Plaza Apt. 199,84064,2023-01-24T13:37:11
aab97e49-4f2d-4796-81d2-c7de4ce1eb90,Pamela,Hart,Male,2024-11-09,+1-375-350-3758x99757,aaronkelly@example.net,851 Penny Park Apt. 614,80566,2022-08-08T17:52:00
8dedf9fb-4bb0-4f20-b27c-40266703b636,Jacob,Conrad,Male,1989-03-28,973.951.6091,tamarasmith@example.net,697 Heather Extensions,96248,2025-03-27T19:53:24
610faa3f-f0bb-4c67-aa38-d0a16ba25efe,David,Hughes,Female,2017-07-02,+1-458-466-9346x547,vmorrison@example.net,858 James Road Suite 522,66547,2024-01-29T02:55:59
91b0e1d9-9d92-42af-ac8d-0e44e71e43a6,Heather,Morris,Male,1951-06-22,001-858-479-9684x60810,santiagojames@example.org,420 Harris Plains Apt. 571,81255,2025-06-17T20:05:21
4dcabfb7-001a-4a8b-956f-03508c459ce2,Emma,Hoffman,Male,1966-04-18,001-286-638-4066x6580,christinenorman@example.com,598 Kimberly Fields,39059,2023-09-05T14:25:05
9b4e2c24-9479-41e6-8927-7d9b6e0d2648,Gregory,Fleming,Female,1961-03-19,(481)460-6484,adam72@example.org,9094 Tyler Plaza,47435,2022-01-29T14:34:40
acf5e81e-7131-4269-b118-e36477097749,Kristen,Stewart,Male,1965-09-14,(381)782-6886,nicolealvarado@example.com,3987 Danny Key Suite 399,32459,2021-12-09T08:06:59
f5b78cc7-e6b3-4944-8b32-3e357922bac2,Felicia,Flores,Female,1951-03-13,(548)740-8588x7704,vaughangary@example.net,133 Houston Ford,70985,2025-04-17T19:22:29
48a639d0-15b5-4908-a8aa-71582b70e525,Jacqueline,Cherry,Female,1995-01-01,+1-312-507-5011x0248,rickey76@example.com,61809 Katelyn Prairie Apt. 158,14412,2023-01-01T15:16:35
17e8392a-55ce-45db-9e87-e04ca2086977,Kristin,Turner,Female,1947-07-17,476-660-7283x2684,susan08@example.net,00996 Kevin Summit,97681,2025-08-12T00:02:07
4f77a665-ac3c-4640-bc20-592fc04a96c4,Jessica,Lewis,Male,2023-09-05,322.623.9431x29087,kingjames@example.net,5231 Harvey Fields Suite 775,81286,2024-07-28T18:25:42
0bd4a990-0640-4e0f-a5b8-fd4b32fa2de8,Kevin,Silva,Male,2012-09-26,001-855-662-0533,dennis57@example.com,4781 Debbie Common Suite 283,35003,2024-11-20T21:54:37
c4bbb7a9-d988-48dd-9c7c-737779a28903,Olivia,Jones,Male,1946-01-11,6809996930,michaelwalker@example.net,78816 Shaw Shore Apt. 928,18899,2023-09-01T13:41:20
935f2b0a-a138-4ddc-a2d9-de5d6a18ce4c,Erik,Knight,Male,2012-10-09,+1-727-850-3731x45303,chardin@example.org,84498 Nicholas Lane Suite 918,33476,2023-05-15T23:56:19
664fa663-7e8f-4095-a24c-69b6b24445a7,Teresa,Walker,Male,1991-01-01,(657)579-0827x231,jacobcox@example.net,365 Timothy Neck,63287,2022-08-31T16:59:51
e4855aa1-016b-4287-b008-05cca7f36ae9,Brittany,Holland,Female,1991-09-09,2304299228,jacksonsandra@example.net,904 Jay Rest Suite 723,54341,2024-04-28T18:16:33
c7468f59-1b49-4e15-a2ad-d909c521bf2d,Douglas,Aguilar,Male,1960-07-09,+1-484-325-7991x366,harrismichele@example.net,91279 Natalie Place Apt. 172,79599,2024-01-24T03:25:25
b227462c-f53d-4330-8dda-24ba2d06e8cf,Maria,Prince,Female,2024-02-16,(886)450-8637x65991,thomas31@example.com,3009 April Lane Apt. 565,14471,2022-06-05T19:56:55
eadf5085-3fcb-4546-8eb2-25790cdb1ca4,Ronald,Richards,Female,1971-05-01,+1-969-459-4636,angie74@example.com,621 Sean Squares Apt. 138,53003,2025-02-10T12:36:48
76f2dbfe-cd29-436f-a222-82e174daaebf,Matthew,Pierce,Female,1942-11-07,(360)612-7961,nathanlynch@example.net,9849 Sonya Viaduct Apt. 770,26939,2025-05-21T16:50:41
513a7052-986f-4025-8f15-ba58fce68504,Diane,Lara,Female,1974-09-10,709.588.3920,cantrellchristopher@example.com,6693 Jillian Cliff Apt. 848,76907,2023-04-02T03:18:59
d0a44432-9cd6-4852-b14c-7df4e4347d51,Michael,Ochoa,Female,1966-07-26,+1-337-669-0426x818,stacey84@example.net,769 Carrillo Throughway Suite 779,04085,2023-10-27T02:32:06
e827a1b9-d4a0-4e53-ad3e-e1dc81392443,Darren,Jones,Female,2022-01-03,535.665.8804,rosskaitlyn@example.com,275 Robinson Ports,35769,2022-07-19T08:04:59
dc8aee30-be60-43f7-a8be-9288e5af6e39,Stacey,Vega,Male,1961-08-25,333.334.3333x9521,waustin@example.net,5957 Henry Track,67496,2022-12-17T18:28:55
d701410d-3f4b-4a70-8074-718e425a609f,Raymond,Christensen,Female,1953-03-22,4869780856,wolfesteve@example.net,36915 Salazar Green,25031,2024-02-07T13:18:39
7c0e8cd8-8573-4793-8715-b2b9c40c5d91,Jose,Adams,Female,2019-03-17,452-576-3655x64729,lelinda@example.net,3227 Gregory Parks Apt. 885,64283,2023-01-17T11:28:12
b6aae05b-13d5-42f7-b09b-7d97464c04af,John,Garrison,Male,1942-04-05,(612)703-4717x5455,jenkinsmichael@example.net,982 Kelly Spring,67405,2023-11-04T16:28:08
e49d681d-51d8-4c64-95fa-1ab8458f1f19,Kim,Griffin,Female,1946-06-09,(494)772-2569x9611,lawrencedelgado@example.net,647 Adkins Pike Suite 622,03528,2022-04-20T15:12:38
620e99d3-3b33-43d8-a69c-d696236c7b87,Jessica,Stanley,Female,1946-08-31,226.811.1780,garciachristine@example.org,3347 David Villages Apt. 005,43125,2025-06-11T22:37:48
6a34c854-1071-4d51-b6c5-9dacb4d7e28e,Thomas,Proctor,Male,2009-05-04,687-728-2997x968,zfernandez@example.org,5642 Smith Pike Apt. 547,70637,2021-10-21T07:28:09
0ff0a55c-6a70-4e2f-b746-d0ba8ae8905b,Gwendolyn,Vasquez,Male,2000-09-11,806-549-3085x3686,jenniferbrewer@example.com,1638 Mitchell Summit,70223,2025-03-17T19:57:25
c51155ff-e7a3-4e81-a3b4-c08b6b8e869f,Joseph,Lopez,Female,1945-01-31,(924)517-9749,andrew08@example.org,44270 Christopher Bridge,65195,2022-09-10T18:44:37
e172b725-db52-4a58-8500-0bc6b20dcb6e,Matthew,Collins,Female,2003-08-07,(470)551-2046x187,lisa01@example.net,7303 Moss Court,68807,2024-08-07T23:57:30
f1578470-0182-47c4-ba1b-58066160a6b4,Tina,Kennedy,Male,1978-03-31,520-888-1474x35031,alexis49@example.org,00979 Nathan Corners Apt. 271,90409,2024-05-26T10:08:13
e4429ebb-da7b-4095-a3d6-2a39c0e3befd,Matthew,Booker,Female,2020-11-05,7057281273,bquinn@example.net,2407 Hansen Plains Suite 392,71754,2023-04-01T11:15:49
bc10fa52-bf5d-4fdf-89c8-d2ab6b44fa8d,Mario,Mcdonald,Female,2017-03-31,+1-721-982-7448,parsonswilliam@example.net,95935 Dominique Plain,51290,2022-07-30T08:13:52
7cfc9b79-3875-494c-a5d6-f6e69a6ec2f5,Alexandria,Jimenez,Male,2010-10-27,(394)256-5118,gregoryjohnson@example.org,10967 Williams Forges Apt. 037,10981,2023-10-05T11:53:40
638c254c-076e-4bba-bc53-08bf6f92f25e,Laurie,Brown,Male,2011-09-18,001-365-309-4801x4138,amandalopez@example.net,288 Reese Trafficway,84206,2024-03-22T01:14:10
b963f37f-6781-4c1f-8c53-0e36addc3e13,Michael,Ellis,Male,2026-04-22,(712)728-6852x89755,bduran@example.net,398 Nicholas Plaza Suite 577,52548,2021-10-08T16:40:42
fb10987f-20ac-4703-ab67-146a77a6e17c,Jessica,Bird,Female,2016-11-06,2826404335,clintonstevens@example.org,5933 Shepherd Course,75275,2023-06-21T10:56:38
978648f8-64de-42e6-a82c-7d7b06e745f9,Ashley,Robinson,Female,1946-04-10,001-257-727-9194x0961,nichole66@example.org,906 Kevin Canyon,42354,2024-01-25T03:25:27
6db99102-a48b-4dbe-957d-94a106f028ff,Annette,Murphy,Male,1965-10-25,(806)679-9813,vhernandez@example.org,086 Miller Parkway Suite 227,73809,2022-08-12T03:24:22
42999aa4-0cdf-442b-ae85-cb217631de9d,Tony,Pearson,Male,1962-06-16,+1-398-333-1465,whenderson@example.org,9042 Jensen Unions Suite 927,06383,2025-09-13T02:33:02
56666f9f-53ac-4ab9-b467-2cd9362f5e5c,Lisa,Gonzalez,Female,1986-08-23,(711)303-9240,shannon05@example.org,88487 Heather Skyway,02911,2023-05-16T10:17:57
f3821cfd-c083-473a-873b-d358610e6a64,Brandy,Alvarado,Female,1941-09-07,620-743-9407x016,smithmichelle@example.net,68157 Jacob Parkway Suite 800,32927,2025-09-10T02:06:25
78660765-14f7-4e8d-95bc-b8d04094dded,Alyssa,Cook,Male,1989-04-23,001-220-655-5438x4046,edwardprince@example.net,68936 Ashley Meadow,41445,2025-08-21T14:46:43
f3b1025b-fff9-4585-8d55-7b618a175dfe,Catherine,Cole,Male,1953-09-13,829.483.2482,lonniegrant@example.net,52056 Turner Summit,83973,2025-09-27T03:28:04
f510ab53-c7fe-439f-9190-f938a66fd7f7,Joanna,Hernandez,Female,1961-05-06,522-509-9499,gracehoward@example.net,89752 Henry Dam Apt. 330,54055,2025-01-08T01:27:33
3f4df561-f319-4125-87f1-94f9c1156d6d,Tanya,Schaefer,Male,1991-12-25,933.512.7975,csullivan@example.net,569 Abigail Mission Suite 038,71000,2023-06-14T22:50:21
3d114802-2702-478b-9f0f-da8d05379ff6,Tonya,Williams,Male,1988-06-28,403.947.6447x26490,gdavis@example.org,826 Morris Burg,23946,2023-09-13T03:49:43
f2a03459-9060-4f62-9d48-a071ab61a7b1,Brittany,Marquez,Male,1963-04-02,814.452.1117x518,cpierce@example.org,222 Kayla Center Suite 447,38352,2024-06-07T13:14:24
5e6fea07-c453-4f1d-8199-2fdfb31022f0,Henry,Roach,Male,1963-05-17,9945077780,briannaalvarez@example.com,99038 Harvey Point Apt. 022,07718,2024-07-19T05:18:44
b7e6427c-bf78-4e3f-b6b7-51f79b749245,Michael,Thomas,Male,1940-03-07,+1-499-945-1016x22499,sarah14@example.com,1681 Ruiz Crossing Suite 586,69267,2022-08-30T08:59:14
4fa03f26-f6f7-40cc-a9ec-8e49d1bdb8c0,Heather,Salazar,Male,1950-08-23,001-681-779-4695,christinacrawford@example.net,2934 Aaron Burg Suite 139,54847,2023-07-13T13:57:27
93676a02-4fdc-4e1b-adcb-8cb60692dc63,Brandon,Bailey,Female,2022-07-13,703.244.1448,jenningsmatthew@example.net,35577 Debbie Orchard,20867,2024-06-08T17:06:50
f1043785-658b-4523-a014-1de9f54ad0a2,Steven,Grimes,Female,1981-05-17,760.784.9588x039,montesjuan@example.org,8299 Lopez Crescent Suite 504,54747,2022-02-20T05:26:27
d4a057a7-b0cc-4b3b-9793-b9b413748146,Tyler,Young,Female,1997-04-09,938-442-1503x1780,matthewwebb@example.net,2182 Jenny Mount Suite 810,41261,2025-09-25T17:26:26
4d3485c5-c5c1-4eb4-b27b-3d901a16342c,Bradley,Charles,Female,1947-08-14,670-718-4094x35334,rlambert@example.org,1098 Jamie Keys,72507,2023-02-15T03:21:47
cbd58bf6-1efd-46e9-8e37-14af99b49350,Joseph,Harding,Unknown,1974-04-27,001-232-414-9587,ruizemma@example.org,16629 Jensen Inlet Suite 381,99557,2025-01-07T21:20:13
8861fe18-58e2-4888-8a83-81bec85aca46,Steven,Anderson,Male,1999-07-02,674-777-3329,qwhite@example.com,7017 Michael Mountain Apt. 459,75825,2022-04-24T06:58:39
a5c5650c-8186-4576-91a7-26095eddbbbf,William,Sullivan,Male,1950-04-30,981-848-7696x39382,petersonlisa@example.net,9583 Elaine Club Suite 199,61175,2023-02-25T20:21:34
7d7ddbed-d284-476c-ab88-f83dd97dc9cd,Angela,Short,Male,1959-09-29,261-491-9657x0132,shawncarter@example.net,35494 Robbins Key Apt. 909,67403,2023-06-28T06:57:24
e43e4288-a2b5-4498-9cb8-5aedf5f62c97,Melanie,Phelps,Female,1944-04-05,(880)708-5140x369,bsullivan@example.net,272 Angela Ville,47724,2025-05-05T05:27:49
2d174fc9-6f7c-45ea-a72a-6d8eb5122df8,Robert,Roberts,Female,1952-11-08,(401)802-7621,senglish@example.net,278 Arnold Mission Suite 532,56176,2024-05-04T13:30:35
9dac6e83-4524-4ea6-a684-6099f7294951,Adrian,Jimenez,Female,1967-12-27,001-384-968-9500x975,thomasjessica@example.com,189 John Roads Apt. 894,80853,2021-12-29T08:57:08
7701f7bb-7bc6-4e1f-864e-e6e389c5b31a,Rebecca,Nichols,Male,1937-03-27,678.679.5654x4209,sotobelinda@example.net,490 Washington Crossroad,66770,2022-02-04T19:01:03
52828d80-44b5-41f7-97ac-6aa8bb2488a3,Melissa,Ramirez,Female,1953-10-21,+1-444-640-1929x275,toddlloyd@example.org,29276 Young Mill Apt. 395,07621,2024-07-02T02:36:51
4767d76c-162f-4a24-af43-613cd4aac9a3,Joseph,Weiss,Female,1942-11-30,(876)974-7836,dustin60@example.com,5801 Blanchard Meadows Suite 544,13382,2022-11-09T01:17:46
91e1aa96-76f7-4255-801f-36bf3e6dd58b,Destiny,Myers,Female,1968-09-03,001-393-385-2580x0106,ubell@example.com,00910 Stephanie Route Apt. 119,17528,2023-05-15T10:07:53
7e8adee7-0758-4201-961e-16d16105716b,Diana,Yoder,Female,2012-10-22,(812)744-7174,fernando14@example.org,5044 Scott Overpass Apt. 962,85105,2023-11-11T18:36:38
5ad5cf06-364d-4c87-bcd0-129d2e8d0e87,Daniel,Fernandez,Female,1994-06-17,691.974.1011,mosleyeduardo@example.net,64256 Zachary Trail,64815,2023-10-21T03:42:53
989d9d4a-e15c-4666-8797-b2c957207246,Ryan,Anthony,Female,1945-04-22,+1-730-667-1985,pbrown@example.org,517 Holland Fall Apt. 634,91711,2023-06-06T09:32:35
8441aefd-0299-436a-8e48-522346b98991,Peggy,Mccoy,Female,1984-08-29,617.932.0309x3761,blevy@example.org,50613 Bentley Ways Apt. 931,05334,2024-11-23T21:18:39
680bac63-b856-4035-bdc9-829015eabb27,Donald,Valdez,Female,1999-11-25,+1-303-320-2041x792,crawfordlauren@example.org,65651 Marc Underpass,28449,2025-01-07T13:51:56
79e13cea-b0cb-461f-bd85-de89c2171429,Brandon,Thompson,Female,1944-05-15,542-262-5827,craigboone@example.net,07100 Sara Squares Suite 672,27522,2022-05-18T16:05:13
046a0df5-cafd-4613-b2bb-912d7da67785,Danielle,Mills,Male,1991-11-05,629.709.2791,psmith@example.org,195 Steven Road,86920,2022-08-27T16:14:23
3e493f43-b118-468d-a786-d50638ba8abc,Joshua,Lee,Male,1956-01-28,+1-977-222-0054x36459,yangsara@example.org,78113 Watkins Islands,55428,2022-08-13T03:22:26
8db06746-7927-4973-9e78-1fd794e0d3ba,Julie,Villanueva,Female,1967-01-29,001-215-831-3636x31797,javierlynch@example.org,2735 Harris Crossroad Apt. 904,18392,2022-03-29T23:50:19
8ce6424d-bef5-4fe6-bf23-3d5f6cedd15d,Melissa,Ellis,Male,1959-01-25,001-953-549-2929x83168,rhood@example.org,335 Riley Ramp Apt. 906,06297,2021-12-09T14:52:50
4e7ed827-455a-4762-b428-a656b3ee4d3b,Vickie,Quinn,Male,2004-05-22,3682671773,idodson@example.com,10742 Hodge Summit Apt. 772,92662,2023-06-30T02:18:54
50c7c006-314d-4441-b8a6-171f1ee34dc4,Jackson,Savage,Male,2021-01-27,501.365.8046x498,jill08@example.net,16579 Michael Extensions Apt. 832,44400,2022-10-14T02:15:25
b0ae8f08-c31e-4bbc-b36c-b62b892e6161,Amber,Banks,Male,2014-09-20,001-733-955-4864x015,hmason@example.com,9513 Miller Lock Apt. 411,22097,2022-12-11T01:16:33
46c8adfe-7bf4-4042-bd15-31c83764fbda,Daniel,Hernandez,Female,1956-04-01,880.946.8275,carterbryan@example.org,9557 Ellis Port Apt. 424,30225,2023-10-30T15:16:36
98c7472a-864e-4a13-829c-fc0cfa02eaec,Nathan,Roberts,Male,1942-03-17,(454)472-9284,evanwilson@example.com,4523 Elizabeth Key,19892,2023-05-10T16:39:41
4bd6cee6-31b1-4099-9527-21e719bc143e,Shane,Cantrell,Male,2008-05-24,610-967-2752x0885,tara92@example.net,1702 Kyle Locks Apt. 751,43278,2022-01-01T21:11:15
b540b30e-039f-4a25-8d61-68bd2defe193,Cathy,Lee,Female,2007-06-01,843.501.8718,mstewart@example.net,562 Wood Landing,02098,2022-12-24T13:55:11
0df56ac6-f96b-448a-8ba6-eab94639447b,Michael,Parker,Female,1996-05-29,+1-813-476-7426,thomaskevin@example.net,96106 Perry Point Suite 923,24881,2025-04-23T07:10:16
a34b6cf6-2053-4a42-b1af-db65b289f224,Patrick,Spencer,Female,1941-07-07,394-678-7300x2447,swhite@example.net,14719 Perkins Port,57657,2025-06-18T07:40:02
0323d342-df6a-4f93-9a43-2f0a7daa39f0,Jonathan,Jennings,Female,1952-01-16,(789)404-2902x572,nelsonrobert@example.com,4818 Katie Falls,12888,2024-04-25T12:52:06
5738811d-70c2-403f-ba8d-03aa782a65e0,Karen,Stephens,Male,1978-10-20,+1-944-851-8952x02845,samantha21@example.org,338 Robert Club,15779,2025-04-02T10:07:47
dc99e04c-f0e9-4b3b-80a2-6c600d270659,David,Smith,Male,1983-02-27,452-579-8524x0132,david21@example.com,07603 Antonio Shoals,67803,2024-04-16T20:35:44
7de31a51-6694-4343-90ba-58e3d2762bdc,Brian,Wilson,Male,1970-03-15,5144011939,anthony24@example.net,2893 Cory Prairie Apt. 833,37444,2022-07-02T05:33:49
26d794d3-0db9-4301-afbb-411aa1235a8c,Rachel,Medina,Male,1949-03-13,787.859.2712,olewis@example.com,1718 Tyler Lake,92871,2022-12-30T04:54:59
15ce6a66-4dc8-4a1e-b2f9-e5fa90164161,Angela,Williams,Unknown,1980-06-03,516.347.9473x8646,xcrosby@example.org,716 Mills Springs,11642,2022-04-11T14:08:54
6a8a616f-c3b2-40d0-8edd-dfcd1e52d770,Douglas,Morales,Female,2016-02-21,321-553-5396,rhardy@example.net,657 Archer Pass Suite 271,16516,2022-11-01T19:46:49
c693da11-39c6-41ca-9e50-aa42ca6dfda1,Tracy,Hall,Female,1954-02-01,7104170269,christy11@example.net,3477 Daniels Valleys Apt. 061,50784,2023-09-07T14:54:28
4c1f55ab-7156-49ee-a893-be3d7354ea6f,Leonard,Bennett,Female,1998-04-29,6028842762,kgallagher@example.net,889 Alvarez Walk Apt. 806,35024,2023-11-15T20:48:25
9191b363-4e2d-4645-adc7-cac7fd72b050,Brittany,Gray,Female,1983-10-11,001-345-800-9025x59056,victoria65@example.org,34911 Wilson Extension,03084,2024-01-22T19:01:07
19675f06-bd76-4e35-b5c9-b0479c10c572,Mark,Murray,Female,1993-04-07,001-886-840-7905,ashley71@example.net,7852 Cox Mews,26945,2023-11-19T09:05:15
43bfd931-3605-4f54-a021-c0ca3531968d,Cynthia,Dickson,Female,1946-01-07,+1-334-340-4963,joshua98@example.com,51484 Alvarado Island Apt. 664,82416,2023-12-17T23:44:33
8d4f5d27-2c7f-4b79-bd67-cde92834e4c0,Shawn,Hines,Male,1960-05-06,8822973748,michaelhernandez@example.org,6513 Adams Heights Apt. 493,53698,2022-10-13T20:41:29
b07aa066-7354-45ea-a894-9b8d00af5b3a,Daniel,Lee,Female,1969-03-11,677-486-6032x4204,stuarttodd@example.org,59416 Powers Course,52522,2025-05-04T23:47:19
49c13de7-3b42-46c5-885b-15fb4a8ff810,Jennifer,Taylor,Female,1951-01-01,001-581-389-8471,mark96@example.net,3212 Tara Mill,54027,2022-11-07T10:35:48
1238d630-743b-45a2-9c0f-2fcfb3f6fe0d,Michelle,Brown,Female,2008-05-15,(615)286-7342x575,skinnereileen@example.org,8645 Amanda Freeway,58487,2023-06-03T20:38:03
ca8f3653-c9af-48f8-83b9-da13ec856f37,Alan,Yu,Female,1970-07-18,913-843-2756x0417,jennifer12@example.net,156 Chavez Burgs Apt. 272,00904,2023-06-22T19:08:29
32a447b2-ef04-457d-8dcc-c33aa9434aa0,James,Torres,Male,2014-02-18,912-938-2965,jorgemcdaniel@example.com,16526 Duffy Ports Apt. 008,85318,2024-05-16T02:30:59
26242b40-a5cb-43a2-b98d-1ca68b6870b5,Courtney,Meadows,Female,1998-09-14,442.306.9694,george91@example.org,7133 Sophia Via Suite 476,17566,2023-08-09T09:44:04
0f44704f-1247-4a4e-a469-98e8d39e198b,Melissa,Greene,Male,1974-04-12,001-736-926-2044x3973,smithdean@example.com,366 Jones Point Apt. 053,62227,2025-08-19T06:31:28
d3016989-bfbb-417f-9854-ce4e4ebfa5c3,Michael,Obrien,Female,2017-03-09,001-200-448-9646x528,geoffrey75@example.com,58624 Lawrence Crossroad,65933,2025-06-23T11:57:15
77fc9703-1fd5-4423-b06c-5c5649e2623d,Teresa,Campbell,Female,1984-11-04,(244)594-8562x57287,brianwhite@example.com,76170 Kelly Station Suite 771,94841,2025-06-16T00:59:16
45b1ed25-f153-4ae8-a70a-cc5cb321bf21,Earl,Bailey,Female,1963-06-30,822-384-9939x0892,kaylarhodes@example.com,1659 Mary Drives,04285,2022-02-11T07:38:29
9918ee46-1497-4658-b010-f7197e695d0d,Steve,Zimmerman,Male,2001-01-27,249.605.0975x923,lauren18@example.net,64236 Andrew Fords Apt. 664,85326,2024-12-20T10:48:06
9a8cfa3c-5283-4ac7-bc0a-6a5d6e996e3e,Stephanie,Moore,Male,1976-05-25,964.692.5158x3776,bdavis@example.com,6108 Mcpherson Springs,29891,2024-07-10T10:03:31
ac9ed156-f63f-4e41-ba9a-ca5e176132ed,Gina,Moore,Female,2003-03-07,881.647.6174x22438,arnoldsamantha@example.net,661 Guerrero Port,33712,2023-04-13T13:48:22
054f92ff-f366-4ad4-964d-b03f93403fad,Jonathan,Miller,Unknown,2004-04-14,6177226016,ctodd@example.net,2321 Savage Coves Suite 800,52265,2022-04-07T15:27:57
9384ec2b-44fe-4cae-9248-a9a7ac1aa554,Alexander,Rios,Male,1998-05-24,001-469-274-9956x412,danielsmith@example.org,72368 Christopher Trail,61243,2022-05-26T13:24:02
84dad06a-7872-4deb-acd9-4cbbc19ad58c,Thomas,Johnson,Female,1958-05-17,(677)870-7933,cookcurtis@example.net,7998 Johnson Locks Suite 899,89455,2025-08-14T08:57:26
ff37d19c-2e76-428b-8735-44f9ea83bf00,Lisa,Freeman,Female,1944-01-11,906.895.8146x71795,martinjessica@example.com,3839 Dorsey Walk Suite 246,55139,2025-04-24T12:53:10
f8140102-7de1-4dfe-9072-5b5ca2814044,Shelly,Delgado,Male,1984-10-18,329.834.1722x3297,ntorres@example.net,54522 Lindsay Junction,56943,2022-04-03T10:28:05
5230dfbd-5553-42fe-a889-803e5913f9d3,Christina,Martinez,Female,1966-04-07,945.350.8428x9107,harringtonchelsea@example.org,121 Rhonda Estate,95967,2023-01-05T04:31:09
6961929e-546e-435a-a92b-d156db946570,Jean,Gill,Female,2003-08-07,001-712-655-2137x6037,christopherwatson@example.com,328 Cobb Dam Suite 667,68154,2025-02-23T18:29:38
668409e3-f1f8-443e-a99f-131849c8a43f,Evelyn,Acevedo,Female,1996-01-01,(808)211-5562,qmalone@example.net,084 Morales Springs,92354,2024-02-15T09:28:39
168b1625-746f-4891-8964-fbbf8cd321b0,Morgan,Griffith,Male,1978-06-17,(904)789-2673x899,trowe@example.org,562 Lewis Pass,72824,2023-02-05T10:59:55
c5c5b37a-f85e-46a1-9dad-09b252c21221,Adrienne,Sherman,Male,1957-07-19,3082943468,jordan85@example.org,174 Shawn Freeway,98249,2024-03-29T20:46:27
004b6fab-fcf5-4188-932e-6dcd83bc9478,Ariana,Kline,Female,2021-03-15,+1-589-735-4492x68315,tgarcia@example.com,10627 Sean Land Suite 988,52245,2025-06-24T00:27:10
0de051a6-69ca-47d2-b644-14fd8ae769ed,Joseph,Porter,Male,1993-05-24,376.522.8277x288,vkennedy@example.org,96115 Williams Drives Apt. 545,40249,2023-01-08T01:48:07
7f9d3e64-c1a6-423b-9f64-eeed5c9d927d,Todd,Moody,Female,1955-02-10,001-360-744-3270,harrellrobert@example.net,756 Davenport Village Apt. 287,59474,2024-08-09T21:10:38
445dcc38-341c-4494-8d36-6dfcc28ebd70,Shane,Cline,Female,1980-01-11,299-966-3658,debbie20@example.net,181 Stephanie Plains Apt. 983,98878,2023-10-17T13:49:31
e17f29e1-7028-4046-89bc-473fed7bf656,Wayne,Smith,Female,2025-05-10,+1-720-843-3971,henrysarah@example.com,60856 Davis Courts Apt. 422,33997,2025-01-13T21:51:36
a14923c2-f920-464c-8763-fcd01f15c7b6,Christopher,Parker,Female,1991-03-13,+1-720-695-2004x61526,hdavid@example.org,99378 Avery Grove,08448,2023-02-14T21:49:40
4f8d5238-288b-48b5-b5b4-53ca3d42993c,Steven,Russell,Female,2001-08-30,4636048913,ogriffin@example.net,58238 Ali Point,59711,2021-12-12T07:30:24
3985fb62-17dc-4eff-a872-13f98d605936,Aaron,Marshall,Unknown,2020-03-31,620-207-4946x5398,jocelynhart@example.com,1284 Clark Parkways,42221,2025-07-12T12:44:38
f27292b6-7621-42ed-9d0b-c9bde9b5c5cf,Evelyn,Cooper,Male,1971-05-04,001-974-235-5379x50209,chambersrobert@example.net,8118 Patricia Via Suite 156,79316,2023-04-17T11:18:54
eec259dc-7f95-497c-a76a-a6ced50755d9,Paul,Combs,Female,1936-11-30,775-537-0304,velasquezcolleen@example.net,75047 Adrian View,84182,2023-06-15T16:32:53
6a5d932b-45ff-4c83-b495-db4e82456fb4,Daniel,Ramirez,Female,2003-11-11,628.539.9921x9212,james08@example.net,870 Davidson Run Apt. 566,36419,2022-04-15T11:20:58
74eff545-3e65-4603-b8e3-654bfaf14ff0,Erin,Owens,Female,1984-12-17,203.504.6875x06351,prosario@example.org,4110 Reynolds Burg,78165,2025-02-27T19:56:04
9970cf60-ebff-4d15-b0cb-d7556232b17a,Connie,Cook,Female,1969-11-05,317.935.0583,garrettbeth@example.org,65120 Brown Ridge,82576,2023-08-10T05:30:34
11df12d7-dd30-4e89-a2f2-35f2e11b868d,Cameron,Byrd,Male,2011-11-18,2469619639,bmarshall@example.net,0785 Daniel Bridge,78511,2024-10-20T11:06:50
57021049-6a39-4aa6-9aba-c50dca3dd859,Carlos,Clarke,Female,1962-02-12,001-428-545-6797,laurabrown@example.com,549 Dylan Inlet Suite 450,68354,2024-04-06T09:26:58
00a81de9-d20f-47d0-8465-6d6b81fb18b3,Diane,Thomas,Male,1968-01-28,780.765.3331x53779,robert21@example.com,3033 Hanson Garden,63513,2024-11-22T12:44:33
9475dbc9-9641-4ced-9664-d2644c6e27ff,Kayla,Briggs,Unknown,1986-12-05,362.405.0150,scott95@example.org,34234 Matthew Plaza,32740,2022-07-12T17:53:31
7250ee18-260a-4962-9d81-b7f57d5911c6,James,Thompson,Female,1971-05-25,502-761-5347,donna89@example.com,22338 Benson Island,79085,2023-08-06T15:48:10
c34b9fbb-8d4a-45b8-951a-c8ea585a0afa,Tiffany,Sanchez,Female,1942-01-20,001-999-538-4253x04289,muellerkrystal@example.net,86857 White Station,49506,2024-01-02T16:32:16
de9e3757-5260-401e-aecf-67d2749176f4,Heather,Baldwin,Male,2003-02-09,649.869.0333x7363,xduncan@example.com,14785 Brandy Mountain,67644,2024-05-30T06:38:02
620a60ac-9261-449d-bd22-5c30b28f41de,Matthew,Hayes,Male,1994-08-18,(657)354-6027x34151,sara11@example.org,83535 Turner Via Suite 392,99117,2024-10-24T22:42:37
517400f8-0b2c-482a-a928-8e92c68a152f,Jodi,Gaines,Female,1936-12-05,001-544-956-6907x82633,zacharyhartman@example.com,1536 Clark Mission Apt. 529,17323,2023-01-26T01:55:56
61985d54-cfb8-4e6f-a9d6-8f23b489d070,Sherry,Smith,Male,2025-06-08,(253)466-6845x909,tiffanygamble@example.net,3618 Lopez Coves Suite 974,12722,2022-07-01T16:31:20
a6eab79e-d21c-42f8-8ada-4f80a9e782d4,Damon,Tran,Unknown,1940-02-17,001-397-902-3164x334,woodalex@example.com,2128 Mendoza Cliff Suite 323,41101,2023-08-10T18:59:38
2051acef-097a-4e10-b6fe-bc0e7ecddbaf,Lisa,Ortega,Female,1957-05-18,+1-394-893-8743x027,aliciakent@example.com,9014 Reed Ville Suite 692,54902,2022-10-30T09:48:15
19b17e80-dea4-4e17-94fd-9ad39716108e,Hayden,Williamson,Female,1994-07-28,362.591.6032x484,wjenkins@example.net,1185 Hayes Glen,27681,2023-12-03T12:50:23
e912b4bf-86a4-4ae4-9986-b4b270b7e868,Bradley,Johnson,Male,2022-09-19,001-776-956-3600x412,fmurray@example.net,727 Skinner Extension,02868,2024-05-08T07:33:31
def57689-68f4-4bce-a4e7-5e8eb8f21423,Craig,Phillips,Female,2008-07-13,001-562-910-4275x2308,copelandlisa@example.net,4709 Brandon Lane,26943,2025-09-20T06:19:30
c8120a8e-7830-4930-9327-f1bc2784378f,John,Kerr,Other,1962-12-26,306-400-5313,bradleyhunt@example.com,393 Mcmillan Crest Apt. 315,42885,2022-07-05T02:27:57
65c17795-b155-46bc-9f8d-ed9756abf2f1,Alexis,Valdez,Female,1937-05-25,(937)331-4950x1364,johnathandavis@example.com,252 Spence Shores Suite 150,80262,2025-08-25T07:03:32
aca2b148-da33-4aa1-941c-dfcdda0d4a5f,Brenda,Reyes,Female,2022-12-13,001-338-290-3091x4363,nicholasphillips@example.org,03975 Joshua Row Apt. 864,98877,2021-11-14T04:44:11
a075e927-5110-4492-b442-7e0b61484bb3,Jeremy,Quinn,Female,1982-05-31,738.403.3968,esoto@example.com,02321 Brittany Village,27288,2022-10-10T11:39:54
8a80068d-df54-4e50-bcea-2045c268283e,William,Simmons,Male,1999-05-03,623-936-2934x4973,tapiamichael@example.com,7689 Wolf Viaduct,63677,2021-11-08T03:59:43
af34cf65-a193-44b2-bc19-e71d118405ad,Kathleen,Simmons,Female,1947-02-04,001-949-382-8246x74746,derrick73@example.org,08576 Bentley Summit,49409,2023-05-27T23:20:16
1723199d-bf2c-44a0-ba3c-8a71ff574e2b,Tracy,Davidson,Male,2015-11-01,660-716-9236,xreid@example.net,663 Tim Via,47872,2024-06-14T13:00:25
b4323070-a23d-4c2f-82a7-96891933918c,Jasmine,Johnson,Female,2026-05-13,+1-324-897-2439x9201,fmccarthy@example.net,2644 Willis Street,54451,2024-12-20T07:12:39
4ca9cf07-b1aa-4f6a-aa96-e1e27194eae2,Nancy,Luna,Female,1947-11-11,495-924-3640,daviskim@example.com,462 Nicholas Squares Apt. 372,66379,2022-03-28T15:21:53
0e5dd462-cbd0-4ef2-930a-37df0bc61066,Shannon,Olsen,Male,1961-01-12,402.334.6791,christopher14@example.org,93771 Bruce Terrace Apt. 901,28166,2023-12-28T19:25:41
3e83b91f-2544-4fe0-ae41-7d475ff595ea,Latoya,Bennett,Female,2006-07-20,001-847-275-9655x55356,morgan10@example.com,209 Misty Harbors Apt. 579,90440,2024-07-27T22:03:59
2e183554-cae2-4e66-ae8a-781390e0a95b,Molly,Robertson,Male,2025-08-16,905.805.0573,baileysheila@example.com,649 Jennifer Ways,68665,2025-06-30T13:45:23
61ee6c5b-deef-480f-9c07-a75114374509,Ashley,Vincent,Female,2004-06-12,3279148727,johnjackson@example.net,60256 Robinson Glens,87786,2023-10-18T07:13:20
9549c931-e9af-499d-bf67-1eec3da70577,Stephanie,Lambert,Male,2026-05-04,(787)815-3991,yvaldez@example.net,34141 Christopher Streets Apt. 195,17201,2025-05-25T23:50:41
75a66981-4104-48b5-a34d-b7c5760debbb,Lawrence,James,Male,1935-12-30,509-383-6655x2899,dsmith@example.com,3772 Thomas Shores,92640,2021-11-30T17:49:01
771ad655-cdfc-4ee0-a61e-de900267deb3,Carol,Parker,Female,1952-07-27,297-437-4605x233,tluna@example.net,86567 Todd Lock,09915,2024-01-06T08:51:06
12e89d10-2871-4733-8bed-db12ad77e82f,Jessica,Campbell,Male,1962-04-27,001-486-912-5904x729,jcarter@example.org,305 Erika Walks,19847,2023-05-16T08:24:08
4c955f6a-966b-4964-bcd6-bdca5876fd09,Stephanie,Simmons,Female,1958-08-30,8154720185,hsanchez@example.org,4926 Kimberly Way Suite 475,02021,2022-04-12T19:19:25
74f33103-4006-4ff2-b0b8-62ef6c9f82b9,Darryl,Martinez,Female,2023-01-23,+1-883-609-9974x19267,corybrown@example.net,0688 Brown Villages,77141,2024-01-23T16:04:56
da743152-627b-41a1-bfd6-f23232ffe294,Jennifer,Tyler,Female,1952-08-27,001-531-429-2087x51029,hartmelissa@example.org,84582 Rowland Shoals,00512,2022-10-29T04:03:45
5be4bf51-9269-4698-a1a1-17293cb98350,Kevin,Shah,Female,2006-06-18,387-229-7585x9883,benjaminthomas@example.org,839 Ramirez Stream,82068,2023-07-25T23:14:42
059dd55d-4b94-4e30-b303-f438fe2110d0,Charles,Scott,Other,1987-09-23,+1-726-471-4628x3143,uunderwood@example.com,93141 Gabriella Lodge Apt. 515,44215,2025-01-29T01:58:21
0212b554-4644-48b4-a553-867da881bfd3,Joshua,Melton,Female,1966-06-29,901-363-6112x849,jackie48@example.com,25625 Woods Crossroad,34456,2021-10-23T03:28:34
f93e08d5-bea2-4dfe-873f-6e1baf908e3c,Gloria,Reeves,Male,2025-04-05,(826)994-0539,scottgomez@example.com,6834 Stacey Lodge Suite 111,96177,2022-10-16T06:36:11
d534ee1d-7f29-44f5-bec3-9a379b3d74bd,Shirley,Martin,Female,1943-07-31,948-370-6827,msmith@example.net,685 Virginia Shore,69721,2024-09-05T01:39:54
3ae909fe-cc82-48da-8696-f5e64944051b,Chelsea,Lawson,Female,1958-09-14,+1-783-321-5285x06762,robin38@example.org,7443 Joann Port Suite 348,05144,2025-09-30T12:09:39
30ac7d7b-a2f9-43a3-b810-ae665a31b4cc,Steven,Williamson,Female,2002-03-21,2507975451,richardsmith@example.com,18826 Robin Avenue Apt. 437,52321,2023-05-12T20:39:12
c478f6f1-b88e-4318-816d-83edad81f8bd,Kevin,Patterson,Female,1960-07-24,+1-241-777-2256,danielmitchell@example.org,5023 Moyer Grove Apt. 678,65456,2025-03-03T20:50:20
18dfbc3c-a0d4-4e3d-a303-f6c6d69d42f1,Erin,Anderson,Female,1990-03-10,862.211.0225x80305,scastillo@example.com,3928 John Trafficway,15576,2025-06-11T19:51:31
c9e26074-4f16-49a0-8a17-991ea5769411,Joseph,Haynes,Male,2026-06-15,(237)618-9239x23126,sarahsimmons@example.net,06684 Jeffrey Meadow,63310,2022-01-11T16:40:06
21a4344f-bb7b-4e03-9d67-8bb1945ef2e4,William,Schneider,Male,1977-03-07,445-245-6350,williamsjulie@example.org,4916 Johnny Overpass Suite 541,13200,2024-08-12T13:33:25
6a5e6920-bf5a-47e6-93a3-dd5a4b8c5bdc,Alexander,Arnold,Male,1953-07-02,455-398-9534x39611,willisrhonda@example.net,71189 Turner Mountains,26977,2024-01-15T05:51:08
e05fb8bc-8a16-406c-8958-e75e21d53971,Jennifer,Williams,Other,1961-11-09,(284)485-5716x17688,heather24@example.org,367 Gabriel Terrace,67253,2023-05-28T03:33:02
45c45a3e-e9da-484a-8075-9f1f87e5f0fe,Anna,Myers,Female,2018-05-29,632-602-9390x878,kennethadams@example.org,08340 Sheri Harbors,17929,2022-12-02T11:55:37
f1b64afe-d31e-4f1a-a9ff-1cae41c8ca8c,Morgan,Williams,Female,1969-08-28,681.405.9551,svillanueva@example.com,053 Thompson Brook,70937,2024-07-25T11:57:39
ded255d0-bf1e-4366-8b8e-63d4ce7607ad,Tiffany,Osborne,Male,2015-02-24,664-598-3735,omoore@example.net,2717 Stephen Via Apt. 397,96115,2022-07-15T15:25:55
1346d1a9-f680-4cdb-b7e4-90c71d7bc313,Deborah,Smith,Male,1957-12-09,(969)831-2163,ramseyderrick@example.org,6010 David Trail,11458,2022-11-28T04:20:30
ad238d36-dc32-4c97-b9c1-e262f76c8ede,Douglas,Burton,Female,1937-08-08,9184513279,martin23@example.org,810 Curtis Hill Apt. 862,00659,2025-08-25T09:26:03
d882b5c1-f79e-4d70-a5bc-c272fadd7ea3,Jeffrey,Perez,Female,1988-03-20,(554)336-1721,michael95@example.org,09226 Greene Springs Suite 249,38119,2023-04-02T14:08:40
6502d6a2-ca6a-4224-971e-16cc5da36f1b,Nancy,Nelson,Male,2003-09-18,+1-854-610-2252x67711,christophercooley@example.org,5767 Guzman Roads Suite 236,55375,2024-02-08T18:14:13
5e5ba13d-746c-4b77-9fa3-82e8895ccd99,Tyler,Ferguson,Female,2008-03-27,+1-336-519-6893,aaron05@example.net,10552 Stevens Village Suite 333,07823,2024-12-11T19:23:26
618ae305-95a5-4afa-831d-029fac1e86d8,Devin,Hayden,Female,1955-03-29,(706)450-1917x9202,sanchezalexander@example.com,72847 Sharp Mills,85022,2024-09-22T10:04:22
acc216a0-1bbc-41f7-9f18-e583f0b6f83f,Alexander,Rodriguez,Male,1943-12-07,+1-609-528-2066x7849,rhuynh@example.org,36903 White Summit Apt. 775,86051,2024-07-01T12:48:35
f1738856-e25d-46eb-9e9a-9f83066803ee,Richard,James,Female,1943-03-17,(663)441-1159x503,jonescarla@example.com,303 Miller Port,74530,2021-12-17T02:25:44
a5cc8bf7-38ab-454c-9c2e-58deea4e3617,Anne,Tyler,Male,1941-12-25,5517405468,iswanson@example.net,6818 Andrew Underpass,50585,2023-10-19T07:28:58
b379cb1e-e8cd-40cc-b6da-3ca0d2e82f38,Brenda,Christian,Male,1975-04-02,(727)911-3322,matthewward@example.com,633 Susan Port,82786,2023-11-20T06:22:49
0b9bd934-23c8-4d30-9dde-7969688613db,Connor,Smith,Female,1977-11-23,+1-317-617-5242,michael12@example.net,7472 Teresa Oval Apt. 546,54113,2025-05-31T16:41:47
1dba1267-7e1c-45a1-bef5-18a64dead645,Christine,Becker,Male,1995-10-06,(289)555-1687x409,mooredaniel@example.com,613 Sawyer Skyway,12756,2023-04-03T10:44:06
637e4b01-22ba-410e-899c-a782e3236d1a,Steven,Day,Male,1999-01-12,312-716-6365,wendy73@example.net,47082 Thomas Forest Suite 909,50345,2022-01-13T07:50:06
b24cc64f-be3e-4e57-b30a-9e32aba4fc03,Sharon,Ward,Female,1994-04-21,830.330.6442x1214,morgan76@example.net,420 Patty Meadow,45330,2024-12-21T09:49:24
ba0266ef-be05-4787-965b-efdf6b4be411,Kenneth,Gonzalez,Male,1992-10-21,478.726.5960x8931,alexis72@example.com,64807 Cynthia Route Apt. 033,55574,2024-09-24T06:46:37
d56ce8ea-1959-4b5a-a7a8-f6366a35df59,Amy,Martin,Female,1987-02-25,653.639.0550,lyonsdeborah@example.com,5586 Wilson Fall Suite 652,72951,2024-04-19T12:33:33
479d0cda-f396-4a37-b065-c817687a4850,Francisco,Graham,Male,1974-07-23,+1-364-991-1110x96179,contrerasmelissa@example.org,8613 Sampson Keys,61311,2023-07-11T20:42:28
71d79665-7181-4dcf-b79e-fc6e5edb0d3c,Rebecca,Newman,Female,1989-08-20,5532844446,bjohnson@example.org,955 Susan Meadows Apt. 863,81276,2024-07-05T11:38:21
fb1e143b-196f-4dfa-9cd8-fe1adafec8a9,Phillip,Williams,Female,2014-05-31,(826)626-5826x31281,stacyharris@example.org,0920 Ashley Burg,97800,2024-11-21T21:11:43
a5135ea0-fa53-434d-a6d5-901d8b621d41,David,Chavez,Male,2021-09-18,001-452-233-4383x64041,rodriguezsara@example.org,44211 Kirk Villages,27760,2023-06-07T11:28:22
f7dc67e0-3097-4b2b-86a0-2a9b65ec7acd,Craig,Pope,Male,1992-01-29,471-636-6572,bergerdonna@example.net,55799 Eric Streets,33858,2025-09-16T18:54:35
1777e8cb-7468-4b98-92fe-2fded918b3e5,David,Obrien,Female,2008-09-16,7884235130,christopherholt@example.org,7315 Owens Valleys Suite 686,25805,2022-10-31T21:32:00
f8999246-98de-4ebb-a3b5-cecea446be72,Gerald,Mcdaniel,Male,1974-01-08,(719)394-2376x7694,kpatterson@example.com,172 Susan Glen Suite 498,46671,2023-06-19T03:20:02
fd235def-3e5a-47e3-9560-db22c96b5edb,Anthony,White,Male,1979-09-07,(725)531-3552x51050,ubradley@example.org,4938 Dakota Harbors,94383,2024-05-09T17:42:09
d46ef104-1190-4f50-b488-5a4690882eaf,Sophia,Aguirre,Female,1945-12-13,001-966-255-3307,robert17@example.org,639 Justin Row Apt. 742,53298,2021-12-04T21:09:01
d0243d72-3748-467f-961d-33ba350843f0,Paula,Hull,Female,1941-02-02,901-271-6445x56185,devans@example.com,9103 Margaret Dam,14281,2023-02-21T22:26:32
c9e48e8c-25c6-4c45-863d-04ee541c7a86,Michelle,Ramsey,Female,1966-07-28,(313)258-0040,charles59@example.com,229 Wilson Island Apt. 967,88087,2022-04-16T11:47:33
fbe94499-dbc0-40fd-86fb-7bf300b9d4a3,Aimee,Allen,Male,2000-10-23,+1-374-357-3144x15833,abrown@example.net,6371 Clark Ramp,69660,2023-12-15T17:59:02
cc6b66e5-402a-4f9c-8a4b-8f7c21472a15,Michele,Hodges,Male,1978-03-16,001-572-881-2356x798,caseyhenderson@example.net,127 Julie Garden Apt. 724,04247,2023-10-18T04:54:53
21bddb41-0699-4731-9dcf-8766a93b12cd,Dorothy,Chavez,Male,1971-11-29,881-756-3268,alexandermitchell@example.org,634 Richard Ranch Suite 897,68477,2023-08-12T21:52:21
96bf10ab-3ce9-45e7-89d6-a63bca3c6f5f,Daniel,Williams,Male,1969-08-25,331-600-9431,nicolelyons@example.com,1347 George Ford Suite 494,96692,2021-10-13T05:13:03
20733f6d-0d6a-45b3-83ef-20162c9b662e,Clinton,Gordon,Female,2020-06-08,843.725.1225x7207,thompsonjoseph@example.org,095 Aguilar Overpass,32942,2023-10-12T12:00:22
104556e5-bee3-4b79-9d18-1ee986ad8a8c,Daniel,Fuentes,Male,2012-12-20,+1-643-988-2211x45775,michael05@example.com,971 Jennings Stream Apt. 263,86925,2022-05-16T09:51:02
97fa7f04-8363-4007-9cae-9610c72c1fe3,Michael,Johnson,Male,2014-05-17,001-665-731-3614x8782,peter64@example.com,98591 Pope Port,45982,2022-12-30T10:02:04
9d77a45e-f206-4269-b8b7-7c0780fb9296,Daniel,Smith,Male,1955-10-16,228.949.8247x414,robinsonmargaret@example.org,4065 Brendan Dam,46404,2025-07-04T10:31:09
a8addf36-ddf2-45eb-a8a3-f341c8819065,Justin,Trevino,Female,2026-04-26,001-782-514-2369x14307,ghenderson@example.com,429 Shelton Islands Apt. 342,55067,2024-02-16T10:34:54
07f97d05-f6ca-4b8b-a4b1-f99175424646,James,Torres,Male,1976-03-26,001-978-726-6128,taylor67@example.com,0806 Katelyn Ridges Suite 398,49405,2022-04-24T02:32:08
6d204496-66d0-4371-98e8-8ebb7a9e8eef,Christine,Yoder,Female,1975-09-10,3622607870,maria15@example.net,9750 Joy Spring,67455,2024-11-29T22:51:04
718d4d05-e8e2-4743-b65f-eea97d824264,Jennifer,Miles,Male,2006-01-11,(987)523-2440,joneseric@example.org,31708 Myers Crossing,39812,2023-06-28T20:22:32
25f934bf-9bb9-4155-9275-eb9414aeaf5c,Timothy,White,Male,1967-09-28,+1-449-479-1620,georgeharmon@example.net,7441 Richardson Harbor,51774,2023-05-30T17:49:35
95da75c1-a211-40f9-9fd3-4579466772ce,Heidi,Rodriguez,Female,1992-07-04,(220)747-1960x94097,taylorsharp@example.com,58835 Palmer Extensions,86473,2022-05-31T14:05:14
98eeac2b-fe9f-4caa-a182-f347533f5a72,Michael,Ball,Female,1981-12-11,624.446.1767x929,brianna95@example.net,00231 Victor Springs Suite 533,14320,2025-08-06T04:08:53
6e218b09-9afd-4015-816b-cb9f7426b193,Nicole,Chandler,Male,1988-01-15,001-761-309-4101x75902,ogray@example.net,47743 Judy Mews,69776,2025-03-17T14:52:13
a79b44b6-da50-4fed-9d4a-3d81b3a7d0e0,Kristy,Miller,Female,1939-01-25,+1-913-502-0569x8152,ashleywells@example.com,821 Patterson Lane Apt. 912,68297,2023-01-14T16:05:34
dd90e79e-b888-46ed-8d24-4e3ec4dabddb,Craig,Jimenez,Male,1942-10-10,+1-385-503-4465x124,reginald08@example.net,740 Matthew Green,26782,2023-03-12T01:59:11
69efafb1-3a7e-4e14-a359-eee173991a47,Pamela,Brown,Male,1963-07-25,+1-750-337-1990,ngeorge@example.org,40107 Debra Meadows Suite 430,07756,2021-11-18T07:55:35
bac7e2b9-6a7e-4c36-a613-2e6974188109,Kim,Shepherd,Male,2008-06-20,+1-460-387-0662x668,nwilson@example.com,56033 Brianna Forks Suite 890,02453,2025-06-25T22:43:16
4140752c-aa44-4259-9001-8b7b6d4067f4,Jennifer,Hess,Male,1946-03-12,5276240559,catherinemendoza@example.org,48375 Scott Hollow,48595,2025-02-01T09:39:45
79699ed2-ec48-4f55-afd3-80c42713582c,Andrea,Melton,Male,1969-01-01,445.588.1056x97413,judy31@example.com,37710 Huff Groves,36934,2024-04-09T04:34:03
6e8f75a1-17dd-4d81-95da-705cd4ef00aa,Patrick,Wilcox,Male,1947-04-08,2495670667,nicolaskeller@example.net,408 Pineda Rest,99391,2025-07-26T21:09:08
214f3f12-cfd0-4cbd-9f65-c8cebd21bc11,Matthew,Clayton,Female,1971-07-01,001-993-805-9660x18648,francisco67@example.net,04413 Morgan Locks,05561,2024-05-21T14:38:59
8fca7b6a-8fc4-4092-b4e5-59e596229348,Joshua,Adams,Male,1969-11-11,+1-290-914-9542x7707,churchtimothy@example.net,0914 Ashley Mill,24068,2022-11-13T04:34:53
dfa4bb9f-5a85-4750-a92a-c1391f4a8ca1,Katie,Hill,Female,2003-02-16,(432)929-0310,bobby30@example.net,0580 Michael Club Suite 181,31562,2022-08-21T08:37:08
ea74bb18-de3b-496f-ac45-96f6c012a0ff,Mark,Watson,Female,1992-05-18,864-720-5955,sdunlap@example.net,50429 Daniel Forest,41540,2023-12-10T21:14:43
4ffca6b1-99b4-49d4-89a2-14aef7e8f8e5,Jennifer,Harmon,Male,2014-11-27,001-853-369-0261x139,lawsondonna@example.net,4394 Mark Union Suite 375,98567,2022-04-05T16:26:22
279c658a-3676-4ce5-81e5-c9f693f277cc,Heather,Wallace,Female,1991-07-23,(515)488-1579x376,kimberlyrussell@example.net,445 Wilson Lodge,55685,2023-12-01T22:06:59
59a1120e-1bb4-4332-98e7-012f39681c81,Tonya,Johnston,Female,2021-11-13,001-832-270-2164x87120,veronicaanderson@example.net,5268 Jennifer Crest Suite 599,81323,2022-03-24T19:24:30
47503f1d-c33a-4f6c-9d69-1fba5e187b24,Virginia,Williams,Female,1984-01-29,267.764.7229x812,cgray@example.org,34750 Mitchell Lights Suite 220,96789,2025-07-10T03:03:03
8f9b72ae-d85c-46bd-adda-4f8dcea60f4c,Veronica,Clark,Other,2006-06-03,999-551-5421x447,keithhardin@example.net,42138 Anthony Canyon,71257,2024-01-22T00:20:38
accb461a-9d13-4363-9f29-4a8bd1846c39,Lauren,Smith,Female,1939-04-11,(934)896-7827x411,ibaker@example.com,1315 William Harbor,59937,2024-06-14T00:44:58
a867a096-edd8-47c8-9be7-173706b89231,Jill,Powers,Female,1945-11-06,001-450-861-8538x003,emilybaker@example.org,74231 Aaron Cliff Suite 893,93560,2022-07-12T01:59:40
45f50c52-2e2f-4f77-8769-79d644777442,Benjamin,Watts,Female,2019-04-01,(793)957-8243x4776,colin14@example.com,3612 Huber Shore Apt. 562,63905,2025-05-05T11:21:34
59dcabd0-56fe-4fb9-abe9-e2074f199ec0,Linda,Burns,Male,1991-11-03,+1-830-944-8360x85456,dross@example.com,350 West Forges Apt. 831,80887,2024-05-14T03:50:51
a847bce7-90fa-4b57-a4ac-2130deaf528d,Mark,Jacobs,Male,1938-06-24,001-506-415-5810x8358,oheath@example.com,5638 Shelby Camp,03126,2024-12-24T10:21:59
f8c88fae-a217-4f84-bdb0-25ff2451e5a4,Shelby,Garcia,Male,1989-12-04,402.644.0330x4166,joneswilliam@example.net,08921 Lee Rest Suite 568,97950,2021-11-13T18:59:29
604e46cb-3712-42d1-87cd-b6a1bf012e32,Kevin,Stevens,Male,1949-05-02,697-564-6136x847,fsmith@example.net,8173 Ray Fort Suite 579,14781,2024-07-02T23:23:53
4fc77768-5ebb-4ca5-a84b-f9625744f596,Lance,Thomas,Female,2021-07-01,418-823-7931,kmills@example.org,4645 Benjamin Spurs,74597,2024-04-25T11:39:38
98a21f1c-914d-4fae-b100-13a7c6deb2f0,Richard,Smith,Male,1964-03-29,001-887-387-5357x78811,amartinez@example.org,37106 Jackson Unions,69259,2023-11-04T05:16:14
c122b5b3-284c-43d2-a7d4-15b60d77c5a0,Donald,Sawyer,Female,1992-09-04,(404)616-4485x9592,leahcrane@example.com,7352 Alice Village Suite 056,23992,2022-05-29T22:48:17
716fda0a-45a8-4829-94e2-86e5ac8936bc,Thomas,Holder,Female,1936-07-12,333-718-7510x9792,michaelsmith@example.org,6945 Villa Points Apt. 192,13998,2024-11-16T10:17:33
6a07f213-7129-4ec7-9b69-554d7c54535f,Javier,White,Male,2012-06-24,628-996-5999,garylogan@example.org,222 Baxter Islands,10696,2025-07-31T04:56:47
585d3f86-1d23-44e6-8329-20b7c143f426,Tara,Taylor,Male,1995-08-11,(775)348-1386x66754,stephaniedougherty@example.com,8774 Angela Mews,85972,2023-04-02T06:29:40
97d7a560-adb1-4670-ad9f-b00d4882d73c,Gregory,Cline,Female,1999-03-14,001-556-239-8365x20375,mark54@example.net,404 Sanders Square,92810,2022-11-05T11:19:25
3873e57f-0ba0-48e8-8ef4-92c1aac93316,Joshua,Brown,Male,2013-08-22,2797772781,salazarjennifer@example.net,16107 Leon Walks,71815,2022-12-13T10:31:14
345512f7-01f7-47ec-8e06-30cd996d5c50,Tonya,Lee,Male,2019-05-02,001-505-452-9580x6601,christopher70@example.com,862 Larry Points,46465,2022-04-09T06:06:08
c3a00c6f-2321-41e1-8471-04c036136e15,Matthew,Carroll,Male,1947-06-26,001-271-411-2125,robinsonnicholas@example.org,3240 Mccarthy Fall,37065,2022-05-14T12:50:54
7f54a511-01fa-464e-9eb7-4b5653ffd3a2,Annette,Gutierrez,Female,1961-05-21,732-944-7417x595,benjamindavenport@example.com,936 Brewer Springs,38340,2022-08-26T15:34:05
88575117-6155-4667-a112-507c2cfa55b0,Matthew,Schmitt,Female,2010-11-03,001-941-483-4374x0182,xwillis@example.net,905 Crystal Ways Apt. 267,44372,2023-03-15T09:25:15
ab05347f-d556-437d-8f08-81ee8011316b,Deborah,Garcia,Female,1984-06-28,927-582-0797x9966,jennifer95@example.com,0381 Simmons Grove Suite 902,67636,2022-06-23T20:39:26
bdf66ba5-dc9c-46de-a5a6-74c212738a23,Sandra,Tanner,Male,2007-02-04,792.925.0142,amartin@example.net,24412 Michaela Mews,12319,2024-11-06T07:04:18
13eecdc6-ebd1-4d2c-b5b2-745504cc3ede,John,Cohen,Female,1986-09-14,9728517863,wmccarthy@example.org,52654 Carlson Place Apt. 579,04026,2022-09-17T18:44:16
67884209-92ca-425a-ade5-93329364f3d0,Nicole,Thompson,Female,1967-10-09,(555)280-9961x327,kevindavis@example.com,2446 Johnson Manor,24030,2022-06-19T10:42:19
67b03283-1d7c-4098-8a1d-ab326aedfdc7,Raymond,Holmes,Male,1950-04-02,915.216.0252x986,qvaldez@example.com,46419 Shaw Tunnel Suite 585,15138,2025-02-09T14:45:03
f296d9f0-cd23-42c2-abff-e17b532401fc,Harold,Coleman,Female,1987-12-16,+1-612-205-9438x97607,parrishsteve@example.org,6540 White Knolls Suite 075,39518,2024-06-22T08:32:19
5ca260c9-eb76-47c9-b08a-4895d4ffa666,Austin,Rodriguez,Male,1940-10-01,+1-963-821-8122,michael79@example.org,15502 Patrick Stream Apt. 546,53026,2021-11-12T03:54:06
6f887f28-3e49-4d09-9b19-d8b8d8302081,Ivan,Francis,Female,2024-08-16,001-716-913-9449x8830,kathleenkim@example.net,8096 Erika Groves,01163,2023-07-02T22:15:36
dedab027-6550-474a-9422-373f862268d1,Jamie,Casey,Male,2025-03-19,(244)779-5133,bryceroberts@example.net,695 Alvarez Point Apt. 555,45899,2025-04-08T07:12:22
c77444cb-5543-4c3c-b8b8-f24e56ea57b3,Sean,Murray,Male,2003-09-05,982.764.6091,clarktraci@example.com,5770 Colleen Expressway Suite 966,03569,2024-12-18T15:10:31
87d5b7be-1d30-4990-a21b-030782af085c,Teresa,Hawkins,Female,2002-07-23,568.526.9116,duncangregory@example.org,653 Lester Harbors Suite 515,66339,2024-01-18T11:00:32
59e1ac09-5970-4859-86b6-e4ade7ea8d5a,Amanda,Perez,Female,1990-09-30,374.872.2640x8572,amccann@example.org,329 Carol Street,54079,2021-11-12T20:41:03
25cf0041-d0a6-43fe-a53b-c024d1a69d87,Mark,Wright,Male,2013-04-01,+1-571-450-9688x3275,mgiles@example.com,1039 Stevens Spur,79570,2023-08-28T13:58:30
2c6a6e9a-3280-47a1-8187-222b257d5e52,Veronica,Robles,Female,1998-07-25,319.852.3710x06876,nicole81@example.net,7046 Michael Stravenue,67552,2024-06-11T22:12:14
134a5a2f-a7cf-405c-8257-cf73c29d782b,Debra,Patterson,Male,1952-08-25,424-591-2565,gclark@example.com,7345 Norris Isle,59532,2024-09-29T02:56:05
76c5a0dc-7e7e-4419-a0c1-4035c5d95f51,Jonathan,Hill,Female,1940-08-18,001-622-984-0359x54429,jnunez@example.net,94643 Melissa Prairie,40210,2022-05-26T20:46:20
ae5ec365-72eb-4474-9458-054ec2874f06,Breanna,Green,Female,2004-12-26,001-886-979-2529x8585,monicaolson@example.com,15343 Edward Rest Apt. 357,60705,2024-03-10T22:27:13
fc8d5b93-a2a2-491f-a49b-1cd99082889b,Roberta,Escobar,Female,2007-02-06,635.306.1581,griffinalexandra@example.org,233 Thompson Rest Suite 841,97901,2022-07-30T13:37:36
50ee7a92-a091-41e0-b891-b0c3dd3f487e,Jessica,Lowery,Male,1953-10-22,340.533.3997x71805,fwilson@example.com,89397 Hudson Prairie,56829,2025-06-07T02:58:40
a1a27485-7134-4c2a-b80b-3657117b355b,Rebecca,Cortez,Male,1996-01-04,001-939-697-0469x47258,joseph83@example.com,884 Rodriguez Throughway Apt. 705,67288,2023-10-09T07:07:57
5a18e2a3-0e61-4bcd-9767-490046510367,Tyler,White,Female,1994-07-25,+1-741-975-8231x33484,cohensara@example.org,2362 Chelsea Estate,43188,2023-12-19T16:38:39
09a0a0f6-73b0-4091-b634-c1694f76e388,Tina,Valdez,Male,1992-07-04,001-843-847-4524x55574,zsmith@example.org,2740 Jason Stravenue Suite 450,42685,2023-08-03T11:40:43
a508dc95-13a4-4492-897d-e16dd4ea120a,Krystal,Nguyen,Female,2011-12-24,001-933-298-7411x3257,twatts@example.com,9960 Brian Junctions,36682,2024-01-21T23:35:27
98159d6c-9d71-4084-971d-abf9daf481a7,Mike,Mclean,Female,1950-11-17,921.556.2294x9381,ashley48@example.net,021 Krueger Lake Suite 325,61885,2022-09-27T01:59:45
f4488385-8de7-4d6c-9490-77c27674456f,Steven,Cook,Female,1971-01-08,790-221-6667x080,gforbes@example.com,9511 Terri Tunnel Apt. 828,11999,2024-03-17T22:52:08
e8b77f7b-7321-4f6b-8a80-76ece5582e16,Sandra,Bishop,Female,1961-09-30,001-816-247-7251x29578,aandrews@example.net,03562 Foley Prairie Suite 873,75793,2025-09-14T21:10:40
9ae1a991-524f-43ff-b030-7633a6ded1d8,Michael,Beard,Male,2014-04-11,(232)434-2108,stephanie55@example.org,42643 Kelsey Burg,18498,2025-07-02T18:05:10
73557b9d-0fd6-447e-b52d-4af2269ed4c9,Rachel,Gonzales,Male,1986-10-27,5738607763,davisgregory@example.net,31795 Perry Fords,12401,2025-03-03T19:45:46
fb7d9f1c-57eb-49b1-965e-59dde62d2d06,William,Woods,Female,2005-01-02,770-606-6615,hamiltonmelanie@example.com,167 Stephanie Harbor,96134,2024-07-10T00:42:03
0a0537f0-2c2c-422b-a568-95c6812a1f9b,Phyllis,Williams,Male,1969-08-27,(290)528-2270,nathan62@example.com,82251 Anthony Ford,40617,2023-06-27T10:42:29
86295b5d-707d-4251-bdb1-429e7010ed13,Colleen,Stout,Female,1971-11-10,+1-850-405-0702x608,craigbailey@example.org,1177 Chase Plain,58227,2022-05-05T04:22:53
eafde7d9-5f73-4a3e-9d28-6aa428a39779,Melody,Pacheco,Male,1935-11-12,577-442-5859x1779,zacharytrujillo@example.org,116 Eaton Cove,33240,2022-09-24T19:36:18
adcc3daf-569f-4ab3-8643-530068a51c68,John,Blair,Female,1976-09-30,879-288-9425x65290,tiffanysmith@example.net,26509 Webb Key,25109,2024-06-11T01:30:06
55ab946d-a5b5-4dc2-a181-c85eca0ac6ac,Molly,Arellano,Male,1990-12-23,437.694.8714x855,lindsay78@example.com,584 Kimberly Meadow,84687,2021-11-16T20:53:14
62f5df2b-adaa-44ca-8ed6-ad5e18318aa3,Tami,Martinez,Male,1966-09-05,411.884.2547x681,donaldbecker@example.org,589 Anna Pines,69319,2021-12-20T09:29:38
f6e39356-a814-4562-9a00-3f16b9469bcf,Lauren,Cox,Female,1967-02-16,001-882-552-1293x289,brandon64@example.com,7524 Charles Station Suite 399,09258,2022-01-08T09:20:59
14dd5061-5557-46f8-a67e-ddcedf8f4197,Karina,Taylor,Female,2001-03-22,(736)326-6933,tabithahill@example.com,923 Thomas Harbor,43423,2021-10-25T02:53:02
4f6b58c8-598d-4aec-aaaf-e5432434a678,Dana,Meyer,Other,2007-02-12,997-437-4189,beardkaren@example.net,0641 Simmons Extension Suite 438,14007,2022-02-22T23:37:27
2102f9c9-6457-4bc4-a981-b098b2cf952d,Whitney,Morrison,Female,2017-04-18,(837)666-0144x485,christopher17@example.org,96417 Obrien Ways Suite 091,77878,2025-05-02T11:57:24
8f158449-4f40-422f-95b0-2530f020e992,Laura,Finley,Male,2014-02-09,713-959-9660,hberry@example.org,603 Andrew Isle Apt. 460,96060,2023-09-17T17:31:51
20b71785-d02c-40c1-9417-0a17caaa5bbe,Melissa,King,Female,1982-08-04,(734)870-5742x388,kimberly27@example.org,9835 Garcia Stravenue Apt. 659,65669,2024-06-27T18:44:29
ff4625af-bd20-463b-b275-b5f3d436a7a8,Jacob,Reyes,Female,1971-10-16,001-675-657-5225x013,raymonddominguez@example.org,96425 Sanders Lights,14083,2025-05-13T01:37:20
aba301cb-a561-41e9-97ec-889c86c1b6cb,Stephanie,Olsen,Male,1975-10-08,+1-991-553-7038x240,johnperez@example.net,04309 Massey Mall,73419,2024-02-11T16:35:08
4f11d8dc-5cd3-4369-84aa-c1b75ca0c428,Yesenia,Lee,Male,1961-02-01,796.396.4546x55358,marccarey@example.net,921 Nichols Cove,79680,2022-09-27T07:17:43
c422d03e-f29a-4339-977b-c55a36d55494,Jennifer,Robbins,Female,2023-07-19,+1-937-849-0797,bentongeorge@example.net,057 Bryce Knoll Apt. 494,95890,2021-11-20T05:31:45
27aa7cbc-2337-4bbc-bffe-77c839feb99c,Jennifer,Henry,Male,1953-12-01,(737)248-4539x8628,josephmichael@example.org,186 Jessica Gateway,79344,2025-01-22T08:17:13
81f7f3fb-19e4-4c6a-89c2-3e69d82c7565,Katherine,White,Female,1960-06-07,8718511696,vtaylor@example.org,5264 Davis Green,53116,2022-08-16T00:34:02
86cac6f4-e238-4e93-bd17-c5e8d5ca69ab,Jeremy,Duke,Male,2021-12-01,257-718-4090,jacksontamara@example.net,56409 Villarreal Extensions,25205,2024-06-23T03:08:42
9e374f7a-c42c-4c39-a05b-46c556363094,Christine,White,Male,1965-06-27,(212)295-9272x827,aguirrelarry@example.com,2982 Tyler Rapids,20850,2024-05-17T22:49:31
2e4bebc4-2989-4880-a77d-1be96070b6a1,Samantha,Pace,Female,2025-05-21,+1-467-518-1535,zlopez@example.org,79181 Buck Port Suite 834,42485,2022-05-06T20:17:03
e7147668-cf1d-4d3a-9fee-fdffc566aa81,Seth,Gonzalez,Male,2021-01-04,(666)961-7071x58796,kelli08@example.org,49982 Stevenson Place,04166,2021-12-20T17:24:36
5d42b9e9-692e-47b6-8b2f-6d5c700b5d5f,Tammy,Cruz,Female,1983-08-23,+1-506-388-2850,ododson@example.net,37399 Brandon Light Apt. 140,32009,2024-07-29T00:50:20
9c4ffb46-71b7-41aa-b836-f5713ccec76c,Lisa,Guerra,Male,1959-11-12,(635)560-2293x9469,robert06@example.com,3749 Courtney Locks Apt. 723,09744,2024-06-24T20:43:35
3be79df4-72ec-416e-88a7-23e9bfa016c2,Danny,Moore,Female,2002-04-04,628-652-4648,daniel16@example.org,732 Taylor Coves,15103,2022-09-28T13:53:30
c8cc7cfe-cf01-4944-b731-57494f3949a8,Benjamin,Hughes,Male,1947-02-23,001-713-269-5727x90833,frymatthew@example.com,7306 Hernandez Highway,66770,2022-01-15T06:24:22
ada58417-5e2a-432d-b1ab-0b56d5c9fdc7,Jeffrey,Burton,Female,1981-06-25,+1-270-371-3984x82285,ortizamanda@example.net,550 Rachel Spur,31127,2021-10-17T13:24:47
c4f9eccd-7630-48a7-b0ca-fdd8fc043f08,Patrick,Hart,Male,1988-07-05,001-891-930-9810x79649,feliciasalazar@example.com,2785 Drew Route Apt. 642,48745,2024-11-30T22:47:34
6b2d5b09-8707-4ad4-80be-7e3561c2645a,Andrew,Trujillo,Other,1955-05-13,8768836253,cmurray@example.com,5556 Jennifer Ford Apt. 339,26007,2025-06-26T11:46:57
9acb394a-cd1f-4318-b31f-63fbd11fc8c0,Jessica,Mueller,Male,1985-03-24,686.854.3627x187,gonzalezmatthew@example.org,627 Heather Lights Apt. 492,84549,2023-06-24T16:25:35
7b07fd31-a424-4f23-8d5b-a7cd400035f0,Bailey,Owen,Female,1956-04-10,(257)232-7599x80111,riverachristopher@example.com,234 Michael Island,76974,2025-08-13T12:09:14
b61e5fdb-1a43-4206-af2d-dcc48df661da,Maria,Alvarez,Female,1959-08-13,941-682-2261x8962,theresabeck@example.org,02676 Jackson Brooks Suite 799,24334,2023-09-03T07:11:01
1578d709-48f9-43d0-9fea-e1e0d9e604b3,Patricia,Waller,Female,2012-11-26,(551)751-2294x621,jennifer15@example.net,99625 Lee Harbors Apt. 752,07318,2024-07-13T04:57:46
836b15c7-e7c2-45da-b306-958845d5a68d,John,Parker,Male,1996-11-12,(650)847-1580x29090,rebeccajames@example.org,655 Russell Junctions Apt. 548,25785,2023-11-06T18:18:15
e916da57-f248-43ab-977a-8a5f6ffe33b3,Juan,Miller,Male,1996-12-29,+1-515-381-0213x12512,smithalexander@example.com,97519 Brian Dam,26652,2025-09-03T10:59:12
ee33688d-597e-4845-a277-18c5737d1fb6,Julie,Miller,Male,1948-03-31,001-910-563-3016x583,ljacobs@example.com,907 William Common Apt. 342,71541,2024-03-20T07:07:21
5fbbf0b1-8083-49c8-a57e-01c90da23e5c,Teresa,Graves,Male,1946-01-30,825.632.6949,ronaldsummers@example.net,044 Calvin Circles,65240,2023-03-27T02:57:29
397b5f51-5ffa-46ef-94e4-180cfe9936a3,Raven,Brown,Male,1994-04-21,670-715-9591,zhoward@example.com,4758 Jeremy Extension Apt. 567,61009,2023-02-24T06:41:32
b6f6dbf1-d6d4-41cc-995d-82f8ee4a9b5d,Sandra,Mathis,Female,1990-08-25,877.722.6602x562,hamiltonlisa@example.org,231 Peter Drive,36007,2023-03-16T09:24:29
09ce3cfb-2339-4a19-a563-7cc3ca97ebf5,James,Crawford,Male,1957-04-24,784-333-7976x6270,bentonjanice@example.net,38736 Smith Inlet Apt. 549,56730,2024-05-15T12:29:01
d4c3a832-b231-460b-b8f2-ce6bd46b415d,David,Anderson,Male,1974-02-18,552-759-7107x56335,jbuchanan@example.com,325 Jean Ridge Apt. 379,62072,2025-07-22T19:45:31
9d8776a0-72d7-4bdd-b817-99ffb49e04cc,Andrew,Dixon,Male,1948-10-10,(529)651-8779x4176,michaelstrickland@example.com,05597 Kristen Island,64031,2023-02-08T10:25:39
3735262d-4184-4b03-84dd-7054144823f7,Cassandra,Herrera,Female,2023-08-31,699.514.0388,ahenderson@example.com,24006 Miguel Trail Apt. 768,21076,2024-04-17T21:32:02
9bdf90f2-ba2c-4f19-b0b2-a5d18c7e6f42,Sean,Edwards,Female,1972-12-30,243.797.4292x501,uwood@example.net,065 Thompson Ridge Apt. 459,99655,2024-03-09T13:42:22
3cd5fd7f-49c1-4669-86b3-3fe61c76bdf6,Benjamin,Hunt,Male,1953-09-18,311.822.1823x1555,karen76@example.net,662 Lisa Mission,21349,2022-04-05T10:11:05
a3925731-6b79-4fcc-bd0a-5f0c0c394ec7,Kathryn,Melton,Female,1966-09-18,508.500.3700,stephanietaylor@example.com,6084 Johnson Station Suite 810,26731,2024-04-11T09:49:35
d6312a80-1c61-4ec2-9014-2131750565f5,Barry,Perez,Female,2002-08-27,4512958263,joseph58@example.com,94535 Long Run,37906,2023-09-10T00:06:33
a1c7cc8a-0435-4b64-893a-d23298c3e3ca,Anthony,Morrison,Female,2024-06-03,+1-686-732-1061x33943,obrown@example.org,80403 Michelle Ford Suite 657,51717,2024-04-30T06:35:57
4a90cd0c-24c1-43b9-b7f2-85723defa849,Karen,Mccall,Male,2001-02-12,+1-294-231-9100,sarah47@example.com,05336 Jones Mall,86173,2021-11-12T04:18:50
92170475-3d95-4e3f-9a52-26e69d642932,Kenneth,Johnson,Male,1952-02-10,924-673-1072x0113,andrew97@example.org,16600 Reynolds Mountain,54558,2022-07-07T06:42:41
8603156a-15ea-4bcf-ab10-21ceaa143cd8,Teresa,Ray,Other,1941-10-04,+1-814-947-3404x33700,jennifernewton@example.com,95778 Nathaniel Landing Apt. 556,23302,2024-03-27T17:14:55
8b48f496-86ab-44e7-b412-436011536e99,Richard,Mcdonald,Female,1983-01-20,001-942-978-6561x94255,pamelacooper@example.net,582 Tiffany Turnpike,27477,2025-04-11T11:53:21
0534a101-8ddc-4719-81f3-8dd4fd034ada,Heather,Miller,Male,1992-10-15,488-508-1904,tracy55@example.net,639 Brady Spurs Apt. 372,91457,2025-07-30T02:08:27
630aa767-a2bb-422b-8b25-1279785ac5d0,Karen,Moran,Unknown,2004-06-06,372-514-3643,smithkenneth@example.org,114 Tapia Manors,47361,2024-08-01T03:03:49
5b6a8102-0428-4378-bf50-23f440ef3935,Richard,Wolfe,Female,1976-08-16,965-734-6997x99070,anthony76@example.net,9957 Norman Oval,11881,2023-10-16T01:53:19
a837fe68-bba2-45ca-bdba-6da85844f9fc,Johnny,Davis,Female,1969-03-01,001-517-865-3970x5487,smithdavid@example.net,718 Steven Square,74563,2023-06-03T09:42:50
c1b5b5ca-bc35-46df-94f7-9dbac5811d2d,Laurie,Nichols,Male,1942-05-25,791-887-2742x049,mcdanieltanya@example.org,7306 Kelsey Cape,40121,2022-07-19T04:06:26
56ab087a-8bc7-4e81-9a30-45280b599562,Jeffrey,Glenn,Female,2015-03-11,737.811.2229x9077,ericksonrachael@example.com,7046 Jones Corners,34943,2025-07-02T23:26:01
af475b49-c775-4395-9494-05f02cd2a404,Stacy,Howard,Male,1990-05-22,632.910.2192x37858,arellanodiana@example.net,80332 Anderson Squares Suite 050,67373,2025-02-13T15:24:06
2ea9c542-a1b9-40d0-ba81-04deb20507bb,Alexander,Warren,Female,1971-12-15,001-580-942-5373,gmendoza@example.org,812 Michaela Drive Apt. 781,74708,2022-06-21T07:03:58
f1901b7e-c6b4-49ef-b74e-ba9310275b53,John,Molina,Male,2020-11-29,(834)960-6056x035,kaitlynanderson@example.net,239 Crawford Club Suite 906,09195,2024-02-27T22:34:56
ca862225-0b36-4356-b39b-77a84b1f0d7b,Christopher,Snow,Male,1955-07-31,001-905-846-4754x89547,taylordavis@example.com,891 Soto Groves Suite 983,41533,2025-09-17T03:43:59
4f612217-eef1-4694-90ca-e32d0aba590e,Rebecca,Solomon,Female,2012-10-19,854.535.8644,leahbarker@example.org,885 Lauren Prairie Apt. 143,27466,2024-04-24T13:20:03
7930ba20-8b04-4f49-90be-73eefd372539,Kristy,Greer,Male,1960-09-06,+1-375-636-7497x8524,levylisa@example.com,34778 Dixon Manor,26609,2022-11-25T03:26:39
493e904d-30ec-4796-a59b-457fc0d7ac73,Brent,Patterson,Male,2002-05-25,+1-217-366-5122x150,daniel84@example.org,630 Alejandro Junction,82337,2024-10-30T04:58:20
a7de02cc-dda4-44a7-8c3c-e284c7e53bbb,Joshua,Jordan,Male,1967-02-19,299.794.8532,georgeburch@example.com,902 Ashley Ridges,35854,2025-03-18T23:36:33
6fdc0bad-5e36-4127-8ca1-b45c1fdd980a,Todd,Davis,Female,1991-01-29,237.592.2341,ryan96@example.com,11677 Jocelyn Lights,81117,2024-12-17T13:17:34
f4dbca07-e506-4670-b092-947dbe4969ec,Omar,Weaver,Male,1972-09-30,876.985.5078,nathanwarner@example.net,63355 Hill Stravenue Suite 369,62067,2021-11-15T02:27:33
b12b6680-7f07-4cb9-afd3-40c0f945f2fd,Glenda,Elliott,Female,2023-08-13,001-917-806-9556x076,kimmichael@example.com,7223 Meghan Light Suite 031,93182,2025-08-31T02:44:42
4447ceab-84ef-4324-8c1b-4157ec9f9c54,Erik,Gilbert,Female,2011-01-03,8416847242,jeremycollins@example.net,19092 Kelley Manors,22511,2022-10-10T09:14:44
6e3c4532-1434-4f62-acac-028cba220065,Andre,Ali,Female,2017-10-14,001-411-414-2817x852,kristinnguyen@example.org,088 Phillip Expressway Apt. 722,32210,2025-06-07T23:27:11
4b3446bc-8ba4-45cc-ae32-6567d284f54e,Chelsea,Richardson,Male,1973-10-10,237.621.3290x162,frice@example.net,868 Hayden Pike Suite 996,99018,2022-11-02T23:22:05
4baf0f5e-a932-4094-93f2-8f11147f6570,Alexandra,Russell,Male,2004-03-30,620.731.9541x9666,edwardsjames@example.org,2792 Sanders Divide,02647,2025-08-07T06:35:31
2aa93b43-6d15-416f-b7b8-c1a59a45693d,Jeremy,Gonzales,Female,2002-01-06,(777)253-7260x3214,steven66@example.org,8870 Jones Isle Apt. 482,01950,2022-03-14T18:13:29
ba108217-0ad7-49a2-b277-16ec59fefbbc,Dustin,Dawson,Female,1972-06-17,7089385076,christy45@example.org,7680 Yolanda Drives,50036,2023-03-05T06:20:46
6f5842c3-ff86-4c31-9d66-e8155a4153b3,Donna,Gonzales,Male,2022-03-21,622-231-9646x300,jameshudson@example.com,8943 Vickie Estates,05411,2022-11-24T20:13:45
0eaf04b5-f2a9-4c8a-8a9e-4a62fae3114b,Jessica,Buchanan,Male,1965-08-02,727.711.7595x749,elizabethconley@example.net,330 Webb Isle Suite 760,78055,2023-01-17T22:57:53
83599af6-5d01-455f-a7fd-64c4a334058a,Laurie,Scott,Female,1955-11-27,+1-733-837-2188,vbarnes@example.com,29715 Ryan Via,57146,2022-06-04T16:38:03
07f8d4f0-f3ea-4184-a8f4-e3ceadedda80,Robert,Good,Male,1981-03-12,(614)537-7693x663,matthewharper@example.net,11102 Vasquez Course Apt. 007,23775,2021-11-28T03:57:23
702c1821-c804-4fb7-ad97-3b679b89e5cb,Dennis,Terrell,Male,1985-09-07,+1-259-510-2451x09109,pennyholloway@example.com,9498 Marie Haven,18669,2022-01-17T06:37:04
a52964ff-c74c-4890-bc6a-3174113634a5,Steven,Phelps,Male,1957-03-10,+1-781-679-3406x5277,desiree66@example.org,533 Hernandez Drives Apt. 109,15930,2022-05-25T19:17:37
084a6780-9136-41f8-b310-46dc6202bee6,Daniel,Cole,Female,1956-02-03,001-614-555-9376x6189,xdouglas@example.org,51004 Lopez Parks Suite 657,17920,2025-03-28T15:54:45
5ef787b8-f2e6-495f-b32e-2016add702c9,Mark,Levy,Male,1993-04-01,+1-559-920-2461x75202,rebecca26@example.org,559 Rogers Cove,63782,2025-01-18T23:31:34
233ffc82-92ec-49af-93ae-c376c359810a,Madison,Mason,Female,1964-06-28,(558)848-6899,gibsonjennifer@example.net,704 Smith Radial Apt. 767,80292,2024-03-14T19:16:30
4758367b-a649-4cdc-907b-907265e58f34,Jerry,Edwards,Male,2016-03-09,674.240.3946,billycrane@example.com,0601 Nichols Plains,55125,2021-11-02T18:42:41
2fa0d842-bc55-400b-86a2-41af1d0af7f7,Warren,Cisneros,Female,2022-11-15,790-479-3884x1368,alexisjordan@example.com,0124 Diane Skyway,34198,2023-07-15T23:10:06
1e2595b8-8fc9-486b-a9dd-ebf563119aca,Evan,Simmons,Male,1958-01-27,(314)648-8112x103,danielhayes@example.org,179 Floyd Knolls Apt. 526,25312,2024-02-02T11:48:31
36ee1640-723e-4466-b43b-d27f42a259a6,Sierra,Swanson,Unknown,2020-03-12,001-811-822-5288x37505,aguirrekimberly@example.com,39791 Mary Tunnel,65299,2024-02-21T08:55:01
ffa623d0-ea9e-4c8d-b1a8-b71f491b90e9,Kelli,Hughes,Female,2023-03-20,(830)207-3095x055,michelle12@example.org,277 Wilson Valleys,04758,2025-02-10T15:02:26
12f5131a-da52-42ee-a2bf-18f51f652a87,Mary,Stewart,Male,1978-03-28,+1-864-401-0424,matthew61@example.net,74460 Tina Islands Apt. 128,79525,2024-04-26T18:04:40
ff4c96d6-71f2-4e8f-b69f-68c3e60fd420,Melissa,Cox,Male,1948-09-19,655-312-9391x304,rebecca41@example.com,6154 Derrick Court,77611,2021-10-14T14:52:06
fc902838-d874-4408-b7b2-17c7ae92ea71,Daniel,Woods,Male,1999-08-18,(468)314-2983x152,ruizjessica@example.org,836 Erin Wells,36324,2024-03-22T05:58:29
8ccc9cea-109f-48ee-b5a4-720058f0dd23,Laura,Parsons,Female,1961-04-17,883.806.3963x8452,joseph91@example.net,9701 Garza Summit Suite 292,84494,2024-03-27T16:57:45
28524385-d9f2-4d0d-8cc9-f5f2e42e5037,David,Lambert,Female,1953-10-17,001-203-530-1623x419,greeralexander@example.org,72215 Rowland Lane Suite 732,27604,2023-06-05T00:13:27
2c913a7c-a340-4f08-b341-91b8ed6522b4,Michael,Berg,Female,2025-11-27,977.446.0406,harringtonmartha@example.net,436 Nicole Divide Suite 426,02305,2023-10-13T12:49:34
fc31a597-1f11-4c0f-b967-e60a823dd107,Kristi,Moreno,Male,2015-08-03,554.937.3476x427,andreyoung@example.com,88214 Boyd Spurs Apt. 484,98333,2023-06-27T12:57:42
7e7838c9-ca55-438b-bc9a-be10238d6f44,Andrew,Bradley,Male,1950-05-06,944.238.9982,susanmurphy@example.net,507 Jacob Street Suite 644,77334,2022-08-14T06:02:35
77a7e8b7-5e70-465f-9280-c5aa8dd4595b,Courtney,Santiago,Female,2017-08-22,001-795-216-7933,michael38@example.com,68011 Jesse Way Apt. 376,70621,2024-11-28T18:57:43
e25df9a8-9ca8-45c4-a138-afe08d38bbd8,Charles,Becker,Male,2010-06-05,323.633.5104x096,forozco@example.com,114 Bradley Spurs,36818,2024-01-26T22:07:43
b788f5d1-ffe5-45f6-a5ed-cfe34f2dad3f,Gary,Todd,Female,1936-08-18,736.751.1893x9406,khawkins@example.org,904 George Estate,31200,2024-11-27T00:26:46
68d0a2a8-c4e7-47dd-a929-de738693fd9d,Brandon,White,Female,1964-03-21,224.370.7392,michaelsherman@example.com,12760 Nicholas Place Apt. 611,21149,2022-09-02T09:18:32
5128b9b1-f8ed-40ca-a015-6a7212e153a6,Charles,Perry,Female,1994-12-02,924.488.8995,stephaniecoleman@example.net,5493 James Hill Suite 871,76706,2022-04-05T13:51:08
8471b4b0-ae1b-4f69-b740-d83173318749,Laura,Martinez,Male,1943-02-02,481.587.6920,johnwilliams@example.net,88158 Jordan Isle,72447,2022-05-07T22:32:30
8d2238e6-c7bf-4fbc-943c-dd6de0c1ff1e,Maria,Williams,Female,2002-07-11,823.318.2971,steven45@example.org,00015 Katherine Valley,83999,2024-04-05T11:06:13
21084dd9-f75d-4e3c-848d-56502e9522d6,Christopher,Watts,Male,2001-03-14,778-850-9025,nortonwilliam@example.com,2182 Mitchell Pike Apt. 224,66222,2024-05-31T02:21:43
d4d60735-0e2f-4958-9e43-1e06e9247069,Kristina,Edwards,Male,1999-07-31,6865700900,vreed@example.org,848 Richard Port Apt. 362,35813,2023-12-12T06:17:39
2976aab2-2a26-4770-8ddb-1b36272c0588,Jeremy,Morris,Male,2025-10-09,9542296080,aclark@example.net,509 David Circle Suite 016,33637,2025-04-27T08:38:48
f28e4122-5894-47f1-b9b8-6bb2b596ca7c,Allison,Zamora,Female,2007-10-21,001-304-842-8773x8363,john12@example.net,428 Russell Estate Apt. 362,48769,2024-11-03T08:47:50
143029a9-d88f-4c94-88b7-63d5e519dd7e,Jessica,Rice,Male,1964-11-15,444-717-0646,katherine02@example.com,558 Kelly Way,96084,2021-11-13T12:44:01
46426c45-8d03-417a-b4d3-75c1a29319fa,Elizabeth,Harrison,Male,1977-08-25,(444)689-8803x15388,jessica27@example.net,504 Victoria Highway,31803,2022-08-22T06:54:45
17eaec83-8892-442f-9d4b-2bf94d85e9c7,Sabrina,Clark,Female,1984-02-03,384.395.1632,dawsonshawn@example.com,093 Brittney Roads,89470,2022-08-11T22:59:35
94a53fde-f10d-47c8-9780-c2152b2bb8e9,Travis,Taylor,Male,2023-06-02,830-260-1198x75617,buckjason@example.org,156 Andrea Villages,78776,2023-12-31T04:39:53
e6e987ca-b87b-4384-9fdd-de2ea8a2b7ad,Sandra,Sanchez,Female,1987-02-12,777-444-9160x93659,jonescassandra@example.org,84336 Cooper Burg Apt. 632,95260,2022-06-10T08:03:03
0a8bb5b4-9049-4583-ac86-a890d7b00bdc,Shelly,Obrien,Female,2004-08-12,(313)674-5561,dominguezmeredith@example.com,860 Mccoy Tunnel,44736,2022-10-12T13:34:09
f2d3f761-0ba3-4279-94cb-056407437c3b,Travis,Foster,Female,1995-01-08,001-708-811-2600x3083,fwilkerson@example.org,71531 Katrina Glens Suite 506,67226,2024-02-10T05:44:07
35f789bc-a6b0-4458-83c0-7d4393a74792,Isaac,Armstrong,Female,2001-10-29,+1-676-282-9384x4013,vdeleon@example.com,8826 Jason Rue,49561,2024-05-19T23:55:27
07c0d116-a394-4d54-9e3c-5a886aa56e6d,Jennifer,Brown,Female,2026-07-20,(470)290-8599x144,lbraun@example.org,996 Kane Shoals Suite 899,98283,2024-11-15T00:44:27
a4540937-4a27-4bf2-8baa-f744a08dd21b,Erica,Juarez,Female,1997-11-08,584-428-5969,annette40@example.net,932 Daniel Villages Apt. 426,53481,2024-03-02T09:39:55
ceae71cf-ce00-4af0-beb0-51817ba24588,Anita,Pineda,Female,1991-04-09,+1-508-672-6176x072,abigailrobinson@example.net,382 Mary Haven Apt. 561,19173,2025-08-09T23:38:51
b048faa1-12ae-4c22-b41b-77f54c24a053,Heather,Bishop,Male,1982-03-23,6823695826,wberry@example.com,08761 Katie Valley,69773,2023-02-07T16:46:14
76e5ae78-7bf7-41d3-aa66-2fce7089fc6d,Ashley,Hooper,Male,1952-02-15,234-468-2394x840,agoodwin@example.org,661 Darryl Track Suite 831,11145,2024-08-11T13:58:34
dc8a4922-5005-480f-a4c7-78a59b4e164b,James,Salazar,Female,1939-03-27,3167809414,chavezkim@example.net,762 Jessica Forges,84059,2022-12-17T01:05:37
586a346a-dc5b-47d1-bcef-1972bbf483ce,Joseph,Huang,Other,1995-09-27,494.762.0726x629,peterschristopher@example.com,0299 Kayla Greens Apt. 688,34946,2022-01-20T17:13:13
83d5bceb-5edb-48ee-82ba-f0e02179e3f0,Tara,Gonzalez,Female,1997-07-15,312.955.2356,marshalljamie@example.org,92061 Karen Freeway,67779,2024-08-13T15:06:30
1f5d988f-776a-4f09-bde2-885951b1943c,Louis,Mcdonald,Male,2010-02-03,001-656-613-3718,brittany29@example.com,64801 Hill Center,31500,2023-09-10T03:25:21
0cf477ef-18c8-4616-a410-8e9a3f779cae,Jamie,Wright,Male,1949-08-06,(378)912-7782x2102,curtislee@example.net,98579 Hall Meadow Apt. 831,68042,2022-07-10T16:29:57
6b0ae0e3-9d89-4047-9d39-d7936257a4a2,Amy,Ferrell,Male,1991-05-09,8538970798,chavezisabel@example.com,68205 Nicholas Divide Apt. 223,82968,2023-04-04T00:22:31
d0401587-28e2-43bc-a6fd-d7afdd84cacc,Mark,Moore,Male,1989-04-20,+1-350-458-7146x92182,ashley79@example.org,69984 Stephanie Crossroad Apt. 509,91175,2024-11-14T20:12:59
3098f7b2-500e-45c0-b89b-df7f93e34c35,Jerry,Wilkinson,Female,1994-09-20,001-394-684-2495x9881,shannon88@example.com,715 Joe Plains,53146,2023-09-03T16:20:46
7781321e-83c5-41cb-bef7-d9ea7f8e5483,Peter,Gonzalez,Female,2025-02-23,(909)974-6191,jcruz@example.net,722 Black Flat Suite 085,89834,2023-12-31T23:56:27
170d7507-05ee-41d4-bf53-a88e4efc8248,Aaron,Schneider,Female,2020-11-08,750.940.5669,johnsondavid@example.com,554 White Pine,52035,2023-09-24T00:59:50
3da06476-f778-4676-b50d-112e8164ceec,Brittney,Gonzalez,Male,1983-10-24,+1-342-732-8946x338,fmartin@example.net,85725 Jackson Ports Apt. 693,91543,2022-09-18T16:13:39
4806f804-0cf0-474c-8c74-dc0f5a575539,Matthew,Franklin,Female,1986-02-17,938-618-6550,jherring@example.com,574 Walker Fields,40690,2024-06-10T03:41:06
ac2a4f71-a77d-45f1-97c4-fe9ce1e0fffc,Cindy,Rich,Male,2005-06-29,001-711-579-7203,laura15@example.org,1547 Mark Islands Apt. 132,48487,2024-05-27T13:31:39
1b84edc3-d8e0-49de-8217-ea0e896490ab,Olivia,Roth,Male,2000-07-12,001-681-336-7500x9421,parsonsgregory@example.com,987 Cassie Village,17754,2024-12-28T12:54:17
5da39a73-ba3d-47ff-83b4-7ee5e1e89e7e,Timothy,Nelson,Female,1953-06-06,888.885.6225,sosamichelle@example.net,8744 Devon Squares Suite 854,71456,2024-06-16T10:28:50
0d18ab95-668c-4477-8b95-017c5dae1201,Matthew,Chapman,Female,1985-04-08,294-228-2491x16502,moorekurt@example.net,313 Dawn Views,15670,2025-03-03T01:54:01
49e1cd13-8da0-4495-9cce-5ba931d4ee09,Mark,Stewart,Male,1964-02-14,4553708368,kevin88@example.net,9972 Mccarty Spurs Apt. 677,94789,2023-01-06T00:50:46
8cc36f3b-c3af-4cfe-b34a-6ca38116e3fc,Dawn,Hernandez,Male,1936-08-19,(558)425-4318,mclaughlinjames@example.org,92049 Brian Streets,01564,2025-07-14T22:33:07
9c6d52d5-ae2e-4af9-9f8c-c29ffd350c5f,Christopher,Sanchez,Male,1971-06-24,923.487.5082x7681,rachelcastillo@example.com,584 Taylor Drives Apt. 529,12328,2023-12-11T02:10:04
5f89ed12-64d6-4fbf-98c0-1e2bf99f0704,Lisa,Bond,Female,1997-07-01,(983)516-0827x1721,scottlove@example.org,52229 Joyce Extension,13714,2024-11-19T18:20:26
5d986115-f05e-4efe-8ece-112856ce4b42,Ronald,Murphy,Female,2015-05-30,743-588-2325,lukecase@example.com,77732 Roberts Brooks Suite 449,65790,2024-05-14T21:03:05
66c14dca-8255-4a61-9a3b-031932f57510,Jennifer,Wilson,Female,1996-07-30,+1-597-902-9271x205,nhiggins@example.com,98832 Anthony Spring Apt. 256,96079,2025-02-17T12:33:29
b6adf48b-2314-40c8-89f6-44050b990034,Jessica,Brown,Male,1961-05-31,(900)748-7978,heatherbowen@example.com,38600 Andre Hollow Apt. 619,75716,2023-02-18T15:13:14
2620f9a9-74fd-43d1-84f2-fd0f79474bfa,Daniel,Jones,Female,1957-12-14,291.302.9295,james48@example.org,309 Gay Corner,28080,2024-09-09T06:09:29
ee6e2e72-53f5-41dc-a3c8-afdb83f82f16,Brittney,Davis,Female,1951-06-11,(960)822-1321,igoodwin@example.org,111 Powell Curve,24186,2021-12-12T09:42:29
9dd2f9de-fd98-4e33-a498-abe92999bbef,David,Griffith,Female,1996-07-14,(658)573-3930,njames@example.net,274 Edward Tunnel,37469,2022-07-09T00:15:17
81df6517-561c-4210-97fe-56c54c9a9f24,Craig,Mitchell,Female,2011-10-06,+1-268-525-0952x29462,virginia56@example.org,99529 Colon Trail,13237,2022-09-28T22:01:30
901bcdef-b56f-48ce-bd66-971e88476c56,Tanya,Wilson,Male,1973-04-04,465.585.8564,greencharles@example.net,27061 Mendez Neck,30753,2024-02-21T11:33:02
54cc1e2a-5e4c-4287-8442-51dbd0d4ea67,Troy,Brown,Female,2017-04-19,+1-607-316-6906x322,luis20@example.org,30109 Velez Lodge Suite 975,55969,2025-07-26T16:25:26
4ec3f970-956d-40e4-aaa2-6216fada98f5,Kristin,Dean,Female,1986-03-30,695.954.6234x712,csmith@example.net,81030 Spencer Courts,59395,2023-06-19T15:41:59
a1173719-b023-40ea-9f41-e335b9aed8e4,Joshua,Harding,Male,2002-04-26,(968)308-0815,brittanyoneill@example.org,071 William Lodge Suite 130,61049,2024-10-19T09:49:52
a7d4cf50-f791-41e5-83f9-cd6b797ebe87,Jermaine,Miller,Female,1942-04-10,858-447-4362x1300,amanda85@example.com,694 Johnson Crest Apt. 533,80056,2023-06-25T18:39:00
3a4045dd-93df-4907-9416-e4dcc6b28def,Eric,Patrick,Female,1995-07-31,966-262-1591x832,brownjoseph@example.com,45901 Brent Radial Suite 714,05396,2021-11-07T21:54:37
86341718-2ba6-4db3-bafe-b1149561c813,Kaitlyn,Baker,Female,1967-11-18,+1-381-794-9053,bobbybishop@example.net,497 Logan Pines,65096,2024-06-26T20:37:03
61542765-d756-4a9c-864c-96479ea7017c,Jeffrey,Brown,Male,1998-10-25,001-871-866-9841,hernandeztodd@example.org,9433 Kathleen Mews Apt. 389,78504,2022-12-31T12:02:01
9293f705-0815-4147-be00-980eae441e21,Brandi,Barr,Female,2018-11-11,901.442.6203x708,davisbrian@example.org,418 Joe Spur,92489,2024-12-17T21:55:24
70e7e756-04d9-445e-b0d7-3df71c221cea,Christina,Palmer,Male,2004-06-03,001-397-821-1708x89480,kevin22@example.org,8839 Compton Landing Suite 082,08590,2025-03-22T14:06:12
34323ec6-b0c4-401c-a9b7-c0fa26c432f6,Anthony,Fernandez,Male,1992-10-06,357.412.3691x4961,lcraig@example.com,688 Steven Terrace,51894,2024-03-25T05:00:26
78bb22a5-eba7-42d2-9c89-d374c66495a7,Sherry,Santiago,Female,2000-09-14,+1-804-209-5314x19615,plam@example.org,4883 Sharp Knoll,14526,2025-01-30T13:45:15
b4adaf89-0ff1-4a9f-ba37-0623bc5fd4dd,Sarah,Carpenter,Male,2025-05-28,+1-862-240-9649x66834,shawn42@example.org,28516 Ernest Knolls Apt. 648,72159,2022-04-20T15:52:27
ff84faef-5336-423b-8f96-468535145890,Aaron,Ponce,Female,1965-12-24,986-488-3906x246,eguzman@example.com,114 Jason Village,15305,2024-04-06T11:36:47
f4e95734-5052-4700-a077-96a38685abaa,Paula,Gamble,Male,1969-07-23,(492)536-1337x605,hullmanuel@example.net,5025 Christensen Park,19459,2022-11-19T16:15:58
8bd88fcd-57a2-4e4e-887b-03e5e980f808,David,Davis,Male,1979-01-12,+1-403-644-0966x1771,paynestephanie@example.net,7821 Miller Groves,54725,2023-12-20T11:28:59
ae455cc6-b88e-430f-9e1e-994ac5a11f5c,Melanie,Garcia,Female,1966-08-04,992-666-4869x89396,sbradley@example.org,9450 David Dale Apt. 075,32796,2024-09-25T03:05:20
7bf33a34-9c2d-4a97-83ad-3d62b17cfb21,Sarah,Small,Male,1941-10-27,(511)871-6039x886,john21@example.net,5906 Smith Burg Suite 248,76570,2022-11-01T02:10:45
4c6a70f4-8ede-444d-876c-f68c3f1be0d0,Harold,Carter,Male,1986-12-26,(248)696-6760x5642,rodney57@example.com,097 Tate Forges Apt. 890,56226,2022-04-29T16:02:39
c56bad4c-4c30-47c4-bb75-6923f910abb3,John,Casey,Male,1970-11-22,(762)526-5401x6599,smithsarah@example.com,12242 Patterson Neck,91458,2024-07-24T10:51:12
7d2f4e58-b47a-4c5b-b0b3-901535102852,Thomas,Morales,Male,1978-10-10,+1-616-801-1241x158,smithrebecca@example.net,79867 Frey Crossroad,26175,2025-06-28T01:32:16
ef3a6f27-ef06-4ccb-8f7c-1d59594b2a3a,Christian,Lane,Female,1984-07-16,404.272.6426x121,allisonperez@example.com,65968 Steven Keys Apt. 548,23416,2023-02-01T14:11:06
92cf6021-1f33-442d-89ac-908746015028,David,Powers,Female,1967-06-02,454.554.0064x45475,rodriguezsheryl@example.org,8979 Shannon Trail Suite 334,85050,2024-06-30T22:49:21
65001423-faeb-4d19-a550-8ea26133a34d,Erika,Jackson,Female,1958-11-12,2382862175,lawsonpaul@example.org,5306 Mark Plains,66435,2025-04-19T08:27:56
257f7595-cdfb-4db9-85e7-8b23f4613f09,Duane,Hanson,Male,1966-12-29,334-800-1816x77848,vanessa44@example.com,4608 Lori Lake Apt. 799,29001,2023-09-07T23:08:42
143b45e3-b6d1-46bb-b48f-709c49a22441,Janet,Tran,Male,1937-11-19,+1-853-491-2878x8486,torrestricia@example.com,1472 Bennett Camp,12237,2025-06-08T05:24:12
bf519362-41a6-4fed-a7ed-c8d8713f8f8c,Jessica,George,Male,1987-09-01,001-542-542-3839x728,hernandezdaniel@example.net,62932 Jennifer Point Apt. 221,06370,2025-03-29T08:03:40
4568f426-89e0-4e22-93f4-a49b33baba88,Daryl,Lopez,Female,1959-09-07,2012867661,hespinoza@example.org,3561 Brown Stream,31333,2025-08-02T23:35:53
1bf645f6-2324-4211-8588-fc1bb2384849,Angela,Mcfarland,Female,2024-03-19,419.580.7468,kyle95@example.net,03076 Adam Viaduct,37063,2023-03-04T03:12:04
0cfef683-3e11-4afe-bd41-96fe963a8617,Stephanie,Chapman,Female,1995-04-25,350-306-6664,steinphillip@example.com,13407 Garcia Ridges Suite 970,69024,2024-05-21T00:47:29
3b9b2d45-a350-45e4-b9c5-9df987f255d6,Alexis,Mejia,Male,1962-04-04,(868)934-8268x99962,riceamber@example.net,8791 Johnson Unions,78011,2023-08-05T10:30:17
78ef7666-b7a4-4719-948e-1f6b69ce1e4e,Henry,Chavez,Male,1946-04-27,001-476-809-3201,shawn89@example.net,0418 Kathleen Ports,48806,2025-09-29T02:58:39
f6eab3a0-0153-4221-a331-0a28c550eca8,Donald,Jones,Female,1998-07-04,(658)851-7774x127,kristendavis@example.net,1996 Ryan Fall,21828,2022-05-15T07:00:46
a723fb72-682b-463a-a86e-d390edd97a1a,Carrie,Woods,Female,2005-06-24,001-717-604-5421,todd05@example.com,92257 Jennifer Brook,96749,2021-12-24T17:21:25
a689b424-7a3a-40e1-b9c7-73a0e0decc3d,Bryan,Ross,Male,1982-05-03,(740)672-3247x28289,browntodd@example.net,47312 Jones Plains,49409,2021-10-18T02:17:24
4910fade-5238-4bf2-8988-e418f6c31218,Timothy,Brown,Female,1983-08-06,+1-901-319-5092,edwardsronald@example.net,537 Lori Dale,26664,2021-12-15T12:14:14
a6fd0cb1-16e6-45c0-84cb-294fe86e8e63,Antonio,Jones,Female,1994-04-25,001-650-707-4189,jeremy29@example.net,9893 Cooper Ranch Suite 471,54688,2025-04-29T14:06:57
d9af6e09-b91e-4d6e-bd1a-8f4b88ffbd40,Jessica,Chung,Female,2005-10-24,(673)748-1310,hernandezkim@example.net,21743 Kim Pine Apt. 526,69961,2022-01-10T08:04:29
6afa828c-2cd1-4b9f-abe5-841fe9c96c52,Richard,Nelson,Female,2010-01-12,(606)473-9834x48838,lauren64@example.com,055 Sean Mills,36768,2024-10-07T02:03:19
094d916d-eb6d-4fed-af15-8d5b2d007d05,Brendan,Ward,Unknown,2020-02-18,751-356-2392x09085,snyderholly@example.net,913 Stephanie Courts,61147,2025-01-30T09:13:27
2fb21e66-7ed1-4aab-89b7-c9bc65a16fa9,William,Hughes,Female,2017-07-26,+1-502-754-7602x20695,holly12@example.org,227 Glover Port,47338,2025-06-23T21:01:42
4a1a81f5-ed10-4004-9f4e-713ef64e3dfc,Suzanne,Smith,Female,1992-08-12,001-201-951-5325x94795,bradley71@example.com,79805 Schneider Fort,87850,2024-12-18T00:32:58
9a4ffc0c-9165-42ed-8c63-6e95025f5543,Maria,Williams,Male,1989-03-17,593-840-3910x4520,hunterholly@example.com,84913 Gilmore Ridges,23341,2024-02-02T16:59:15
74503887-48d9-4846-95c5-51fcfba57cc8,Michael,Wolf,Unknown,1968-12-03,(295)220-5610x067,jduncan@example.org,677 Williams Square,32172,2023-10-22T11:07:40
e3a68a70-7e71-4b55-8639-bd418b15bd94,Vincent,Benson,Female,1952-10-27,001-933-994-4953x006,kblake@example.com,32501 Lewis Light Suite 426,24571,2022-12-26T11:21:23
45d8a6ad-77d0-459e-8114-14f8d9df0d0e,Daniel,Medina,Male,1960-10-11,001-302-392-3345,mclaughlinanthony@example.org,053 Dana Plains Suite 843,02328,2022-05-31T16:28:37
bb2aa146-2999-494c-94a7-b69b1cd66b09,Olivia,Wilson,Male,1988-01-13,(973)729-0457x5988,christopherwatkins@example.net,2603 Robert Unions Apt. 027,49003,2023-04-10T21:08:20
039b058c-2faa-4e0b-b7f6-0cdf41dc1c60,Abigail,Jones,Female,1998-08-21,209.420.7115x238,ryanbernard@example.org,58189 Sharp Spur,48478,2024-03-04T22:22:16
aca58d95-915a-4c30-8b86-b5a1ca6fbff8,Cody,Rodriguez,Female,1951-01-07,463.385.5881x95977,chawkins@example.net,3789 Carlos Lane,80278,2022-06-05T12:17:31
a383889a-db2c-4ac8-9c67-83932ced3c0d,William,Perkins,Female,1959-03-24,545.640.1822x72002,colleenroberson@example.org,204 Joshua Oval,37038,2024-07-21T15:21:16
53f30073-83e9-4ef4-ad7d-f5d0d3b59af7,Jason,Anderson,Male,2007-03-16,001-511-265-9930x2020,sharon23@example.org,775 Heather Cove,32443,2023-05-10T17:14:59
fb4fb88a-2f4d-4219-986b-2880ab545a15,Jennifer,Williams,Male,1953-07-19,916.950.6463x00593,lkelly@example.org,10291 Fleming Via,90388,2024-12-04T12:11:57
01bf9e73-3f80-4385-af92-40b652d78f10,Charles,Evans,Male,2018-07-13,6293831043,jmyers@example.net,16708 Michael Point,48810,2025-05-07T05:01:55
4459bd6e-c0f6-4229-b25d-42593c4b1eec,Robert,Booker,Female,1989-04-15,206.636.2198x655,kimberly44@example.net,6634 Jennifer Port,55136,2023-03-26T10:48:07
92a81713-b90e-444b-951c-25d54d4c5280,Alan,Holland,Male,1987-01-25,(373)622-6261,jonathanfloyd@example.net,585 Nunez Courts,89522,2023-12-16T22:18:38
3c7e5368-b159-4847-9c0b-9b10a757cb10,Melissa,Fields,Male,1941-02-11,+1-679-391-9623,mbaker@example.net,24725 Michael Freeway Apt. 343,05053,2025-03-17T23:59:23
28e333b6-4e8a-4c4b-b724-20411e43fbd2,Hannah,Jones,Male,1985-07-23,+1-987-860-5457x69475,jennifer53@example.com,5974 Hughes Stream,78442,2025-01-27T07:05:24
e346f415-e526-4a2b-ac50-ace480a52e65,Wesley,Rivers,Female,1944-06-02,(634)321-2545x08095,jacob69@example.org,9664 White Walk Apt. 074,18419,2022-10-15T14:13:15
a38295d3-1e0e-4546-b0b6-dedf4f9c4027,Micheal,Love,Female,1951-12-01,826-314-0489x332,kimberly43@example.net,9637 Damon Springs,02869,2021-11-23T23:24:24
3889936a-9d58-47e8-9e17-5b664b87959f,Amanda,Parks,Male,1952-05-14,785.422.1158x7184,michaelmontes@example.com,8744 Williams Parks,25928,2024-07-02T23:17:44
74797b61-2737-4b52-ba6a-210722319050,Tammie,Kane,Female,1939-03-19,001-886-752-3777x296,dlopez@example.org,0052 Randolph Circles,03723,2025-09-18T07:45:35
b3b26337-6a74-4bb7-9fa5-e0aa9b11b530,Sharon,Nguyen,Female,2006-06-03,+1-300-802-7221x42573,munozjeremy@example.net,68172 James Flat,50057,2024-06-01T07:25:14
cd4f8b2b-899a-4252-81e1-b94a78883058,Michael,Fletcher,Female,2006-04-12,001-562-509-2973x52595,garybowman@example.com,938 Aaron Lakes,62587,2024-09-16T02:48:43
ae2ae341-3f59-44f2-8309-3b6e37e9d2e2,Heather,Kline,Female,1965-12-27,(332)236-6185x076,lwilliams@example.com,82360 Alexis Crossing Apt. 615,85017,2025-05-13T13:15:54
86879aa9-14f5-43d0-8991-2032df85c777,Stephanie,Hooper,Male,1966-01-06,+1-882-917-6484,markmolina@example.org,32228 Cynthia Throughway,80117,2023-01-05T01:18:39
ead08c89-13fe-4a29-9c9d-eee0b42a0456,Jon,Moore,Female,2012-01-05,+1-292-822-5606x29535,marissareid@example.net,11804 Sutton Overpass Suite 130,64145,2024-08-12T15:36:07
e723ada3-8c32-4db2-942a-895e0fcf601f,Leslie,Gates,Female,1977-04-06,001-818-552-0136x26084,ysandoval@example.org,470 Flores Port Apt. 215,11835,2023-08-04T10:49:14
2a1f1b61-265c-49d9-8962-8f6e929c93b3,Tiffany,Adams,Male,1946-04-25,001-855-564-0919,shannon75@example.org,0204 Ryan Estate,87881,2021-10-31T13:13:50
ae27d432-1dc1-47eb-b11c-767385351a69,Charles,Camacho,Male,2003-04-16,821-824-1393,ppatel@example.com,98731 Ronald Orchard Apt. 192,17783,2023-08-19T13:34:59
e61d9cde-1747-4387-bd23-d47995492a82,Denise,Leonard,Female,1939-08-15,659.588.9786x533,morrisoncrystal@example.com,3089 White Crossing Apt. 021,77321,2022-01-23T23:19:38
21c71aa3-7414-43b5-8e3e-25f2cf0671c7,Michael,Johnson,Female,1983-04-13,964.849.7470x0026,kyle67@example.com,797 Dyer Corners Suite 365,56420,2024-09-15T05:47:47
8f0d5540-0ec7-4662-905c-7bdd74f0beae,Vicki,Scott,Male,1980-10-06,2068355373,annette92@example.com,19529 Walker Ford Apt. 597,94743,2021-10-20T18:02:41
0592bfa5-b928-423f-8ee4-334ece920136,Harry,Bailey,Male,1957-09-30,727.863.6431x59489,sandra66@example.org,4434 Floyd Turnpike Suite 916,75131,2025-09-18T23:50:45
37c86152-beed-4af9-80c5-9f30d1031424,Carrie,Sanchez,Female,2018-06-11,844.697.4394,foxerica@example.net,30958 Anderson Stream,63026,2024-11-05T09:08:12
b34c6c73-5833-4b30-ac77-6e950b981ccd,Savannah,Mcneil,Male,2008-05-01,+1-489-341-3210x9720,egill@example.com,534 Wood Mountains Apt. 203,01832,2021-12-14T01:12:48
e4eb8000-ef40-4162-8f6c-e9bffe7ee362,Kevin,Knight,Male,1977-03-12,(512)993-9002x5121,michele58@example.net,59570 Arellano Common Apt. 145,72924,2023-01-14T20:28:46
497ec6d1-081f-46dc-b8d9-a88aef0bea4f,Jaime,Dominguez,Male,1989-09-26,(831)413-8850x3423,arthurwright@example.com,2463 Andrew Fort Suite 968,97684,2024-09-19T03:45:26
a43afb7a-c40d-4874-a2ab-7752c4db5a62,Emily,Barrett,Other,2009-04-19,2084529469,lucasteresa@example.com,74304 Mckenzie Centers Apt. 385,06652,2022-06-19T04:14:33
5fdcabbf-6b9c-471c-b6ba-745ba55871e3,Fernando,Hansen,Unknown,1973-12-02,(265)427-5233x28293,taylorrichard@example.org,03033 Ortiz Mill,09377,2024-11-21T17:14:45
eac80da1-de9f-4f5b-b2d3-545861ea2f30,Heather,Santiago,Female,1993-12-26,250.476.2799x553,darlene30@example.org,98472 Anthony Groves,94445,2025-09-03T07:10:12
f6d22a7b-aec7-4a82-948b-4376602a4e57,Stephanie,Anderson,Female,1953-01-21,+1-447-419-0172,brett50@example.com,8717 Morris Green Suite 199,24471,2025-09-15T08:27:56
dc3bbdd8-a74e-42a9-a20b-9ea98a0f9508,Joseph,Hughes,Male,2022-11-05,+1-338-472-7258,leviwilliams@example.net,6844 Stacey Oval Apt. 379,10502,2025-02-23T11:51:04
649f7d88-8989-45ab-be2b-34d82db0728d,Jacob,Anderson,Female,1947-06-19,8182780358,gibsonbrandon@example.com,039 Michael Radial Suite 529,42226,2024-11-23T12:19:23
d5b6de85-3902-49d9-ba8d-ae42ba54e920,Nina,Duran,Male,2002-12-31,922-427-6433,andrewvincent@example.org,62654 Horn Fields,26099,2024-11-30T23:59:53
76876c62-4c61-445e-ba7e-5d9405d1fb63,Jill,Schwartz,Female,1962-05-17,944.747.0488,nelsonandrew@example.org,9685 Cheryl Well,41555,2022-07-29T17:12:28
6118433b-882c-4d1e-ac93-a7918b60c511,Kristin,West,Female,1970-10-18,+1-926-963-2956x342,kflores@example.org,206 Norma Keys Apt. 292,04141,2024-07-20T12:44:24
27b608dc-589d-4cb0-b5eb-89c23f5cf2f3,Miguel,Hardy,Male,1957-03-23,(494)711-5630,katherine96@example.org,72629 Beck Falls Apt. 661,44439,2024-08-03T16:57:48
c3f725fe-b99b-4b5a-a00d-a49deffa2002,Jonathon,Robertson,Male,2023-09-24,+1-585-413-3138x00498,fuenteschristopher@example.org,15481 Medina Ways,57575,2024-01-30T14:17:31
9d6b9b62-6b53-4a19-a902-b73fcf39f648,Robert,Porter,Female,1990-05-28,601-491-8548x8064,williamspaul@example.net,8735 Parsons Loaf Suite 464,98196,2022-04-10T20:46:44
3d9c4e64-0401-4ced-a398-36bbe23ddfaa,Caitlin,Ramsey,Male,1965-05-25,321-292-6221x3204,frank48@example.org,7891 Thomas Ridges,59026,2022-06-03T17:27:20
7249f62c-0898-4462-980c-b95c19d45deb,Marcia,Sullivan,Female,2018-09-15,+1-294-598-1283x180,bhenderson@example.net,000 Mayer Summit,21642,2024-01-24T01:45:38
3ea6e5b2-0c76-4d28-9f49-5037b40a9181,Matthew,Stephens,Female,1961-06-05,505-205-2438,angela26@example.net,990 Shannon Place,91924,2023-08-10T18:48:11
8a2db2e6-3bfd-48a6-b05f-ddf566fadca0,Frank,Ellis,Male,1995-02-16,532.983.8963,fmccullough@example.net,186 Raymond Cove Apt. 684,14743,2021-10-09T15:58:29
23dfecd7-0e73-4dd7-86ac-1b04dd1d6cd1,Teresa,Lee,Female,2026-02-10,323.939.2188x35279,jeanette06@example.com,1065 Adam Plain Apt. 431,81918,2022-04-24T08:31:51
ea98fef8-d0d7-4e37-bbf2-025f4a0d2b73,Stuart,Wallace,Female,1991-07-14,578-615-9698,donna20@example.net,665 Ferguson Track,22890,2024-05-15T12:48:41
c5c51060-9911-41e7-93d5-63ae51a3ac26,Molly,Andrews,Female,1948-08-02,(457)734-9899,jeffrey46@example.net,4299 Sean Road,62783,2022-05-18T02:20:58
e0527739-4d40-4f1b-bca5-be2952171bf3,Kathy,Jenkins,Male,2016-02-07,617-999-6708x0897,angie99@example.com,1839 Rodriguez Mountain Apt. 478,83065,2023-03-25T18:52:26
69df14e9-3896-41dd-8570-b59fa903ae67,Jamie,Quinn,Male,2008-10-10,+1-716-249-8044,elizabethrobertson@example.com,2102 Taylor Mount,05623,2023-06-16T15:43:02
97777f10-f2d2-493f-8e85-140d0f9aeb70,Ricardo,Tran,Female,1944-02-05,5822484581,nancyballard@example.com,8839 Green Walk Apt. 856,31507,2021-10-31T00:33:10
adc29178-a041-4612-acd5-8759e95d2761,Edward,Choi,Male,1986-03-14,7005305661,pruittstephanie@example.com,84937 Reynolds Port Apt. 870,86173,2022-04-10T04:29:38
582b91ee-f8e8-435b-8c00-988a7ee1011a,Alyssa,Martin,Female,2023-03-30,6016365103,stephanie42@example.net,7456 Cardenas Landing,22106,2023-01-18T19:08:03
86433603-c92a-4d7c-a193-5990abdd1a8f,Shelby,Gray,Male,1952-12-02,855-499-6725,sheilawhite@example.net,3347 Jonathan Inlet,63468,2025-08-07T16:23:50
4cc57e0d-2633-4018-a883-ac6e6a944054,Paul,Weaver,Male,1980-02-03,(293)996-5213x835,monteskarl@example.net,12900 Preston Shoals Apt. 117,31542,2025-09-11T10:22:44
3db0174e-7938-478a-89b5-aab0c12169db,Kimberly,Thomas,Female,1998-10-28,726.448.8395x8558,breannatorres@example.net,51618 Burns Ridges Apt. 710,44539,2025-08-31T17:10:28
24f43c62-b523-40de-9b87-d29c4cfd0fc1,Brett,Christian,Female,1942-03-09,(549)714-7744x735,kennethrusso@example.net,71594 Gonzalez Highway Apt. 053,64507,2023-12-10T11:53:11
69a53b4f-8ff8-469d-8ec0-713dea2c7a51,Amanda,Walker,Other,1952-10-02,436.311.3389x26087,laura78@example.com,48625 Lawrence Crossing,58850,2024-09-16T14:43:41
636f6e5c-2253-4706-87ad-8b268eaa5841,Kevin,Murphy,Male,2025-09-18,353.778.0189,mjennings@example.com,7177 Mahoney Ramp Suite 914,29924,2022-08-30T11:01:47
143df5b3-a58e-43dd-948c-1d84340de049,Lisa,Taylor,Female,2018-01-19,001-246-264-5099,williamscaitlin@example.com,90835 Cody Corner Suite 844,22809,2024-07-14T23:41:17
891f6912-17ab-4863-9efe-ef4fd8ddbbc0,Kenneth,Hill,Female,2005-10-20,001-784-499-7957x28575,kirbybrett@example.org,9789 Lori Hills,69814,2024-01-25T22:44:37
608e149e-44b9-4602-8d31-812e30c36756,Jacob,Franklin,Female,1997-04-06,370-659-8445,ronaldhodges@example.org,112 Danielle Fords Suite 681,11237,2024-03-24T11:20:42
12a1fe7d-dfa5-4722-8a1f-c9df9a591974,John,Andersen,Male,2002-09-07,+1-414-359-0099,dmcdonald@example.com,86693 Madeline Landing Apt. 588,98917,2021-11-09T11:55:35
abe42e7d-b96c-4163-966b-e275c2fe8954,Karen,Marshall,Female,1937-05-20,001-453-926-0119x39103,dennis55@example.org,609 Hannah Islands,70626,2025-02-28T10:06:34
e8334da5-de95-4695-b579-c1437ab99428,Craig,Shaw,Male,1952-07-05,8453024373,sarah87@example.org,2713 Hicks Rapid Suite 933,46799,2022-10-19T07:35:37
363908bf-03ec-48ff-a8b3-d763f4ff3f3a,Lauren,Brown,Female,1936-09-25,+1-858-556-1547x3156,wcarroll@example.com,64369 Donna Villages,67093,2025-08-23T14:25:56
bf337a15-1e08-4f20-bdd1-51b0f64ab6ec,John,Tucker,Unknown,1997-12-15,5286966605,adrianagray@example.com,61019 Haley Islands Apt. 584,54187,2025-04-17T00:14:32
b2149062-3e1a-463e-aa18-d32c7a9a8ef5,Joseph,Hester,Female,1952-09-13,6384802730,bbarnes@example.org,4471 Brittany Underpass,28211,2025-09-16T18:13:57
3d44cb2c-ea45-4a41-a589-ada1345af934,Andrew,Jenkins,Female,1941-11-17,(976)649-0922x88498,karen51@example.net,8727 Shawn Flat,03289,2024-07-01T09:33:13
775c30b5-6173-4c48-8876-9153c68813fe,Tammy,Shaffer,Female,2011-12-23,316-940-3439,amyramos@example.net,333 Campbell Mountains Suite 041,30981,2024-10-26T22:14:15
5c11ab6d-42f5-43f5-8ef4-c34d5bf86f3c,Alan,Smith,Female,1951-02-09,(438)260-2826x254,carlos23@example.org,577 Adrian Trace,37135,2022-01-19T08:39:36
cd8563ca-193e-438d-b74c-0afa7f4d908c,Andrew,Zimmerman,Unknown,2003-02-07,001-294-919-3245x381,corey22@example.com,98726 Glenn Ports Suite 322,49416,2022-02-06T18:13:52
51facefa-d6f8-4f7a-82fa-1da878308631,Victoria,Wilkinson,Female,1955-05-21,(240)243-2611,kevinfox@example.org,07028 West Shoal Apt. 020,04668,2024-04-19T00:04:12
0bb401e7-69f7-43f1-901b-a8515ee68495,Matthew,Sparks,Female,1988-12-20,(721)295-3689x00577,davisjohn@example.com,73971 Karen Bypass,86267,2023-09-09T17:26:39
0426fcc9-255b-40e2-bdc2-b74b38a56b49,George,Davis,Male,1963-07-23,+1-469-408-7167,johnsonmadison@example.com,617 Ashley Plaza Apt. 707,34164,2023-01-27T08:33:13
b852b3cd-9442-45e6-9583-1d58ef4c5119,John,Brown,Male,1955-06-18,244.422.5216,herbert94@example.org,094 Harmon Mission,62689,2025-07-11T13:16:05
3ae28023-5472-4d2d-b239-9ffb27046f25,Henry,Jensen,Male,1964-02-09,+1-226-455-1327x61794,stacy59@example.net,60211 Luis Plain Apt. 268,53533,2024-12-28T01:05:44
8cf6e8b8-7fd2-48c3-bee8-2983d5574241,Jacqueline,Oconnor,Female,2008-09-11,(647)686-8623x76008,ggreen@example.net,8191 Travis River,74852,2022-04-29T07:36:21
c36b9a0a-41e0-4a89-966a-9ce7af521b94,Christopher,Turner,Female,1942-08-15,(898)636-9235x3484,cblackburn@example.net,39865 Reynolds Drive,94140,2025-05-29T15:33:30
bd5609c4-a446-4663-b93b-17fbf76d15fd,Alec,Jones,Female,1958-06-05,272.205.5033,smithapril@example.org,673 Cheryl Alley Apt. 141,53741,2025-03-01T12:57:27
5a2837b2-cb83-43f2-bb96-f6022b115c36,Aaron,Riley,Male,1948-05-02,(292)832-7379x8979,weaverjessica@example.com,674 Sanchez Causeway,03523,2025-09-08T16:09:06
2f1dc121-7d02-4c6d-8bea-75c1b86677aa,Candice,Randall,Female,2015-12-30,343.736.1137x11815,mark29@example.com,34015 Mario Garden,36904,2023-07-11T18:24:15
f50d7a37-a44d-4fec-bd85-d7fa8ac97b01,Robert,Griffin,Male,1986-10-24,001-999-444-9466,davisandrea@example.com,81822 William Ranch,38378,2021-10-10T03:27:44
13075157-d8c1-48e7-96cd-315508a8ac7f,Edward,Macdonald,Female,1954-12-03,9855817452,dana36@example.com,57004 Erik Court,73903,2022-05-13T01:55:14
01a25ed1-c3ab-45f1-8c6b-7074ab102c9b,Andrea,Rivera,Male,2010-06-24,861-325-5904,browncarolyn@example.org,6600 David Gardens,68969,2022-05-19T00:54:04
116658ce-3b3f-4800-a175-a9c3d7b102a9,Stephen,Johnson,Female,1959-09-10,629.761.5120,jimenezruben@example.com,446 Tara Inlet,86365,2022-07-11T10:41:01
74bd0c93-8177-4661-b7fe-032c02571851,Patricia,Good,Male,1992-10-14,246.701.9153,zball@example.net,472 Young Point,55794,2022-02-14T10:36:51
ef145064-aab0-4015-a342-2e509e2a7324,Travis,Ortiz,Female,1958-10-11,(851)827-2670,sdonovan@example.com,41976 Dixon Vista,35833,2025-02-16T18:42:21
0406ff44-7ce4-4679-a8c6-dbc07bb3447b,Cindy,Kennedy,Male,1946-09-22,+1-929-603-5006x18489,davidedwards@example.com,0466 Stacey Drive,11888,2023-03-14T18:45:12
04482a22-0308-4a5e-a94d-7b008d388327,Krystal,Reynolds,Female,1970-03-03,+1-352-354-9206x441,ischroeder@example.net,273 Mercedes Meadow,31106,2023-01-27T20:50:51
49646b96-fa3c-4628-8926-21df465568b7,Jeremiah,Byrd,Male,1974-11-23,282.718.8496x80664,velasquezvictoria@example.org,54341 John Burgs,16028,2024-10-12T14:13:40
6e3a0ba8-ac8d-4c7d-b2a6-e468d02b1243,Richard,Collins,Female,2007-08-12,(303)972-1860x03203,millerlindsey@example.org,47131 Adkins Radial,61663,2025-01-04T00:06:16
eb053fc4-1b65-4dab-ade4-6e91e8e6e840,Denise,Perry,Male,1950-01-19,+1-762-759-0841x9478,fullerchase@example.com,58210 Livingston Point Suite 807,18536,2025-01-31T03:08:11
9ea9f508-3122-4592-bdb0-2235261e2555,Taylor,Hodges,Female,1966-08-15,416.516.0881x972,fking@example.org,5307 Castro Coves,01415,2022-07-18T05:07:04
cb80f288-446f-44dd-9abc-a6e5d0b1e3eb,Lauren,Payne,Male,2010-06-28,(857)480-0244x323,taramartinez@example.net,9685 Green Shores,62387,2021-11-08T08:10:20
7580e050-67f1-498c-b594-8a545f804eeb,Paul,Ramos,Female,1984-04-15,769-213-9521,robersonpatricia@example.org,07033 Williams Via Suite 243,92620,2024-12-13T10:59:38
4ccb2355-39d1-47ff-b27e-1442fd7fe973,Heather,Harvey,Female,1965-12-31,001-224-684-8130,rodgerscaroline@example.org,3021 Buck Lane,62926,2024-10-30T09:33:55
fdde64af-a75b-495a-94a3-4f7fd90dd19b,Michael,Aguirre,Female,2010-08-18,(746)233-9534x8110,gilmorejoshua@example.com,2789 Foley Crossing Suite 738,44667,2023-02-18T23:19:43
67c0518b-17ef-4621-881c-79d4c27437eb,Julie,Rocha,Male,1950-11-24,(781)977-5123,petersonjordan@example.com,972 Jessica Brook,20621,2023-01-10T15:29:12
a301ec03-0e5d-4c6a-b9db-78628d7dd772,Kristin,Graham,Male,1986-02-05,001-246-977-2051x71073,wardlinda@example.net,370 Connor Island Suite 380,24842,2025-07-19T21:18:09
d867888b-7ff6-4824-952a-eaec2bdfcb41,Scott,Nicholson,Male,1976-10-30,457.926.0292x54686,angelabass@example.org,6420 Delgado Lane Apt. 271,93091,2022-08-25T05:16:42
fa323f69-90db-4ad6-94ce-26bec8cce2c2,Sherry,Clark,Female,2010-06-01,(276)825-9238x6879,salinaszachary@example.net,320 Deleon Tunnel Apt. 405,03830,2024-09-10T01:56:30
eb4d8f42-8735-40a2-a511-09611869a217,Alicia,Flowers,Male,1955-06-22,739.861.5976x4053,ebrown@example.net,5542 Jefferson Radial Apt. 384,19789,2025-05-13T04:11:05
b139c476-de3c-488b-a6b9-d31a361f6d90,Henry,Clark,Female,1990-07-16,001-927-732-0222x7111,hsimmons@example.com,2042 Wilson Grove,72916,2023-06-28T05:07:35
ec95b3ac-0beb-4c34-8566-7c4879ba630a,Barbara,Hall,Male,1986-10-11,(216)490-3922,kcooley@example.net,42647 Bruce Plains,03813,2025-06-18T07:52:37
8b040f53-e639-49d4-87c6-8688ecf32053,Charles,Marshall,Female,1938-05-25,616.537.0500,jackconley@example.org,6931 Moore Harbors Suite 638,01199,2024-01-25T03:28:51
d9b59f84-edc3-41c3-adea-2d2d086c405f,Jeffrey,Hart,Male,1989-11-22,001-554-402-5998x51939,whaynes@example.com,129 Lynn Forges,46122,2024-07-17T13:48:45
24e9bcfd-9647-4f9f-b508-507af622d842,Brandon,Proctor,Female,2012-06-02,(502)966-7652x72845,cindy95@example.org,088 Turner Alley Suite 756,03345,2022-06-28T22:15:09
edcabf94-65f6-4a53-9226-a8b3b674410d,Bradley,Smith,Male,1949-10-28,001-529-202-2154,jonathon90@example.net,25333 Adam Expressway,32571,2023-04-16T18:43:48
9112fbc0-3d8f-45f4-905f-9096299656e2,Carlos,Moore,Female,1986-09-13,+1-655-501-9354x5036,karisanchez@example.org,62962 Lisa Burg Suite 983,16550,2022-04-22T15:08:42
8a624cbd-e582-4678-ad52-29dd639fc471,Marie,Kramer,Male,1972-07-17,429-207-5965,thomastammy@example.com,77495 Moore Bridge,50823,2022-07-18T12:14:42
ca5e151b-23d3-4d4c-bd5f-f093c16f9bcc,Caitlin,Camacho,Unknown,2022-12-30,493-875-9192,ojones@example.org,3626 Wells Drive Suite 461,19095,2024-10-01T16:44:38
bed63da0-8033-45c2-9413-d64db962c8a7,Anthony,Oliver,Other,1952-02-29,230.509.9284x524,janetbrown@example.net,5051 Clark Trail,18795,2022-03-13T07:21:26
3b6dca0d-6fe5-440b-9901-ef870dbf0caf,Bonnie,Garcia,Female,1968-02-16,+1-408-477-9724x79254,shawjoel@example.com,819 Jill Avenue Suite 877,05933,2023-08-09T13:57:55
9d264599-c4dd-4df5-9aec-56a857311609,Trevor,Reyes,Female,2013-12-19,333.729.9865,martintanner@example.net,4085 Moss Pines Apt. 825,92182,2023-08-18T14:59:24
538d6b8c-c607-41e9-b80b-2cea658e54a2,Jennifer,Woods,Male,1990-10-28,(708)646-7292,michellewalsh@example.com,96282 Isaiah Keys Apt. 182,46725,2024-11-14T09:00:21
735741e5-fe1a-4ba9-8896-9c5b45f8c28d,Laura,Peck,Female,1990-12-27,(447)228-6394,rosalesgavin@example.org,1499 Brooke Turnpike,02263,2024-05-05T23:29:05
601bfbcb-f0ee-4cce-8d93-e14a5b167158,Jacqueline,Butler,Male,1958-12-08,001-870-526-6045x095,carlhuff@example.net,39101 John Track,26819,2024-01-23T07:11:30
614c721d-a921-4b4c-95fb-e976ae007b7e,Christine,Taylor,Male,1976-04-22,911.993.6006x082,floresjuan@example.org,76264 Jeanne Station Suite 009,43173,2022-09-27T23:52:36
3f175534-cc4d-4819-8b9d-fd589e5d9c7a,Steven,Gonzalez,Female,1993-06-05,376-223-1336,justin16@example.com,16544 Rose Flat,60763,2022-07-12T22:57:03
6147adeb-277b-4667-8499-d0a615007170,Steven,Barrett,Female,1988-08-15,857.360.6349x42904,vmurphy@example.org,17999 Gerald Square Apt. 024,73948,2022-09-13T21:28:50
63be441d-bd5a-4c9e-a77e-b0aaa247541d,Sean,Adams,Male,1972-02-24,872-634-5653,ahudson@example.org,8536 Robert Port Apt. 472,26434,2023-12-18T12:44:04
f165d779-0154-4950-976d-e21f1b46ebdc,Ryan,Mccarthy,Male,1944-05-15,+1-800-695-3855x7421,manuellawrence@example.org,378 Jose Meadow,07042,2023-01-24T18:20:44
1a2bd69c-450f-49ee-82e7-9a985c238d8d,Tracy,Holland,Male,1991-08-24,001-814-337-8844x3706,wbridges@example.com,7263 Tran Valleys Apt. 541,68588,2023-05-10T11:08:47
8e969227-72e7-4b51-ae54-ac6d2ff8e87e,Lisa,Francis,Female,2013-07-07,6027772910,terrydebra@example.net,43566 Matthew Camp Apt. 374,56181,2024-04-15T05:58:10
16f142a2-06b9-49aa-9a71-67c768759545,William,Lewis,Male,1989-09-17,973.606.7182x2266,mendezkellie@example.com,3859 Paul Terrace Apt. 963,40436,2024-08-29T07:49:44
c8d0f9e5-9919-45ea-98d0-0c2c17d30f32,Lisa,Horton,Male,2019-11-12,676.805.5049x22170,gardnerrichard@example.net,66320 Richard Estates Apt. 739,76700,2022-07-10T20:01:53
69ef74e3-4ab6-421c-8328-c136629ef3d8,Katie,Hicks,Male,2019-07-26,798-527-1826,stevenellis@example.org,9426 Moore Ford Apt. 135,40148,2024-09-09T17:52:40
8f3dc97f-e6b0-4a0a-b98f-5dbe15aede0f,Veronica,Guzman,Female,1938-05-23,445-399-6706,lori73@example.org,9824 Anna Passage Suite 302,91430,2024-08-27T02:02:18
85671b58-926b-4fa5-be24-5fbffa698cd2,Lynn,Jones,Male,2009-02-03,367-780-6643,garciadebra@example.com,815 James Mission,06580,2022-04-04T03:55:47
44d7df9a-238b-45b7-ab64-777c6177a771,Thomas,Giles,Male,1957-01-03,(840)470-3088x08172,carolineperry@example.org,8500 Thomas Parkways Suite 927,83252,2022-12-10T12:52:26
2ace1aa9-1032-46b3-a55b-fc1c7e3d5ee4,Christopher,Barnes,Male,1936-01-24,(491)296-1276x62080,colleenbryant@example.net,3444 Mark Ranch,50503,2024-06-13T09:28:07
c85cd714-7bf6-4552-8cbc-90446bcd5ce7,Debra,May,Male,1981-03-23,270.312.0424x25369,summerellis@example.org,84976 John Lane,85570,2025-01-02T15:12:06
b88cddde-3f20-46c2-b1b8-8d65406f64d6,Shane,Anderson,Female,1975-09-25,865.624.0553,graveslisa@example.com,036 Pittman Pass Apt. 159,59715,2023-11-21T15:34:03
75366b9f-320f-42c0-9dde-01889803b22e,John,Wood,Male,1990-03-20,(623)323-6066x79986,nathancollins@example.com,04298 Lopez Loop,74383,2024-05-28T08:17:01
654c11d9-f2e6-4828-81bb-819c4dfe1117,David,Reyes,Male,1989-12-15,479-596-2356,maliktran@example.com,877 Carr Landing Suite 041,32883,2022-11-08T05:16:36
dcb9075e-cdd7-4460-a140-77d39ec4ea48,Alicia,Williams,Male,1969-12-28,+1-831-253-9839x122,smithcarl@example.com,762 Sue Inlet,97650,2024-07-17T08:03:55
d2d33488-d0c3-4018-ae3c-dd4f55b145e4,Donna,Farrell,Female,1974-06-14,001-991-434-1038x9752,vargasamber@example.net,642 Kenneth Branch Suite 920,68473,2022-07-19T03:07:30
4ce953a7-22d9-4db3-982a-2277f966d59f,Jesus,Decker,Male,1939-12-26,001-876-469-1948,banksmeredith@example.com,17530 Gilbert Lodge,13674,2025-10-02T02:40:15
7aa061e9-336b-40cb-b1fe-ad13f280df1d,Alicia,Armstrong,Male,2001-02-18,(440)743-4741,tamaradouglas@example.com,1007 Simpson Row Apt. 175,08641,2022-09-24T02:10:10
51b30182-f7fe-404f-a5f3-0779f6ee5cdb,Robert,Todd,Male,2026-01-12,(502)959-9919,jasonwilliams@example.com,4474 Kimberly Park,57026,2021-11-17T06:31:57
f7bf5244-7db2-47aa-a205-e54fb1e8c09d,Scott,Benjamin,Female,1992-05-19,(335)910-7651,maddenhailey@example.com,3289 Miller Knoll,50770,2022-08-03T13:29:57
47c1c017-6045-4909-936d-47d73e0f84ce,Teresa,Johnson,Female,1945-10-02,+1-758-905-5811,joseph96@example.net,91607 Smith Haven Apt. 930,94456,2023-02-04T06:17:24
ee9bf3e1-1d27-409a-9d71-a89864976593,Luis,Collins,Female,2009-03-15,803-898-2218x039,katierodgers@example.org,588 Cohen Harbors,82859,2024-09-19T12:12:37
2e0fb5b3-8bae-491e-bf4c-c10f979c30cf,Julia,Keller,Female,2008-06-20,+1-802-665-2951,nfletcher@example.org,6230 Cassidy Mountain,39820,2022-11-21T22:51:42
ba2aa7ba-f3f8-4c31-86e3-f9498cd34c62,Melissa,Gordon,Male,2004-10-19,4672089870,greenechristina@example.net,11326 Garcia Isle Suite 858,06667,2023-03-25T02:00:18
cc351e4f-703e-457f-b5ab-8466b5578b00,Frank,Ross,Male,1961-02-22,+1-911-296-0472x20539,rwoods@example.com,7082 Christopher Terrace Apt. 461,81449,2024-03-15T10:05:13
d908a121-d1a7-4a20-91b4-61e9b15da72d,Matthew,Sanchez,Female,1972-10-29,(276)462-6235x96053,ijones@example.com,57870 Rebecca Path,53098,2021-12-22T14:33:53
23a13e20-7fd2-45ee-ac48-436668bd80d7,Mark,Hess,Female,1989-04-21,406.363.6050,aadams@example.net,39091 Brian Streets,31598,2024-06-27T04:33:24
2775ee42-a89e-42f2-80af-bf3f3df51967,Anthony,Diaz,Female,1938-12-09,+1-345-423-7597x953,nwilliams@example.net,27574 Scott Groves Apt. 054,98433,2024-02-20T09:46:03
72f60958-12ef-4101-a082-786fca00ef58,Sydney,Campbell,Unknown,1974-08-07,538-611-8081x89655,kathleen66@example.org,521 Jensen Center,41775,2024-09-28T21:19:49
88cc4d49-669b-49b8-950d-f1a07aaf2001,Rick,Smith,Female,1991-05-08,662-948-6070,katherinewinters@example.com,35158 Johnson Landing,26590,2024-08-31T03:00:01
6b15c11b-b113-450b-9ea0-50c6eb9ed274,Adam,Alexander,Female,2022-03-01,967-215-6058,david44@example.org,95479 Brown Lane,35132,2024-11-18T09:26:58
b39e4df2-5c0a-4feb-b7ea-e66eca6caf9b,Julie,Lewis,Female,1979-04-21,001-879-805-7191x898,melanie69@example.org,6183 Nicole Station Suite 487,52403,2024-02-05T00:44:05
ea163354-a35f-49c1-9804-95628972abbd,Stephanie,Brooks,Male,1999-07-23,2233771843,frankmorrison@example.com,33297 Kristi Dale Apt. 964,34458,2021-12-09T09:38:27
aa2960fd-a858-44df-bf8c-1097c4da2c2e,Jacob,Castro,Male,1953-12-01,432-567-6992x42773,denise02@example.org,91401 Jensen Forks,23463,2023-12-19T09:09:55
902f3465-0b57-4720-9cd8-758ba5a1c825,Joshua,Taylor,Unknown,1976-03-06,619.798.2907x5515,peggybrown@example.com,9991 Andrea Forges Apt. 006,37770,2022-10-25T07:31:12
f780ef2f-664d-4922-a590-fd3cad6ecc57,Jason,Moore,Female,1994-08-18,+1-822-877-7733x1680,jessica07@example.org,503 Salinas Isle,81026,2023-02-06T22:01:37
1b1f2eb1-6e32-45a8-8bd5-cc86f73936e9,Gavin,Gordon,Male,1977-03-04,(641)207-4027,wkennedy@example.com,7625 Meagan Meadows,21459,2021-10-29T19:38:25
bf31c29f-82bb-4d84-b8d5-101f423cad9d,Megan,Sanchez,Female,1990-11-12,985.664.6149,brooke93@example.org,979 Wilkinson Rapid,10644,2022-11-12T16:40:12
38958939-9342-409f-b00a-c64c949cd8d4,Carol,Mccarthy,Male,1993-11-30,4998550493,iphillips@example.org,461 Craig Stravenue,72335,2024-04-05T06:45:08
adf75924-c5b8-486b-b68b-4f7e64215e66,Jane,Gilmore,Female,2024-05-10,215-294-8534,whiteshannon@example.net,39847 Thompson Route,21684,2023-03-22T03:04:59
ff69723d-584f-485b-a697-384d801e8690,Raymond,Murray,Male,2004-05-12,001-971-288-8223x788,diane41@example.com,1349 Morales Mountain,98489,2024-03-19T13:14:20
eba900e1-6a7d-4d96-8ba1-72331ac3bf31,Carol,Compton,Other,1972-08-26,(205)986-7949x6383,jamesbrock@example.org,261 Morales Avenue,13471,2023-07-20T19:27:13
baeb286b-f0d0-470f-94d1-3d551db6b844,Marcus,Santana,Male,1996-12-16,+1-486-645-7865x55751,ajordan@example.org,8758 Stokes Walks,17906,2023-01-03T16:59:41
c8c5eb2a-7490-4deb-97d3-37d34fd80bbb,Felicia,Howard,Male,1992-03-18,(954)651-2244x4189,thomasmelanie@example.org,686 William Fort,42218,2025-04-05T02:54:30
18fdd2b9-79e5-49aa-992a-35497ba109d0,Theodore,Williams,Male,1944-05-30,803.263.0944x238,brandonsteele@example.net,983 Tonya Trail,36936,2024-12-11T08:39:42
1132567c-51a4-4d2a-b3d3-9457b25f13df,Chad,Adams,Male,2014-06-26,9964197979,matthew28@example.com,56948 Kent Canyon,61323,2022-08-22T07:03:54
05c8234b-1d76-4a66-b5f5-9cb0cf685878,Michael,Carrillo,Female,2002-09-30,280-495-7394x0598,tsmith@example.net,2031 Pruitt Rapid Apt. 584,80523,2025-05-07T15:57:37
ccd015c1-ad59-40dd-9bff-3142a5e15b55,Monica,Mcdonald,Male,1978-04-03,(803)919-7774,chelsea14@example.org,482 Adam Pike Apt. 958,52462,2024-09-24T02:30:01
84182d35-3e71-4433-bd90-b81afbe0e6b8,Willie,Pace,Male,1950-03-13,001-862-633-2605,stephenroberson@example.com,73066 Megan Forest,86641,2024-07-02T01:53:07
6d268b37-8f52-42d3-94bb-bcf828fea761,Robin,Miller,Female,1948-04-28,217.888.2426x55946,joestevens@example.org,717 Tina Extension,30385,2023-10-10T21:09:41
a137f8e4-67b1-4040-8c39-b9253b5ae288,Erin,Berry,Male,1940-08-27,001-765-648-7084x779,burtonsean@example.com,3981 Megan Summit Apt. 781,46735,2024-04-01T08:07:03
6544e313-6ea0-4d13-a845-54c3a3f66c61,Calvin,Snyder,Male,1943-09-03,+1-594-658-9626,hjenkins@example.org,76123 Maldonado Falls,15510,2025-09-30T21:06:05
7317591a-3283-4aa4-a212-ab7c9d361cb6,Crystal,Contreras,Female,1939-07-23,+1-451-288-1298x8618,zsmith@example.com,07923 Maxwell Radial,73224,2022-05-20T01:17:37
36fce0ac-b469-4db3-8123-a348638abdf6,Paul,Lawson,Male,1967-03-15,748.264.9703,dhenry@example.net,335 Vaughn Bridge Suite 731,22889,2025-05-05T01:47:50
cbc72f1a-cf08-4a54-b429-9924c0986750,Linda,Roach,Male,1965-06-09,455-350-5705,rwilliamson@example.net,444 Larry Pass,70938,2022-08-29T10:17:25
89718eea-df3a-498a-8cac-2fb51a0c6c04,Daniel,Jones,Male,1944-06-18,770-812-3503x6871,manningbrandi@example.com,780 Jesse Hollow Suite 568,38763,2022-11-21T13:49:12
1d2c2721-7522-4646-b273-75bf5373bf4d,Robert,Kennedy,Male,1975-09-15,4367640163,frobinson@example.net,59757 Carolyn Squares,88235,2022-05-25T05:12:25
f7464c02-8718-44c1-bd4e-d26edcd5bfae,Elaine,Hall,Female,2005-01-17,(583)402-9158x5423,christopher51@example.net,483 Robles Burg Suite 344,50872,2025-05-15T11:23:37
647dc392-9c7e-4575-a37d-dcd698d3148b,Thomas,Scott,Female,1959-10-25,001-315-995-8417x4916,rogersstacy@example.org,169 Debbie Heights,13461,2022-09-27T11:06:14
753659ef-d873-4ad9-9a1b-af0e591196dc,Kristin,Evans,Female,1972-12-25,+1-476-809-4837x74029,elizabeth33@example.org,5099 Mann Ferry,15780,2024-02-21T22:48:15
ccf4ffb0-b4bb-473f-ac70-51d1d051267f,Pamela,Perry,Male,1997-05-04,519.666.6610x256,lisadorsey@example.org,34998 Charles Fords,95554,2023-08-19T08:41:58
ac0f6801-15b2-4e1d-9715-46339d4edb71,Teresa,Spencer,Male,1993-01-22,859.301.7791x5244,kelly92@example.org,1746 Hamilton Inlet,18865,2025-06-18T15:24:52
1df05d18-4e2d-4255-bd13-1a3d1e2c2e7d,Lisa,Li,Male,1950-09-29,+1-763-872-6319,michael22@example.com,4149 Anthony Walks Suite 025,45494,2022-01-15T02:32:50
63725424-82c5-4b21-a430-12dab1850eb8,Jessica,Irwin,Male,1972-08-29,001-944-586-7228x83904,carlbuckley@example.com,157 Carpenter Flat Apt. 511,34673,2024-09-24T15:35:00
6c4c450b-623a-40fc-9326-7d25234b4562,Kimberly,Ellis,Male,2006-02-20,595.931.2040x954,bcurtis@example.org,85800 Jennifer Plain,63471,2022-10-21T04:51:55
eb4e2281-b184-41fc-8991-b01aa2b03c4b,Christopher,Harris,Female,1947-03-29,311-943-6786x21078,williamsemily@example.net,4257 Richard Plaza Apt. 269,86555,2022-08-11T20:28:28
2ab7b2ef-8e0e-4033-ac59-1da8fff96acf,John,Stokes,Female,1945-07-31,(842)730-6002x302,renee05@example.org,1142 Richard Neck,05307,2022-03-17T13:06:44
d78c57d3-5088-40d3-afe5-b14023ea7956,Leslie,Scott,Male,2015-11-27,001-420-416-6338,melissaramirez@example.org,92220 Gray Shoal Apt. 190,10400,2022-04-03T06:49:59
f3abea0d-5be9-4db3-9d92-dd7c0db977a9,Katherine,Scott,Male,1977-07-07,839.313.3252,ericquinn@example.com,4523 Lopez Locks Suite 497,56625,2025-02-21T08:28:48
624a2a50-d0b1-4de0-b1f3-f0c022f3f068,Adam,Baker,Other,2005-06-13,(763)442-0953x67734,wgreer@example.com,2665 Hart Circles,35564,2023-11-05T08:33:30
68bd075b-7eb6-481e-a72f-947d816462cb,Kathryn,Price,Female,1957-03-25,(538)509-6641x475,ssweeney@example.com,7466 Estrada Junction,27813,2024-02-27T04:10:38
71a0449d-d703-462f-b5cb-e3f56a66c184,Beverly,Norris,Female,1991-04-04,(998)453-2436,dakota71@example.org,638 Mario Forest Suite 685,66064,2024-12-15T01:13:12
cbbed980-07e6-4cb0-90bd-e9001529e6f5,Ruben,Barnett,Female,1939-04-29,(816)382-4979x39981,michelle81@example.org,371 John Parks Apt. 726,08225,2023-10-10T21:18:39
398f569b-465c-42cb-885e-b4894ac66780,Hayley,Hampton,Female,1936-04-27,448-896-7808,audrey12@example.org,3947 White Row Suite 292,51435,2025-05-09T02:07:20
90ce77e9-7513-43b9-87de-96ea2b0fbe44,Jacqueline,Cooper,Female,1990-12-13,239.517.2994,qhoover@example.net,126 Higgins Port,60815,2022-02-22T18:20:19
82c42e48-8cba-4ae5-becc-daf4c4134dc2,Christine,Hayes,Male,1939-04-01,(283)335-3910x16125,pparsons@example.net,901 Jeremy Groves Suite 376,63681,2024-07-24T16:20:44
8b0901ab-c66d-4eb3-8494-5e091d3ca5a4,Lauren,Krueger,Female,1973-01-03,+1-314-809-8410,cburke@example.org,116 Theresa Prairie Apt. 004,86504,2025-08-04T20:59:12
c1bcbe59-d296-412d-8ac3-5ac45deaa737,Sandra,English,Male,1941-01-10,(388)266-1680,kellymartinez@example.org,548 Beasley Circle Apt. 531,56267,2022-01-11T17:55:28
37f25d36-8bdd-4ee3-b0fd-6672b80f16c5,Heather,Cunningham,Unknown,1948-11-08,391.538.6015x7117,kirstendavis@example.net,24702 Keith Crest Apt. 874,42065,2022-05-08T18:34:50
a757075b-d47f-43b1-bc69-c1551a37f6bd,Regina,Peck,Female,1945-12-26,001-593-367-8576x46391,hardinvictor@example.net,619 Jackson Row,20391,2022-04-11T04:55:23
0840405a-ffd2-4491-9ff3-89aa4c36a70c,Michael,Wiley,Male,1946-02-16,001-331-853-5069x626,lisa52@example.com,741 Don Lakes,37593,2023-11-03T05:36:43
164484a0-d115-4fff-9cb9-1d5f593c572b,Jennifer,Brown,Male,1999-04-07,001-889-694-8856,tinajohnson@example.org,7563 Cox Parkways Suite 227,84144,2024-11-06T17:23:01
cfd7f3b9-c68f-4ba5-9e0d-02b5fe7402cd,Christopher,Moore,Male,1990-10-12,(256)250-4607,carteryolanda@example.com,06862 Williams Squares,67603,2023-08-30T19:09:34
b06b0f0c-9682-4e22-bcd4-344fcf8a368e,Kimberly,Garcia,Male,1936-06-19,4664890417,ruizgary@example.net,52232 Henry Point,20820,2022-12-23T10:15:41
6d9c5b50-a1fd-4187-9c3a-1e0bb5f3f8aa,Alexander,Ramirez,Male,1980-03-27,(283)659-9940,williamskaren@example.com,135 Janet Gateway Suite 053,42271,2025-01-31T17:16:07
d0437e4c-34e5-4699-88eb-e27a23a4e70e,Sherry,Pennington,Male,1958-03-09,001-589-220-6415x78097,sarasmith@example.org,1945 Kevin Ridge,44137,2025-06-23T08:30:16
88438de2-59cf-4b0d-91f0-647d0f321333,Katherine,Buchanan,Male,2005-04-02,001-514-247-8674x28021,wwalker@example.com,378 Elizabeth Court,29588,2025-04-10T06:52:45
fa9fc10e-52da-4681-ab1a-c76c89ecbc51,Donna,Swanson,Female,1996-04-12,736-699-0558x557,gardnerjoshua@example.net,9690 Howard Drives,68635,2024-05-09T11:27:31
f3d04ffb-4470-4848-929e-cc924a11be44,Laurie,Patterson,Female,1987-02-10,606-756-7337,fenglish@example.com,76136 Kent Plaza Apt. 253,83734,2021-11-09T05:31:11
d0afb235-ade6-4f51-a670-93a0fc48f615,William,Lee,Male,1989-12-30,+1-292-696-4447x725,johntaylor@example.com,48004 Shawn Crossroad,40846,2022-03-29T05:15:35
695e5ea9-c923-4c64-8006-2b5bf67839b2,Jennifer,Peterson,Female,1989-12-23,+1-915-885-5749x062,martinfranklin@example.com,33295 Howard Forges,11323,2023-02-20T20:19:30
a7e8d18e-ddf6-44ac-86fe-acd4fe1393cd,Danielle,Dorsey,Male,1954-09-22,963.404.0296x62991,washingtonstephanie@example.net,04167 Rebecca Knolls,90219,2022-10-17T08:44:44
257035db-3fea-490a-a1f8-072dddb7570e,Brittany,Yoder,Female,1987-10-26,+1-437-206-3250x313,amanda50@example.org,61901 Dawn Forest,49478,2024-05-26T23:11:53
d7f34368-c2ef-4ecb-bf5f-bf4fd4176230,Jeremiah,Munoz,Female,1947-04-21,+1-400-700-2956x162,rbaldwin@example.com,85594 Jessica Prairie Apt. 304,45606,2024-11-10T16:16:51
a1e518a2-93d2-48d4-a465-5c397d4d2add,Linda,Robinson,Male,1967-08-29,667-978-1456,mary70@example.net,453 Samantha Skyway,59661,2023-11-22T11:42:38
135508d0-73b5-4ad5-a00b-4b356a0aa7d5,Ronnie,Fisher,Female,1994-01-07,905-227-6120x92815,zbates@example.net,23116 Garrett Springs,58408,2021-11-14T17:40:36
67213a70-17d5-4f59-84d5-98f7e14fe093,Paul,Petersen,Female,2021-11-12,(435)832-2371x85921,deborah56@example.org,14294 Andrew Burgs Apt. 753,75185,2024-12-20T02:42:31
e097dedb-efb3-4939-b1d8-18874739cc7b,Amanda,Velez,Male,1955-12-24,813.824.6598,davidmendoza@example.net,78376 Hudson Junctions Apt. 820,12854,2022-03-10T04:34:49
94fb09f0-53c9-4ae7-bcf0-7bb3f343d9eb,Kimberly,Contreras,Male,1939-11-23,(952)466-4267x3512,leslie53@example.org,6569 Madden Green Suite 849,56319,2022-06-13T13:01:33
17d821b8-bb93-4d40-98df-f535c62dbaea,Fred,Olsen,Female,2014-05-26,851-704-6250x6929,vferguson@example.org,062 Liu Station,65013,2022-07-13T23:02:08
b28187c4-aa05-4442-a284-e8fd755cee2a,Carla,Hall,Male,1979-04-06,001-309-679-3442x129,qmelton@example.com,23477 Justin Key,65086,2024-11-04T14:15:13
65d0b517-88d0-4abd-8bb1-8c791036708d,Ashley,Hodge,Male,1954-05-28,(318)640-7033x982,jpeters@example.org,2094 Brown Locks,64495,2023-06-22T01:57:41
7ea5a387-363b-45cb-9329-37246dfd171a,Katie,Wallace,Male,1989-08-01,363.428.6301,anthonyavery@example.org,426 Mejia Ways Apt. 336,59661,2024-08-23T01:07:26
8c1c8b05-5677-4f36-8899-8e5fd40e53ce,Barbara,Johnson,Female,2005-02-09,(789)667-1360,pamela92@example.org,4901 Dustin Road Suite 193,49548,2021-12-24T22:28:53
c9ce44bd-7c3f-4add-9a38-5db590eeb067,Mallory,Costa,Male,1935-11-22,215-246-1758,stephaniegross@example.net,4104 Joseph Circles,46188,2023-06-30T13:44:34
0bc2ea72-0c64-4ca2-8323-1466aebbb90e,Paul,Hicks,Male,1946-02-02,+1-235-538-1483x74755,weberalexander@example.com,4717 Dunn Camp Apt. 902,61133,2025-02-17T02:16:15
042b03ca-75a7-4686-9632-1d31c8acffcf,Rhonda,Garcia,Male,2018-04-14,383.371.6115x86686,yserrano@example.com,833 Robert Mountains Apt. 505,70796,2022-08-26T13:02:54
74de5f70-70f8-4dba-a871-9b9bdb8f0e32,Nicholas,Scott,Male,2023-05-13,+1-719-556-5728,stephanie39@example.net,2662 Taylor Trail,92303,2023-10-27T02:49:16
fee5ce69-33cb-402e-ad84-414df54191ea,Matthew,Williams,Female,1980-09-17,+1-546-268-7930,kristinapeterson@example.org,76698 Jonathan Cliff Suite 025,16987,2025-06-28T07:50:19
4d470ed6-a666-4769-a1d4-6f8221c50e41,April,Harding,Male,1993-10-22,930-487-3089,fowlerkathy@example.org,7771 Natasha Parkway,38838,2022-05-14T04:44:20
17e52113-4626-43be-a068-8849eec71a30,Luis,Steele,Female,2001-03-12,+1-486-630-9007x1210,jamesleonard@example.com,057 Duke Court,99773,2024-05-27T01:00:07
aa1d3fc6-5f31-473d-9519-830c40198303,Mary,Bowers,Female,1993-11-27,799-871-6596,acarrillo@example.com,968 James Tunnel,35368,2021-11-02T08:48:29
a0279a18-6576-4410-8d41-ee472a5fda18,Andre,Reeves,Male,1956-07-01,(442)465-3793,rileykathleen@example.org,0547 Robert Track,15445,2023-03-12T03:14:34
6de21429-3bf0-49c1-8156-e501b30e96e8,Trevor,Davidson,Female,1951-04-28,250-210-1626,taylormichael@example.net,475 Boyer Walk,27148,2022-09-16T04:04:35
36a2c52b-0047-4139-985d-f528b4258e19,Lucas,Romero,Male,1963-12-10,(671)892-1496x791,tarapage@example.com,3203 Sherri Park Apt. 665,19670,2025-01-30T00:41:12
84fa4c72-39e7-44f1-97fb-613a21f89d06,April,Collins,Female,2009-02-01,249-327-2400x02086,elizabeth60@example.com,085 Clark Divide,65448,2025-07-02T09:39:43
57f479b5-b212-46ee-8210-63710260a123,Danny,Best,Female,1963-05-21,001-203-235-6369x3010,foxbrooke@example.org,781 Lisa Inlet,70191,2021-12-17T01:41:47
b1ac040d-6c1c-4405-9c3f-42e0fcf7b842,Glenn,Schneider,Male,1967-02-27,941-858-9290x93043,xdavis@example.com,80812 Emily Meadow Apt. 594,60645,2025-07-28T08:56:52
16de66c9-6210-4ef6-ba9c-43081221cddf,Heidi,Scott,Female,1998-02-06,5532110583,mcrawford@example.net,842 Angela Crossing Suite 269,31012,2023-10-15T07:12:40
5e1885c3-5037-4d6b-9a6b-6a7d1a38aad6,Yolanda,Quinn,Female,1984-03-19,+1-501-867-6718x7762,ryanfox@example.net,16276 Brittany Ferry Suite 667,67966,2025-04-20T23:56:53
d038e153-c601-418b-a1fa-01ba231ae7c7,Hayley,Smith,Female,1962-04-08,961.665.2289x890,lindseycunningham@example.org,5977 Hernandez Islands,79571,2025-04-28T23:42:21
ad58db1b-fe31-437a-a43e-558c2215df00,Tyler,Phillips,Male,2010-06-29,385.980.5014,mcclainkimberly@example.com,939 Stephanie Dam Suite 651,70543,2024-01-14T04:28:25
9c3de1b0-022b-4683-9033-da6587cf63fd,Scott,Wong,Female,1977-09-26,960.905.0092x44928,danielle03@example.net,93011 Matthew Bridge,08864,2024-07-04T09:58:33
368acd40-b8f1-4e3c-99e7-703a70aa5b0d,William,Houston,Female,1940-09-06,842.590.6952x2233,waltersalfred@example.org,73024 Rebecca Run,93638,2023-07-28T05:39:37
9db7284b-6965-41d1-ab7e-2e6426c0747e,Dominic,Miles,Female,2013-12-01,753.874.0571x446,uscott@example.com,54453 Rivera Circles Suite 668,70815,2024-08-02T19:08:28
e5871d89-1631-4fc6-b79d-58f9dc268108,Mackenzie,Gomez,Male,2005-09-26,848.434.8358,ncollier@example.com,8532 Michelle Valleys Suite 758,62235,2021-10-15T11:58:09
bae1e137-96ee-40e5-9f87-3b46c0a0473a,Sandra,Santana,Male,1975-05-03,826.798.3443,kellykathryn@example.com,50928 Morales Expressway Apt. 073,37248,2022-07-02T22:02:17
ca840003-5083-4fef-adec-6bbdf69777a1,Samantha,Chang,Male,1962-06-18,001-607-773-7295,allensara@example.org,58515 Erica Spurs Apt. 450,86737,2022-07-22T18:21:54
3f87dfc2-1591-42f2-a505-da9c46e75a2c,Susan,Davis,Female,1964-04-23,331-327-9433x79531,johngomez@example.org,65274 Andrea Ville Suite 251,91189,2021-12-26T18:59:58
48f091f0-9b8b-48ae-b89f-3a92999a1d86,Alexandra,Crawford,Female,2007-09-13,285.354.5146,mariomiller@example.net,5537 Sandra Mall Apt. 728,14611,2023-07-16T05:02:23
d8d994b8-d90f-44e9-86dd-f6cab0c30a59,Stanley,Wright,Female,1969-10-25,(812)215-7562x6412,alicia87@example.com,99069 Christopher Village,57056,2022-10-16T23:50:08
9b5f8f39-848b-44f0-b498-17354d38e415,Andrew,Anthony,Female,2019-12-10,+1-451-467-0450x599,ralexander@example.org,43888 Kyle Key,12356,2024-07-25T21:23:51
a56b61e0-4ba8-44ca-a449-cb6fbf72ae52,Kelly,Hernandez,Male,1955-07-15,(593)664-5028x231,thomaswang@example.com,2991 Jennifer Highway Apt. 443,11652,2023-12-27T06:14:52
3d4574eb-f465-4a21-8b35-097ae5dd98f1,Melissa,Harris,Female,1976-06-25,969.953.1029,gregorydaniel@example.org,91792 Berger Junction Apt. 732,67247,2022-03-30T15:59:56
a3595d1f-7fe4-442e-bdb7-88a61cdcc4c2,Meagan,Thomas,Female,2019-05-21,508-873-9221,buchananscott@example.net,7105 Annette Springs Suite 707,84841,2023-01-05T00:35:14
0316d2d6-fa4a-48ef-a383-7348873dc8bd,Michael,Larson,Unknown,2019-12-24,001-815-530-4450x0202,cpeters@example.org,502 Shaw Mission Suite 030,36178,2021-10-21T14:37:01
6307d4d1-21c9-415d-9104-5a16ef15ab72,Cassandra,Higgins,Female,1963-10-07,367-254-1823x688,onealmaria@example.net,2105 John Harbors,49691,2022-01-09T18:18:56
8bde005b-5d8b-4bd7-abbd-b66f91816091,Craig,Collins,Female,1956-01-12,2135882532,keithemily@example.net,636 John Port,89202,2024-08-10T09:59:25
fcc4091b-f457-47c6-b894-6a15c34201db,Erin,Wong,Female,2000-12-10,869.907.8947,brandonjohnson@example.org,1070 Wilson Garden,35758,2024-02-26T07:08:05
0387f74d-1149-4096-965d-744f0445c1a8,Michael,Bauer,Male,2024-10-20,+1-389-651-2370x85119,michael56@example.net,96556 Carol Motorway Suite 713,58066,2023-09-01T10:57:34
f2dcb12b-0f7a-4302-ac2e-28150a3217d2,Jessica,Cochran,Female,2003-12-16,562.263.9561x26678,michael37@example.org,874 Gabriel Dam,28998,2024-09-10T05:09:48
b66edbf4-a0ea-4251-8957-43a281b13b80,Diana,Love,Female,1975-01-21,+1-361-344-6627x63304,gbutler@example.net,15248 Daniel Locks Suite 364,63310,2021-11-19T15:57:54
66fba71d-b3a9-4caa-ac6f-6d2e6a59c043,Meagan,Price,Male,1987-02-03,+1-596-298-7036,ramirezjeffrey@example.net,3159 Julie Drive,93161,2024-04-17T22:03:29
271610c1-9db5-4283-89a3-c811895c4fde,Daniel,Schneider,Male,2001-06-10,2658934104,bethmiller@example.com,82471 Andrew Plain,15471,2023-09-01T18:31:13
ebc1bb52-82e4-4d4a-943a-c1c54f560ed5,Heather,Barton,Male,1990-04-09,+1-907-257-8984x9749,evan21@example.com,48656 Black Court,72969,2024-05-28T05:36:58
53a5e850-8950-4dd6-a7c6-cbb1cedd069d,Amanda,Garcia,Male,1937-01-17,(717)735-6316x31297,vmeyers@example.com,9496 Tony Points,66969,2022-01-26T17:35:51
a65be22b-d5a3-46d9-8362-a810a2611b8d,Christopher,Combs,Female,1964-07-08,899.990.6820x13071,jacob21@example.com,361 Chase Ridges,69560,2023-03-04T03:09:43
6fff15cc-b2dc-4c34-8f67-448e10eceb1f,Joseph,Johnson,Female,1941-12-12,590-737-2954x5858,pmckee@example.net,74392 Renee Trail,45330,2022-03-21T19:26:18
3e9639ba-0ed2-4c9d-bd17-5712d8b22277,Samuel,Nelson,Male,2017-06-15,001-825-281-4762x123,hortonrandall@example.net,4138 Flores Court Suite 630,79551,2022-10-19T21:16:28
9cbf7b8c-7410-4d5d-9db1-4bfc6f3a5115,Alan,Ingram,Female,1999-10-10,+1-968-459-0964x598,robin08@example.net,177 Mark Trace,12683,2023-07-20T13:34:38
a8761e85-bddf-403a-aa84-30f84f2da233,Richard,Brown,Female,1963-10-31,397.936.7072,jasminevillegas@example.net,2224 Haley Pine,95114,2022-09-29T23:02:15
23204ff5-b538-496c-833e-02f71e93d127,Lisa,Brown,Female,1969-03-13,(636)654-0181,gary84@example.org,43509 Gonzales Keys,92454,2025-07-28T20:44:01
58c1aad6-f3f8-4ea4-bf14-eafa29f0ef7c,Sharon,Wilson,Female,2005-10-28,(315)564-0994x14753,twilliams@example.net,5190 Paul Club,87978,2025-08-09T07:35:34
425e0259-b884-46d2-928f-cf68c871d7b3,Lydia,Jones,Male,2023-04-12,456.259.4299,johnreyes@example.com,692 Ashley Fort Apt. 861,75039,2022-10-31T19:51:47
df9b141e-c7f7-4da1-bff1-5840207e863f,Christopher,Jones,Male,2009-07-02,001-439-509-3424x24066,robert34@example.net,43751 Graham Ridge,33845,2024-11-17T23:27:03
e65fad87-c57c-4498-9e38-f711e2ec13f4,Benjamin,Hamilton,Male,1985-01-11,924-638-2692x8550,matthewwall@example.net,88959 Suarez Neck Apt. 396,79806,2025-06-26T12:28:03
861b4f5b-45a0-4539-ade8-370ace9e9ebd,Susan,Campbell,Male,1964-04-13,291-776-5047x18830,derek87@example.org,9668 Jordan Radial Suite 706,92355,2022-03-22T19:41:03
a0a5fde6-939f-41a2-b99c-ea5cb65ad0f1,Stephen,Castaneda,Male,2023-03-17,3692014971,laurengreen@example.net,56756 Luna Alley Suite 188,55862,2021-11-08T11:08:37
0e3141ec-5c31-4464-82c2-99f07487d772,Gina,Cruz,Female,2025-11-21,249-623-4359x6985,katherine05@example.com,937 Collins Dale Suite 286,09951,2023-10-11T00:59:01
28457780-5e20-4957-aab8-bd33911f730b,Marie,Herrera,Male,1958-08-10,871-640-2503x85762,sotokathleen@example.org,368 Emily Flat Suite 853,02984,2024-10-31T00:18:06
ac93281a-92eb-4ab0-a4ee-c67c1a57f9e4,Mary,Johnson,Female,1946-08-01,001-727-489-6951x93048,hstevens@example.com,36562 Sierra Summit Suite 344,89630,2022-12-19T07:28:39
00a85473-8242-4912-bda3-c1623a78b64a,Jason,Larson,Male,1990-08-11,396.933.1812x33576,westjeffrey@example.org,4577 Thompson Loop Apt. 636,58762,2024-01-22T10:17:35
0bc57207-3e9a-4c86-8325-4fbddce8e1c5,Lawrence,Williams,Male,2019-05-14,+1-697-574-7594,mary52@example.net,77403 Price Manor Suite 404,20200,2021-11-12T09:16:01
2dd0622e-266b-42ea-ab93-f78c620af158,Susan,Castillo,Female,1999-05-11,(514)597-5341x157,howellbrian@example.org,406 Ross Stream,66854,2022-05-29T10:21:17
cd98f9e2-8d88-4beb-890d-9655db842660,John,Roberts,Female,1971-08-13,238-256-5352x32660,steven91@example.org,349 Summers Club,10811,2024-04-27T11:16:08
3979d5f5-6b5b-4975-a7dc-2bc0bd9c4693,Hannah,Harper,Male,2013-01-11,001-565-911-8158,richard14@example.net,7618 Dixon Skyway Apt. 479,54451,2023-06-21T14:33:43
51e744e4-b864-4a08-aa75-752d6a8fcacb,Emily,Garrison,Male,1987-12-12,+1-729-205-2565,hillfrank@example.org,29276 Wyatt Island,36970,2025-05-02T10:50:52
1e910f36-5f70-4b25-9250-2e5913f06822,Timothy,Allen,Female,2008-08-01,(622)914-0513x18660,shannon33@example.net,7852 Gibson Way,40143,2025-04-16T01:03:52
3922a7e4-2de9-42f8-8d7b-ec04e6e59b32,David,Lopez,Female,2018-03-15,841-802-3873x518,sara77@example.com,13518 Alan Knoll,67887,2023-05-12T04:56:31
66a302d6-f43e-4c48-8bc1-f9e5fb3df063,James,Lester,Male,1992-09-17,001-758-715-3988x52178,lambalexandra@example.net,86558 Nicholas Key,99840,2024-05-29T19:44:30
c605e58a-4845-4343-9db4-49dc77106966,Gregory,Medina,Female,1948-12-24,001-534-389-1800,michelle34@example.org,2195 Garner Garden,07319,2025-05-05T22:22:58
74ed5145-8d97-45c7-961d-5c8753c9fe59,Briana,Bradshaw,Male,1959-05-14,685-827-3411,gonzalezchristopher@example.net,3015 Benjamin Circle Suite 407,58297,2024-01-14T02:30:03
c8d57717-9055-436f-8aa5-f9d3335f2f59,Christopher,Joseph,Male,1942-03-23,+1-665-798-4557x663,david82@example.net,69945 Brian Inlet,90211,2022-02-12T19:50:15
5e472e22-76c3-4642-be19-fc1d9f6a6a65,Sarah,Lowery,Female,1949-10-13,4614669100,dennis16@example.net,8221 Kelly Route,53206,2022-06-30T06:03:24
c6a07656-c5c9-4b91-bf6e-f9ed7e4ce29f,Debra,James,Male,2019-12-01,001-362-208-3479,reedjerry@example.net,2287 Jade Estate Apt. 007,35540,2024-02-23T13:04:31
cbc4ec0e-c2ae-4674-8beb-4e78e68373a3,Matthew,Snyder,Male,1953-04-19,238-771-2951x452,mccarthydylan@example.net,60480 Lacey Village Apt. 406,47505,2025-05-16T11:13:48
061efb95-68f8-4063-aeb1-9ad201a1fb0f,Kevin,Woods,Male,1997-03-03,(895)609-0418x9856,austinlester@example.com,2388 Schmidt Pass Suite 656,91891,2025-08-24T01:57:15
b186a5a8-d6ee-426b-a2cd-159058af393c,Tiffany,Hanson,Female,1968-02-10,336-306-2290,angelasmith@example.com,471 Jason Brook Apt. 514,68796,2024-04-07T01:14:22
c2492e5e-005f-40e6-95c3-b2dbf374190d,Lauren,Hubbard,Female,1969-03-26,+1-929-244-1914,jesus72@example.net,516 Lewis Centers,74477,2023-03-07T04:10:11
4eb9047d-ba2a-43d9-bcf2-fc3bd95874c2,Jessica,Martinez,Male,1989-05-15,408.748.8686x5629,moniquemoore@example.org,83235 Bobby Pass,67903,2023-03-24T23:41:13
6b790d01-3cf8-4d20-bbad-793f87a1ec02,Ronald,Luna,Female,1993-04-03,667.780.9645x8374,fcook@example.org,317 Merritt Spur Suite 928,92254,2024-06-01T15:33:08
247296a4-ff38-4918-b8f9-a45d0f554896,Tracy,Medina,Female,1998-01-05,911-848-6267x511,matthew49@example.com,1564 Cheryl Mill Suite 300,74651,2022-08-25T05:56:14
3b41c943-ebd8-43b1-8b3d-0c3617d09810,Michael,Gordon,Female,1960-10-07,4164301597,duane84@example.net,9276 Tran Port,82870,2023-12-25T00:39:45
e5449887-b36a-43ed-a9be-173a850ef0ad,Katie,Graham,Male,1942-06-24,280-340-3348,monica73@example.com,7155 Nelson Brook Suite 392,52005,2021-12-10T22:21:22
94ad6252-15bc-4a3e-bf76-55d7f97c6c3c,Christina,Kim,Male,1972-02-24,001-362-472-0536x4991,riley28@example.com,15538 Michelle Spring,65660,2023-09-13T15:18:44
64f434d6-d1e9-4691-a320-9116222df6a4,Matthew,Flores,Male,1954-08-26,826-926-4395,keith60@example.com,5199 Catherine Circles,60280,2023-10-29T03:09:50
a995ecc3-6f5b-49a6-8ff1-c51f915cb31b,Nicholas,Jones,Other,2013-09-11,+1-444-514-9253x16498,elizabeth74@example.com,5659 Timothy Lake Suite 494,85519,2025-02-22T12:04:40
d9d57b02-42d0-4d55-8aab-47b23c9d128a,Jeanette,Fowler,Male,1977-05-27,468.477.1569,greerjoseph@example.net,6341 Clark Ramp,61293,2023-10-03T06:17:05
d4f76322-b362-40d2-a498-8bdecd0254db,David,Williams,Female,1942-04-07,615-547-7349,cardenasdonna@example.net,25578 Morales Cove Apt. 547,41004,2022-03-05T07:50:32
3bcdf203-459e-4674-b3e7-f042516c3b0a,Phillip,Murphy,Male,2024-01-21,(273)795-2328x555,tburgess@example.com,166 Eric Pines Suite 136,22474,2022-10-13T15:12:05
c5285425-c7a9-433c-a2d8-39d333e4f986,Jason,Fitzgerald,Female,2022-08-11,970-940-7146x9714,terrimartinez@example.com,508 Victor Haven Suite 601,60988,2021-11-16T20:18:07
7316ce64-2a14-4a96-9b0c-62eb27c8fc6c,James,Summers,Male,1949-06-25,2178590017,parmstrong@example.com,8692 Edwards Courts,52650,2025-08-12T11:55:46
5bb8b9c8-8932-49f3-9ee8-9a4c681134e2,Jane,Rodriguez,Other,1985-06-19,001-538-896-7635,xcooke@example.net,896 Tracy Motorway Apt. 288,28602,2022-12-01T23:05:37
769de1e3-4eed-4124-b3b0-d6763527a5c8,Kimberly,Rasmussen,Male,1967-02-19,(413)990-1430x974,theresa36@example.com,7967 Stephanie Grove,68679,2021-11-12T02:31:47
cebeabaa-2859-4b34-9725-d2c71eb2a7b8,James,Saunders,Female,2026-08-15,8072356582,terricooper@example.net,79412 Patterson Prairie Apt. 122,26207,2025-02-27T02:53:46
9a72083c-b266-486c-b467-88bdd38e13e4,Leah,Jones,Male,2021-01-18,+1-625-826-1197x89259,shannon44@example.com,325 Ramirez Club Apt. 818,87759,2025-05-20T19:44:43
25f88c74-53ea-4919-9b48-62c2d5ff2a1f,Kathy,Horton,Male,1947-05-19,567.338.0520,seanbean@example.com,84714 Lambert Expressway Apt. 148,32460,2022-08-12T11:31:28
657046ea-5b11-451f-b7e9-101d3f8b4433,John,Adams,Female,1943-11-20,512-272-8360,zjohns@example.com,0906 Graham Plains Apt. 762,97554,2024-05-03T04:57:26
d1f16485-429a-4a7c-8c80-d33aad5be3c8,Nathaniel,Webb,Unknown,2024-10-20,216.621.7204x8886,masonlisa@example.org,26456 Mendez Mountain,39627,2022-03-27T00:13:06
dac726b6-6786-4fb3-b3bc-9a7107f4fee5,Brianna,Miller,Male,1940-10-20,739-306-4909x70342,hfleming@example.net,589 Jacob Plains,19139,2024-03-26T17:35:18
183fea70-3ff6-479e-8cd4-b90abf8211bc,Peter,Best,Male,1998-09-11,821-253-1936x252,granthenderson@example.net,875 Robertson Divide,79600,2022-10-03T15:25:51
1f178f93-23c9-4a1e-8b37-1d97cdcc2d6a,James,Chaney,Male,2009-12-21,984.539.1065,melissa74@example.com,9351 Nancy Street Apt. 401,20232,2025-08-23T09:31:57
38e7e019-fb89-46c8-87ec-fe71d49347fc,Amy,Lopez,Male,2013-07-12,958-397-9903x59717,mlyons@example.org,8709 Jones Glen Suite 051,51902,2022-11-05T23:42:16
afb06406-5f4b-4a97-a68c-879bd2dc42c8,Amber,Hall,Female,2022-02-18,+1-889-953-3768x4187,bglenn@example.org,4345 Rhodes Skyway,31064,2025-05-09T13:42:04
960be0f4-9513-4c22-9583-9b99a50a13dc,Christopher,Farmer,Male,1967-12-07,9336249675,darren04@example.net,094 Swanson Forge Apt. 815,51228,2021-11-07T17:39:18
ff45f8a2-0594-424f-9332-5c31d010318a,Melissa,Bruce,Male,1957-11-03,207.999.5947x6111,cmyers@example.com,565 Hernandez Port Suite 226,90039,2024-03-22T03:09:30
cf2e3296-7184-4713-a55f-65b7e709fba6,Jason,Hunter,Male,1972-04-16,+1-803-490-9846x85606,hjones@example.org,709 Ware Motorway Suite 957,05859,2024-12-27T03:30:02
cf133b65-d450-4fa2-98e7-0aebe7b33085,Destiny,Hudson,Male,1991-01-22,(363)277-9271,wmalone@example.org,962 Donna Bypass,53829,2024-01-24T16:35:33
0cf697a5-7603-436c-b139-4e3c0aee2557,Tammy,Delgado,Male,1958-08-15,632-833-3023x9934,cobblisa@example.org,430 Salazar Shoal Apt. 357,70976,2025-07-06T08:28:32
b9744cde-d259-4960-aee3-560792ea1324,Peter,Osborne,Male,2017-04-05,712-685-3700x6448,vchan@example.org,98042 Bell Inlet,19266,2024-01-08T19:07:09
6d39da75-aee7-4ab2-a1fa-8e7a078c26ce,Leah,Nguyen,Male,1996-03-15,(242)455-0786x88786,perezbrittany@example.org,31701 Castro Mall,27875,2024-04-14T19:46:05
46653497-2fe9-42aa-a886-a01136f7a26c,Kimberly,Stanley,Male,2009-04-02,798.872.8731x4249,barbarawilson@example.net,4160 James Falls Apt. 700,42992,2022-02-07T11:05:35
9d3616a1-08de-4921-a60c-b547e2280fe3,Jacqueline,White,Female,2002-02-20,651-320-2201x7545,fhill@example.net,104 Perry Well,61641,2023-02-16T18:37:27
7fb75c57-4b8c-431f-a5b4-09833eebc04a,Debra,Smith,Male,1949-01-22,(926)797-4420x360,jessica33@example.org,723 Raymond Station Apt. 601,34529,2023-03-13T16:27:10
1674eb65-0f9c-4300-baa1-c5678cf9eea9,Sean,Wheeler,Male,1966-12-13,(967)214-8581,diazjennifer@example.net,9720 Michael Ports Apt. 018,20782,2024-02-09T08:00:38
a484e035-330f-4aa3-ab52-f93c2321e64e,Jennifer,Gomez,Female,1968-03-12,729.470.4937,coopertami@example.net,1163 Miller Rapid Apt. 075,60727,2023-01-21T15:00:20
fe7c80e9-a179-4e93-bfc8-25ac869bc00f,Heather,Rodriguez,Female,1977-12-04,(448)773-9626,holmesamy@example.net,49773 Erickson Mountain,63417,2022-07-02T08:27:28
61eb64e6-fd49-4e20-84ff-eab2cb7b0b3a,Nicole,Scott,Female,1961-10-19,+1-943-354-9787x2965,rebecca43@example.net,99034 Danielle Crossroad,38906,2023-10-09T21:49:16
c80c2195-8b65-44ce-bacc-99705beec570,Bianca,Barnes,Female,1942-08-25,+1-800-494-0916x5737,natasha66@example.net,54920 Robert Rapid,30769,2021-12-29T19:16:57
5254aad3-809c-4839-90ce-82e8e9a53368,Caitlin,Miller,Male,1972-04-19,+1-601-352-7311x7226,travis56@example.net,18429 Jeff Isle,80562,2024-01-05T19:34:11
98dc9e0b-51a1-45df-86ac-10102e0869c1,Traci,Nelson,Male,1977-06-09,(929)983-5966,birdjohn@example.net,26247 Richard Branch,06098,2024-10-30T09:51:16
47eb340d-c74e-48ff-8f89-569de550d736,James,Jacobs,Male,1937-12-06,001-600-464-7614,pgordon@example.net,4042 David River Suite 920,96800,2023-08-11T19:52:18
5b80b8d1-8788-4fed-b8c0-4ed8fdd4ff21,Scott,Cox,Female,1972-03-11,001-239-634-3969,melissa92@example.net,87835 Gonzalez Views Apt. 330,63599,2022-10-04T11:30:19
28dd2bfd-f956-4e95-bb96-4c74ffe62994,Joshua,Wright,Male,1964-02-07,9236641224,schultzamber@example.org,03350 Moon Locks Apt. 232,43316,2022-03-06T06:28:09
889fe107-443b-4d0f-bdbc-3093a8284442,Lori,Freeman,Female,1947-12-26,(655)787-0940x422,ftorres@example.net,5125 William Via,05166,2023-11-02T20:29:21
c398c332-0e50-4785-bcaf-f931ead18464,Kelli,Jones,Unknown,1948-03-03,950.353.4941,heather55@example.com,6328 Tina Lodge,32748,2021-11-04T11:56:49
fb8fe8c4-d8b4-4ead-9360-8edf382b5b86,Mary,Jordan,Female,1991-08-21,(218)956-3520,uayers@example.org,05986 Contreras Manor Suite 714,25384,2024-09-07T19:18:08
fdd5b0f8-d6d7-44fd-af69-a9805ad479ef,Jason,Brandt,Female,1939-01-11,909.301.0146x10392,benjaminlloyd@example.com,3881 Rasmussen Mountains,93263,2024-01-18T12:07:01
5168bbf2-97af-4bde-bc8e-9d782d14e9f4,Jessica,Davis,Female,1983-11-03,(490)250-9656x88267,mendozaeric@example.com,81472 Stephen Knoll,55547,2022-12-21T13:52:16
9770a3db-e9fa-47e2-9bd9-3609b297a782,Andrew,Black,Male,1939-09-07,+1-730-369-7899,michael49@example.net,7146 Baker Camp,57488,2023-05-20T00:28:42
91519998-f293-4585-9a07-d758b357f3f9,Alison,Cummings,Female,1996-12-07,(718)757-1164x560,tclark@example.org,073 Allen Bypass,18156,2023-04-04T07:18:56
d631c383-3030-44d0-b2c8-47439027e770,Allison,Ali,Unknown,1994-02-01,333-477-7303x16787,srodriguez@example.net,201 Jose Centers Apt. 545,42607,2021-11-14T07:47:04
8ac8ad93-7e02-421d-b86b-543ae1b243cc,Dominique,Shea,Male,1976-01-09,001-908-809-9839,gyoung@example.com,6163 James Underpass,37476,2022-10-29T18:44:08
0e61065f-171b-4b80-89b7-fdf77d8d3ddd,Alicia,Barton,Male,1943-11-09,6095143529,vasquezterri@example.com,9965 Gutierrez Loaf,20503,2023-12-12T17:33:23
7a5d7c82-86c5-447c-851a-00393803dcee,Christine,Steele,Male,1984-08-28,789-862-2527,smithdavid@example.org,40567 Castaneda Cove,24677,2023-04-19T17:44:51
ce7334f2-3393-4b6c-9d37-efb6eafb3e90,Christian,Wood,Male,2012-07-04,001-204-318-2805x1666,jeffmartinez@example.net,7909 Marsh Mall Apt. 527,51738,2024-05-15T07:43:01
cd6bb03b-eb35-47a0-ad6e-0291b7893986,Marcus,Arnold,Female,1974-02-15,542-302-2482x4886,mirandayoung@example.org,0311 Heather Light Suite 914,16429,2024-05-04T02:40:48
25d07461-059c-4574-8f3f-0f4852d6b779,Kathryn,Caldwell,Female,1991-05-26,3613047189,jessicaboone@example.com,7688 Keith Cape,29395,2022-11-19T03:15:02
1c654aa2-c63c-421d-a443-5958eacf33a9,Christian,Davis,Female,1945-04-05,211.681.4051x32517,shannon85@example.com,406 Garcia Shore,66473,2023-09-21T01:37:08
12916e60-f5e7-4daf-9d69-6bc8dc54d59b,Alisha,Jones,Male,1962-09-15,945-764-5722,ygreene@example.org,403 Michaela Mission Suite 499,80905,2025-09-08T06:44:55
96053035-6545-4030-a981-fa54f121e129,Tara,Cole,Male,2018-01-03,439.813.6941,chad60@example.org,7531 Michael Locks,32146,2022-02-21T10:56:38
f9d2014a-22ee-4f07-9296-1fb34d407b28,Gina,Johnson,Male,1939-05-30,+1-596-854-6125,pricekeith@example.org,4867 Mcdowell Lane Suite 848,09589,2023-10-04T07:29:00
a3a6ef83-cab6-4107-afd6-9b3af2dd9456,Alexander,Banks,Other,1990-12-04,500-977-0177,audrey49@example.org,78111 Rodriguez Squares,55960,2025-04-23T02:05:18
b509f08a-2c98-4bca-9139-7c06a630ad9d,Brett,Johnson,Other,2019-08-13,8219444155,jeremy38@example.com,552 Ashley Coves Suite 033,47712,2022-10-22T03:01:24
9d1c0838-edc8-4ca8-a3bc-d6f3b18d2c8c,Rebecca,Walter,Female,1943-04-23,999-592-6653x6197,vangjay@example.net,2487 Sarah Flat Suite 865,87172,2022-10-21T19:30:03
d08012b8-96c5-4fe7-aa60-4892392612e9,Mary,Hernandez,Male,2000-12-24,+1-868-971-4134x93179,jordanmichael@example.net,3579 David Stravenue,16417,2023-06-04T00:44:29
4b657bcc-b041-4f19-bbe7-18354e8bf78a,Derek,Johnson,Male,2015-09-20,+1-993-254-6463,mcmillanelaine@example.net,7039 John Curve Suite 186,52606,2024-12-12T09:06:10
b3b6d344-f2e3-46f0-8075-d3d5ba94aa66,Brandy,Hernandez,Female,1979-08-12,(290)250-9260,bowerslaura@example.org,56161 Lee Green,33580,2025-01-18T14:07:55
c55523ed-fe89-46c8-99cb-3540643ffdae,Julie,Sims,Other,1946-11-30,(613)800-8823,duranglenda@example.net,2331 Joseph Greens Apt. 773,82831,2023-07-11T11:39:21
5176a9d1-9a36-44d6-ae9c-e8ff084a3c4b,Melissa,Mcmillan,Female,1978-11-29,001-561-392-2188x2206,hshort@example.com,30236 Duran Spurs Suite 936,66920,2022-07-29T10:02:17
a3bfe403-388c-4751-9c83-79aef7b02805,Logan,Garrett,Female,2016-03-17,367-564-0323,tiffanytaylor@example.net,671 Oscar Rapids,32010,2023-09-24T16:16:00
54c7743b-2401-442a-bf05-fbf5efcac577,Brandy,Jacobs,Female,2020-10-10,001-652-625-2964,kathleen36@example.net,111 Logan Forges Apt. 064,03687,2024-05-05T05:24:45
51cbf9e5-fb7d-4ba1-98c8-8c483ced4d1f,Jasmine,Johnson,Male,2012-03-30,271.455.5906x2787,barbara20@example.net,3721 White Stream Suite 603,19605,2022-07-30T22:51:34
d2586d90-16b6-4f61-b68c-62e6e2a45909,Mario,Phillips,Female,2008-08-09,9295559997,ycordova@example.net,579 Gallagher Cliff,74468,2024-07-04T00:45:26
55f3ad50-e2fb-4984-bab2-7bcea39c3bd5,Lisa,Scott,Male,1997-03-17,411-717-3670x386,drosario@example.com,25842 Jared Underpass,02390,2024-01-29T23:24:04
b173fcdf-3fe1-48f3-b5ad-de8843e4f668,Bradley,Sanders,Male,1969-09-09,9825924828,laurenwilliams@example.com,27365 Gardner Drive,24604,2021-10-12T12:54:24
b86d066b-1ba8-47c6-897a-24ad41b455b8,Thomas,Smith,Male,2019-10-07,808.542.8741x627,knguyen@example.net,5100 Dyer Bypass Apt. 948,34046,2024-10-15T08:18:04
6b6e64c5-bb8a-4843-b02f-31e562ccc604,David,Patterson,Other,1959-04-20,500.736.0722,hernandezdestiny@example.org,342 Gonzalez Motorway,43871,2025-03-14T19:59:57
e1bbb8cd-7e3a-4f07-a9fd-28e6e271fff9,Jamie,Wilson,Male,1994-12-07,001-892-980-9166x31669,albert30@example.com,4106 Ryan Greens Suite 008,38170,2023-01-02T02:57:22
d42cb1ae-19f7-48cb-a016-c7438bc83a02,Kristina,Rivera,Male,1939-07-04,451-276-4296,kennethwilson@example.org,96996 Jessica Trail Apt. 152,93345,2023-03-07T05:29:33
c21c3fb3-a6a5-40ff-93fb-71d0dd326d9c,Nathan,Wolfe,Female,1957-11-26,(680)558-8377,samantha04@example.com,53950 Christopher Isle Apt. 558,90393,2023-08-15T18:20:45
cc9803de-12de-4e5a-b387-928a29a3db6d,Mary,Ford,Female,2009-09-16,+1-282-560-3174,scotttamara@example.net,971 Jones Vista,41067,2025-04-14T19:22:06
42d943ee-5197-4e75-8523-d4fd4b7f2183,Rachel,Thompson,Female,1965-09-25,(754)959-2055x967,fgreene@example.org,9830 Blake Mountain,54460,2022-05-18T05:12:25
e34f76b4-2b8c-43bf-9780-be1712fecc2b,Scott,Wright,Male,1949-12-06,260-389-5897,donna22@example.org,68960 Rose Flat,36191,2023-09-20T15:44:33
f11c0ac5-8c0b-493a-9333-5bc9bb635ff5,Ryan,Goodman,Female,1953-06-12,+1-989-489-9307x46113,vgarcia@example.net,33878 Khan Drive Suite 898,52479,2023-12-13T13:52:15
fc3b0de5-9812-42ac-9683-ede017d5b563,Denise,Payne,Female,1970-11-28,001-639-676-3090x07379,larry44@example.com,76926 Paul Trail,45505,2022-12-24T19:50:36
6e6b34b9-07ef-4ba8-b45a-6ab37b94a34d,Destiny,Evans,Female,1997-04-10,(791)260-4359x839,tburnett@example.net,8578 Sandra Parks Suite 681,50100,2023-10-19T07:25:12
6f27c1b9-e3c6-4edb-9b79-2afa2a3d418d,Alicia,Ferrell,Male,1965-06-12,207-230-7177x6135,nromero@example.com,33854 Joel Field,54083,2024-03-29T22:36:09
f9722cc1-349e-44a9-94c2-9d5c19ec0829,Briana,Peterson,Male,2011-03-18,302-631-2653x27355,mmoore@example.net,22347 Jones Manors,80766,2023-03-04T14:57:16
ecf26429-b8d7-4d2f-8dda-4ff2b27b7bb4,Olivia,Richards,Female,1984-05-06,855-670-2006x17413,sharon59@example.com,1218 Sara Ranch Apt. 270,55351,2023-02-25T03:34:09
4c2272f3-4811-4562-a91c-f19243e8644b,Anthony,Moss,Male,1949-11-01,(622)883-0564,john04@example.com,5950 Tara Forest Suite 607,65829,2023-11-04T08:49:11
8cb6b0ba-925f-4199-a495-3d5f0cb4e891,Kayla,Obrien,Female,1978-03-06,632.876.3990,johnsongregory@example.net,9626 Isaiah Spur,24586,2022-05-28T21:21:47
00fa0eb4-5c5f-48d4-8df4-07b82751ab86,Bryan,Wallace,Male,1981-08-27,+1-206-217-9067x01512,brandyclark@example.com,6972 Patrick Stream,10185,2024-02-11T16:50:30
a005f5e1-a97a-4846-92ea-ef184b6797a1,Deborah,Jennings,Female,1967-03-27,001-219-729-6921,angelmiller@example.org,08228 Denise Mills Suite 270,41861,2022-12-26T18:55:09
34fadee1-0696-4d48-98d4-2238331de35c,Christine,Nguyen,Male,2009-06-17,+1-472-282-0632,pollardgary@example.net,4665 Taylor Groves,64866,2023-07-04T17:50:48
793bed1b-14f9-4394-ba20-74034ab427e3,Alexander,Bradley,Female,1938-05-31,+1-964-672-4525x7378,isimpson@example.com,0946 Mendoza Mount,07429,2023-08-13T13:11:44
788fd0cd-65c0-4b93-88ed-abdd4ef03f80,Christopher,Stein,Female,2005-09-18,897.328.4268x09282,cscott@example.org,3718 Johnson Loaf,96004,2024-10-26T13:51:24
a4515ae0-1754-4f08-83d7-5413a939ebd1,Raymond,Robertson,Female,1963-02-27,966-547-9512,beardkathleen@example.com,535 Miller Locks,02861,2022-02-17T00:45:07
61a66444-e2af-4629-9efb-336e2f546033,Barbara,Miller,Male,2019-09-18,+1-248-808-7017,gbrennan@example.com,77107 Brown Fork,29983,2023-07-30T01:26:26
7092d401-4367-4d58-8b6c-03c8721e5419,Theresa,Riley,Male,1996-01-04,+1-267-224-6105x110,gwilliams@example.com,20502 Ortega Port Suite 239,23520,2021-11-28T07:13:05
907276ea-44c0-4a9a-964a-cb1f39eb038a,Christopher,Fritz,Male,1959-03-13,+1-775-999-7475x396,jonathan25@example.org,942 Juan Lodge Suite 153,58278,2023-01-04T13:31:20
18c180d2-aadf-4692-b24b-eb96c0927b74,Benjamin,Leon,Male,1985-08-19,933-879-3766,paulrachel@example.org,7174 Lauren Pike Suite 968,67234,2022-02-07T20:46:58
69fb0763-8a9c-46f7-8ee4-e5125802b640,Joshua,Chapman,Other,1940-07-05,203.858.6240x57445,ianbrooks@example.org,79111 Heather Centers Suite 184,54287,2024-08-25T17:43:55
0f9ca17b-8db8-4adf-ba3e-46b096f84ff7,Roger,Hunt,Female,2011-02-25,+1-959-532-1359x61830,heather80@example.org,64259 Bates Dale,01635,2023-03-12T17:05:41
f7336094-6b2b-48b9-85c7-f3bed183010f,Melissa,Phillips,Female,1958-01-30,001-987-681-9214,sean60@example.com,371 Griffith Glen,89917,2023-10-15T09:46:45
929d674d-798e-475f-afb5-6207ddecc40b,Valerie,Hobbs,Female,1946-09-26,461-872-7580x452,blin@example.net,887 Rivera Harbors Suite 847,99918,2023-01-09T12:27:48
6511e61a-1436-45f5-8c81-926079ec533c,Tammy,Young,Female,1936-05-07,892-493-6059,ecook@example.net,6389 Daniel Ville,37043,2025-05-07T14:22:21
923b7820-8089-48c5-88e3-f771b6dcbd05,Tiffany,Mitchell,Female,1975-11-11,493.565.6115x6862,churchlisa@example.org,9480 Faulkner Cove Suite 022,59419,2024-06-21T20:43:04
fb95d0fc-ad72-4d05-924c-de09ccea5031,Sandra,Allen,Female,1942-12-17,672.971.8624,robert11@example.org,80782 Ryan Union,06725,2025-08-16T01:52:40
72f444ab-c1d7-4f4a-b302-5d161ecacae9,Randall,Jones,Male,1976-06-07,(398)258-6635x654,courtneypierce@example.net,2128 Reynolds Canyon,41932,2025-04-26T05:54:39
363e6ef4-f8df-4c3a-aacb-4fbdfbff8a7d,Stephanie,Nelson,Female,2015-12-22,001-798-442-8828x470,sanchezelizabeth@example.net,887 Laura Throughway,22466,2022-08-30T00:08:40
140ff589-6c62-4c2c-8aec-cec7204db9da,Julie,Hardin,Unknown,1964-01-27,(468)964-2778x62685,allisonrodgers@example.org,08778 Mariah Mill,10985,2024-12-06T04:35:13
d2938e6e-ff4d-4930-b3b0-fb536f75ee8a,Adrian,White,Female,2008-11-04,434.555.7356,micheleyork@example.com,004 Lewis Pines Suite 973,08482,2022-04-21T20:33:36
51db1a37-4204-4733-9855-0b1ed5881c1c,Kimberly,Walker,Female,2022-05-01,+1-722-685-7042x40255,uboyd@example.net,770 Garcia Mall,62979,2024-02-22T02:03:38
16476e3f-1127-4207-8eae-1325ea074d80,Amanda,Best,Male,1984-09-20,001-864-267-3865,tamara48@example.net,673 Jacob Fall Apt. 248,79444,2023-03-05T11:39:22
db4bb8eb-537d-4bd1-8d53-6c7565b90e94,Michael,Marshall,Male,1995-05-04,6064239459,fhill@example.com,895 Brian Crossroad,94664,2021-12-20T17:04:19
032a461a-df9b-4c1f-aacb-1f6d7549c9f9,Jeremiah,Moses,Female,2014-02-24,201.738.7162x83356,johnsonemily@example.org,37435 Ellis Curve Suite 728,60899,2022-01-26T11:53:58
c81c8d31-85c6-4fbf-966b-62ea9f80b96b,Whitney,Howe,Male,1985-07-21,+1-769-757-9457x595,vancemario@example.net,629 Scott Hills,67864,2023-04-27T16:47:22
910c4cb7-25f0-4b0a-a64e-f59d6a18e5af,Nancy,Krueger,Female,1974-09-21,483-295-2525,xshannon@example.net,65119 Christopher Village,49556,2023-11-10T19:04:32
19a6f80e-f08c-46c2-b6ff-3521c2250530,Kenneth,Phillips,Female,1956-01-14,5302276947,kevinbrown@example.net,321 Joann Haven Suite 029,26751,2025-01-21T01:19:27
c926a021-19da-4262-8790-3dc5900c0af7,Samuel,Roberts,Male,1938-10-08,001-741-921-8052,brandy00@example.com,412 Rebecca Islands Suite 601,73074,2025-08-06T13:28:20
e0bda1ee-5807-4f74-a150-9425891f4683,Brooke,Blevins,Male,1951-04-06,543.848.5713,patriciapatterson@example.com,73421 Edward Trail,22183,2024-05-27T08:32:34
92701d60-7c4f-48e4-a7a0-2a3d620f230b,Christopher,Dominguez,Female,1963-07-04,213.301.4948x02989,tbyrd@example.com,19199 William Cliff,88411,2022-09-10T10:10:19
67294d3c-4681-4a88-ac15-4804099759a3,James,Long,Male,2012-03-13,001-331-272-3667x0417,hannahwinters@example.org,740 Li Burgs,15182,2022-10-14T22:34:40
66d71d97-b193-48b8-ae49-c0799bd0d4c7,Jennifer,Harrington,Male,1938-11-20,001-734-249-5607x14876,wchavez@example.net,7231 Avila Fords,15924,2023-06-13T00:42:41
b0c58278-54dc-4ba5-a103-5e1ce3bb22ae,Anthony,Gonzalez,Male,2003-06-22,+1-281-810-5703x9963,bkane@example.org,946 Sanders Rapids Apt. 233,90943,2023-09-24T20:38:04
44c1f1b5-ebbb-4763-b9a7-e63bbee975da,Brian,Snyder,Female,1979-01-31,600.597.1408x63323,lloydrichard@example.net,4888 Cindy Run Apt. 375,79115,2024-11-18T20:05:37
cb2cc805-d140-4430-967e-642e052dfb9a,Adam,Lane,Male,1961-02-24,(785)782-5854,lewiskayla@example.net,34823 Simpson Points Apt. 873,52455,2025-07-03T08:52:54
dbb54645-7dda-41b6-97c4-caed47c4cc51,Anna,Reid,Female,1955-07-21,780.604.3647,zfisher@example.com,741 Hall Trafficway Apt. 206,30383,2022-03-21T12:16:17
3a5b6ac5-de70-4b72-b8f5-8a261924c644,Stephen,Reed,Male,1958-09-20,001-677-260-1458,rodriguezkimberly@example.com,7281 Dawson Squares,50209,2025-07-24T11:51:11
c626e38f-716f-4276-be64-ac2af96671a5,Casey,Gutierrez,Female,1987-08-26,414-860-3611,pattonmatthew@example.net,5426 Noah Terrace Suite 377,12232,2022-11-27T00:47:22
9adfe981-6ab1-4e15-ba92-992e44f8b53c,Lindsay,Gonzalez,Female,1972-11-17,+1-354-859-5660x0301,edwinrowe@example.org,742 Denise Stream Suite 368,30877,2024-01-17T14:35:15
e9d6bb7e-361d-4014-b114-56de301c8db3,Michael,Hartman,Female,1943-04-20,001-357-809-3409,antonio11@example.org,403 Velasquez Road Suite 843,98215,2023-10-14T12:12:40
84396fc0-c26e-4706-bc05-9799bdae8eff,Lisa,Johnson,Female,1992-12-03,(779)659-5142,chloe66@example.net,2175 Anderson Junctions Apt. 800,15213,2023-07-14T22:12:10
ca9f1d59-83e8-4700-8e63-813ed22e3226,Tammy,Newton,Male,1944-11-11,+1-373-844-7945x9235,andreamorrow@example.com,897 Gloria Springs Apt. 017,02173,2023-09-30T22:26:20
67443fb8-81bd-45d5-b5a6-571c4fa5c35e,Angela,Bautista,Male,1952-11-03,+1-394-657-6130x49484,colleenvance@example.org,528 Danielle Orchard Apt. 875,53635,2024-07-27T05:37:07
9194821e-e11b-40d4-8637-9f04d9ee7dc9,Travis,Chaney,Male,1952-09-26,+1-430-326-5647x71158,rmoyer@example.net,07911 Wilson Hills Suite 446,93898,2024-07-13T13:33:53
3362d476-d53a-457f-a00b-d5343158f1fb,Christopher,Garcia,Female,2015-01-18,430.597.5424x73885,qcooke@example.com,770 Taylor Points Apt. 253,23121,2023-03-11T18:16:18
0cf173f9-74d9-41f5-8877-58043fde9814,Sarah,Moore,Female,2024-03-15,001-880-882-2679x9096,hernandezrussell@example.net,395 Brown Inlet,53258,2024-12-28T20:57:06
5e4c4fd1-4623-43a9-b2f8-dbabb462e3e8,Marcia,Moreno,Female,1950-07-10,001-800-837-0907x03780,frankjimenez@example.net,834 Wheeler Spring,91628,2024-09-16T16:46:47
ec4e8cbb-a2aa-478c-a59e-0258814ff657,Ryan,Sharp,Male,2009-05-16,762.996.5074x456,ronaldfoster@example.net,98281 Cuevas Groves Suite 795,00958,2025-06-03T23:07:26
7d2120ad-5f59-4b4d-bdef-a7ba07d2fd4d,Samantha,Williams,Female,1977-08-05,622-702-6269x30326,stephaniewatson@example.com,09074 Jessica Forks,44411,2022-02-19T19:52:53
797e3984-ded7-43ef-b5e4-a9c12d761ffa,Ryan,Cooper,Female,2023-11-12,(547)967-5125,brownlauren@example.org,693 Derek Mews Apt. 342,20089,2024-01-14T01:14:38
d6707a21-29dc-473e-9820-b3f25989dd6c,Sherry,Terry,Female,1957-06-14,001-583-572-3722x59310,usummers@example.net,89423 Walls Bypass,27293,2024-12-05T16:48:14
1723ecdb-b058-4256-94b3-e8cfbfbbeab3,Sean,Adams,Male,1961-10-10,831.388.3845,michaeltucker@example.net,7371 Mullins Spur,89306,2022-04-02T23:22:38
da9408c0-29b4-4cb1-8cb5-ee5c62f5f7c2,Tim,Fisher,Female,2025-06-02,(580)964-5544x2157,ryanjohnson@example.org,739 Boyd Lake,81338,2022-08-21T13:42:03
38aa76df-db6b-439b-b6dd-9529f704d72f,Jose,Nixon,Female,2007-05-19,+1-939-503-9799,christopherwatson@example.org,98596 Yates Tunnel,11078,2024-08-31T04:29:40
a6ce6d7a-44e2-494b-b4ec-5264ad7d6f81,Gail,Johnson,Male,1980-11-25,5666686067,fbutler@example.com,28959 Pamela Alley Apt. 852,41188,2022-05-24T04:23:07
f796611f-c7c1-4b1b-9d58-631b052226b9,Melissa,James,Female,1956-07-19,855-596-3743,christina94@example.org,955 Perry Mews,87339,2024-07-18T15:56:26
21df5609-e959-437f-b95e-6f2b02472360,Micheal,Jones,Female,1943-09-09,473.700.2102x73663,ddouglas@example.org,34874 Carmen Circles,56348,2024-08-10T08:46:24
3948fe22-022a-4dda-8d05-79e299e4704c,Peter,Robles,Male,2014-09-27,209-904-8866,theresareese@example.com,7893 Palmer Ridges Suite 417,56959,2025-02-24T07:37:14
b676291d-4e32-4b4b-b168-c605ce1a1669,Brian,Cabrera,Other,1938-12-04,+1-937-516-4581x045,robert94@example.com,38780 Anderson Ports Apt. 566,45690,2025-09-04T01:28:39
e53e5f4c-6c7e-4a2c-867f-358ba48aa108,Vanessa,Tran,Male,1995-12-28,+1-547-971-9888,john45@example.org,593 Randall Summit Suite 023,06409,2023-12-11T23:38:10
37dc8c78-4082-4cda-b580-e4e959450186,Michelle,Newman,Male,1988-11-01,769-424-3435x486,lopezcurtis@example.com,38710 Jason Ways Suite 694,50539,2023-08-02T23:18:34
9fa4a627-d306-48be-8548-867bad5cba24,Aaron,Evans,Male,1943-09-28,376.347.4769,lmiller@example.org,39655 Mckinney Station Apt. 900,40176,2022-04-16T21:06:35
ffda9a93-82f2-4004-81e1-87d81a312044,Lee,Guzman,Female,1965-01-03,752.786.6013,mirandaanthony@example.net,3801 Casey Walks Suite 571,71539,2022-03-01T07:21:03
8fbba749-5fcd-459e-96e1-8109d7e174e6,Rhonda,Hansen,Female,1988-02-18,001-719-349-9913x6505,powersjodi@example.net,687 Walter Underpass,87043,2023-11-12T09:26:36
af35b30b-4c68-4b17-885d-831c9beab529,Chase,Smith,Male,1937-04-30,+1-849-329-3285x0719,sydneyrobinson@example.org,49522 Anna Wall,35259,2021-12-11T14:58:18
46c79b36-fd05-4963-9616-af7e1057a002,Elizabeth,Acevedo,Female,1964-10-13,217.875.8856x2748,srodriguez@example.org,203 Virginia Ramp Suite 165,64776,2024-08-20T01:30:33
a7f77451-42da-4609-86e1-ee40dc8ab6a7,Christopher,Rodriguez,Female,2011-03-20,(701)781-1239x93302,icarpenter@example.org,31459 Peters Spurs Apt. 096,83504,2022-03-24T18:07:39
30385dd7-4c7d-4313-a6c6-81b0e4729be5,Ashley,Sullivan,Male,2010-04-16,2455052112,hsmith@example.com,80446 Nancy Squares Apt. 971,34141,2021-12-06T15:23:12
0e88c8ec-e651-43e1-bd84-6fc9c3f62136,Linda,Arnold,Female,1967-11-24,769-254-4950x609,scarey@example.com,6698 Gabrielle Route Suite 907,34303,2022-05-16T10:50:14
6772fe9f-999b-4859-8f5e-0f0bcd67b5df,Charlene,Hill,Female,1977-04-14,(490)749-5776,emilyburton@example.com,6919 Lee Court Suite 472,69239,2024-06-13T02:02:15
06843c86-b8a6-4402-a3d2-6b8dae46024d,Richard,Harrison,Female,1975-09-17,+1-868-859-0262x97611,kaylafernandez@example.com,49824 Walter Ranch,83250,2025-02-10T13:20:09
e82b5b36-4269-428c-8bac-bedfff5a229e,Emily,Webb,Male,1942-01-09,465-362-7740,lydia72@example.org,252 White Flats,45092,2022-05-31T12:55:33
95410a9d-090a-4a93-bc9a-79986365fc2a,Matthew,Newton,Female,1940-05-16,9854894961,coxmelinda@example.com,53531 Jennifer Passage,36178,2023-05-08T10:40:24
57d9cbb0-309e-47ba-90e6-56e592715f6e,Samantha,Smith,Female,2019-02-22,+1-634-623-2210x912,jessicamcguire@example.com,0878 Joseph Union,26300,2024-08-31T03:41:46
a36884f5-88dd-4880-afb2-8b3d38eccb4d,Megan,Owens,Female,2001-04-30,001-482-540-2116,robinsoncindy@example.net,100 Hernandez Inlet,21816,2023-07-04T19:38:14
5bc677ca-abff-4286-b0cf-9d73e8121ef0,Maurice,Ford,Female,2019-09-05,001-463-555-8774x52634,jholloway@example.com,2253 Wilson Mountain Apt. 805,06538,2022-10-31T00:27:47
a8596f8c-d734-48fe-ab84-3ef3d86d655d,Johnathan,Diaz,Female,2011-03-03,001-882-287-2047x6766,amberbooker@example.com,871 Brian Mountains Suite 313,94451,2025-08-24T01:19:34
7885187d-18fc-43b7-8b35-6e9a2e5eeb6a,Peter,Ward,Male,1961-07-27,352-662-1074,jeffrey10@example.com,4529 Velazquez Knoll,93277,2023-09-25T02:09:47
8f1cb2cc-ceef-4fa8-b9a5-d4d0423701f1,Larry,Huynh,Female,1964-10-29,599-671-1533,bmartin@example.net,10034 Kelly Rapid Suite 585,72793,2024-10-26T02:53:20
e64b9b37-ae01-4122-b269-921c2edd9141,Robert,Jones,Male,2007-12-29,681.578.6021x59927,okim@example.net,4903 David Expressway,24908,2022-09-29T07:17:28
392c04da-5af3-4a5a-b8e5-9b2716dc5a6e,Monica,Morris,Female,2011-07-17,5708473148,ecollins@example.net,0703 Cruz Wall Suite 600,88608,2023-09-06T07:47:11
e3082ddc-c9c0-4b7d-aba4-170b4e9d23e9,Nicholas,Love,Male,1957-10-27,+1-821-428-2193,qpeters@example.com,4393 Melissa Hills,95124,2025-01-30T21:50:34
76b90436-4b46-4f33-95e7-f61442b40281,Michael,Willis,Female,1994-05-30,001-720-566-6048,whitejohnny@example.com,8498 Daniel Pike,86723,2023-01-31T20:26:11
a267d32f-ddcb-44bc-8dbd-c5da787515b9,Tina,Yates,Female,1983-08-09,324-921-0637,parkerjennifer@example.org,8116 Riley Lake Suite 942,10102,2024-06-01T16:00:48
78e36397-123b-41cf-9ee3-39fff1bdb598,John,Berry,Female,1962-08-16,936-836-5972,fpatterson@example.com,9358 Jones Village Suite 174,78569,2022-01-29T18:02:37
ae423568-de14-453b-9eac-41d9801f4909,Brenda,Robinson,Male,2011-05-10,5882426723,hatkinson@example.com,11139 Matthew Pine,00530,2023-01-29T13:39:37
deeff82a-0dd7-4158-a9c1-65ae4c610ae8,Justin,Curry,Female,1991-12-08,879-321-4990x108,qwaters@example.com,9915 Walker Shore,04008,2023-05-23T21:45:57
57b936b0-3346-4332-be0a-824e232a5e82,Shawn,Mays,Male,1987-08-10,936.472.0961x023,rtorres@example.org,8699 Pollard Grove,48089,2024-05-29T05:26:00
fc950bba-e818-4f34-a491-7f7d91c46efc,Tracey,Garcia,Male,2023-08-20,(657)393-2770x115,nlowe@example.net,609 Romero Lodge,67136,2024-02-12T14:54:01
2e2bdc6c-b736-4c4f-9cc5-d97550fe8199,Hailey,Dillon,Female,2010-08-30,(510)585-9735x86794,fhill@example.org,3276 Barrett Unions,46461,2024-04-18T22:59:45
fc9476b1-a18b-4d15-9527-34077cd2192f,Phillip,Wiggins,Male,1971-09-04,001-758-576-6949x4715,melissa45@example.net,240 Allen Park,22737,2024-04-28T06:14:11
73b9c2ac-0134-476b-8ed9-fa95a26e865b,Deborah,Hansen,Male,1972-11-27,+1-289-965-3945x03754,brooksamanda@example.org,9329 John Rapid Suite 480,91809,2025-09-04T16:51:23
938703c9-2b29-4f36-8606-ddc4c2dd901d,Joshua,Norman,Female,2000-05-17,573.404.1506,mary51@example.org,5838 Welch Meadows,27498,2022-08-18T07:52:59
c79ddb62-c379-44c1-8903-94ea7d54ec82,Patricia,Middleton,Male,1999-05-13,964-666-0332x739,rogersdwayne@example.org,01027 Williams Unions Apt. 951,51847,2023-01-15T22:01:13
6dedcba5-a22c-4d4f-af07-b60f9d4e8b5d,Tiffany,Baker,Male,1998-07-29,797.938.3306x1443,joseph78@example.net,0526 Jacob Mountain,04301,2024-11-09T12:03:09
0131ff3b-6221-4670-ba36-e788f71fb9a6,Richard,Rose,Male,1981-03-29,(370)471-8129x23613,travisking@example.net,133 Jenkins Parkway Suite 058,02035,2023-11-07T11:01:18
f337b261-5f83-42d5-bb0c-7919330ccff5,Beth,Blake,Male,2021-03-26,001-665-910-6407x07838,william30@example.org,573 Spears Isle Suite 044,81790,2022-04-27T05:53:50
87f1d48c-d54e-4948-81c0-c5e3527c8f50,Timothy,Palmer,Male,2019-05-18,5313788364,hvasquez@example.com,4088 Barajas Radial Apt. 032,82501,2021-11-29T16:51:17
bbcd6c18-a06e-4de5-810e-4265ad3f5dd4,Steven,Clay,Male,1995-01-25,4525699015,nolancatherine@example.net,3309 Renee Knolls Suite 540,32590,2021-11-22T23:41:33
4fe54745-5827-4e80-a082-1918b18ad67d,Scott,Day,Male,1951-09-26,(540)327-3201x295,adam42@example.org,820 Mahoney Crossroad,07771,2023-01-18T21:51:17
4e5d8f12-96b3-4f4a-80da-a8ca62305d27,Allison,Martinez,Male,1940-03-12,001-730-954-8473,ngreene@example.net,5538 Nicholas Corner,70727,2022-06-08T23:50:11
f2ce7eeb-4c56-4b8f-8bb4-32b3d2e76deb,Todd,Heath,Male,1961-04-29,001-982-864-2951x85255,rogersmatthew@example.org,81969 Kirk Greens,97722,2023-11-26T22:08:32
862c92fd-98ab-42e7-8531-9f0fba533122,Shawn,Garcia,Male,1981-11-06,4486849150,richard40@example.org,76955 Guzman Union Apt. 558,67449,2022-02-06T06:05:29
2240063b-fed7-47be-afd0-d2f7e3524444,Michele,Romero,Male,1954-01-07,+1-727-675-4777x74592,martinezwillie@example.org,937 Gilbert Brook Suite 045,48235,2024-04-27T05:14:35
c0079336-5bf7-4da1-bd7c-59a5e6c11650,Tonya,Kelley,Male,1978-01-12,001-767-841-6623,vwilson@example.com,0276 Baker Street,03230,2023-05-14T20:55:16
cfdfc6f9-eb0f-427c-a82a-3879f2b5a7ea,Kevin,Casey,Male,1956-08-05,927.265.3145x1341,morgansusan@example.com,5595 Mclean Unions,25055,2022-04-17T12:07:39
fc21109b-ba27-4c64-b96d-1ffb3a799efa,Roger,Grant,Male,2026-01-28,735.276.6808,vanessa91@example.org,043 Thomas Land Suite 785,21298,2022-03-02T14:56:04
812faa38-96f6-4c09-859c-1ba0bbec721d,Connie,Riley,Male,2015-02-14,836.286.0931,debbie01@example.org,8391 Daniel Ville Apt. 202,53702,2022-12-25T04:16:40
cac8d87e-a689-407f-b60b-4f875dd8effc,Brandon,Carr,Male,1961-08-09,+1-933-496-3790x20388,hansenchristina@example.net,7816 Reynolds Gateway Suite 208,30986,2023-01-15T20:04:47
c5709e30-417b-4634-a3ec-152ce0653245,William,Davis,Female,1975-10-10,(666)247-4264,steven83@example.net,9663 Wheeler Run,43395,2023-12-22T12:22:56
0c472187-fea3-4d37-980b-68530c7031eb,Christopher,Steele,Female,2000-04-30,644.899.2468x714,tonyacarroll@example.net,15566 Valdez Flat Suite 026,76960,2024-12-30T11:07:12
0c5921f8-050d-4bfe-960b-f603a750350e,Alex,Peters,Female,2012-09-16,(449)566-6811x8229,josephcastro@example.org,37337 Brown Loaf,89038,2024-10-18T21:48:01
1fa3ed1f-6158-4f88-b1be-94c36ab1cdb6,Caleb,Robertson,Female,2002-09-20,985-878-3045x5965,margaret78@example.com,55126 Pearson Green,84275,2022-11-09T05:11:11
349b5089-2733-4670-b3ad-a2ba797209c0,Shelia,Baker,Female,1992-02-22,727.505.6146,lauren20@example.org,18674 Baldwin Way Suite 203,43203,2022-02-14T01:12:58
6bbe3b5a-4d15-47d8-8261-c87aa15c159a,Crystal,Davis,Female,2007-08-02,(305)665-1335x850,ritawhitaker@example.net,6327 Kimberly Crossroad Apt. 381,00705,2023-06-25T04:55:32
9f6facc1-451d-48fe-8532-fc74a9987bdf,Billy,Holden,Female,2004-07-20,+1-717-900-5229x184,betty65@example.net,2702 Jensen Meadow,13042,2022-04-02T00:43:32
e60c1638-d4a5-481e-ab38-2a0a231d260b,Laurie,Lewis,Male,2004-05-02,204.807.7513,smithkaren@example.org,8974 Lara Flats,60781,2022-03-28T15:05:53
485f7888-1e23-4a4b-9e21-741fb8011026,Justin,Griffin,Male,1956-11-10,3434192743,wcoleman@example.com,33616 Morgan Brooks,55357,2025-01-05T09:55:56
9be78aec-32da-41f0-bf6b-d3c61b341937,Dustin,Chavez,Male,1980-12-01,226-272-0367x02751,rebecca68@example.com,9057 Kendra Fall,11410,2024-09-26T10:09:36
f91e5fcd-85ec-4729-94dd-1b56435391b2,Alexandra,Atkinson,Male,1997-07-04,001-693-623-5393x305,tanya65@example.com,9432 Jasmin Forks,04704,2022-05-26T03:42:28
290e3e89-4b9c-42f4-a8e5-c8cdb4146e4a,Joseph,Foster,Male,1971-11-04,(285)751-9020x41154,williamsjeffrey@example.com,3363 Adam Orchard Suite 437,92324,2025-06-21T16:21:41
b02e21aa-352b-4ec8-a90d-21cb7f111a36,Brian,Lane,Female,2009-04-18,916-243-7702x1704,fuentesmatthew@example.net,339 Davis Row,71158,2023-05-12T13:17:32
03438b64-00b3-400f-bc08-899054a27051,Oscar,Rodriguez,Female,1987-04-17,+1-375-205-9173x930,jennifer91@example.com,17936 Schneider Burgs,68544,2024-04-30T19:28:07
92fbacf6-d5d1-4669-9c45-3357e8294a67,Jennifer,Scott,Female,1976-08-04,7659452593,beckmelissa@example.com,94620 Medina Rue Suite 622,59505,2022-03-29T07:04:06
c78f07cf-170f-487b-b30e-e4fe262e5559,Bianca,Cardenas,Female,1991-08-29,3262118680,ryansmith@example.net,490 Desiree Causeway,06922,2025-06-24T13:13:23
e79f9f3d-19ee-4c3b-b93c-4b0bb93b770c,James,Taylor,Male,1991-01-20,+1-928-405-8777x70149,ghunter@example.org,9646 Tamara Mission Apt. 595,51664,2024-09-22T14:26:08
fa2fbd74-fd19-45cc-b4ed-a60e3b2d520b,Lauren,Jennings,Male,2016-06-14,(920)651-3563,michaelwilliams@example.com,7486 Lopez Plains,16314,2024-02-11T08:01:56
d02c75f9-198d-43a4-8cd2-0e4376dae194,David,Rodriguez,Male,2003-05-11,687-547-7935x995,nathanmunoz@example.net,25201 Bryan Light Suite 691,19991,2023-05-24T01:37:02
5c370739-4a62-4c5e-9a2c-f8520a190939,Lisa,Rodriguez,Female,1947-11-20,001-569-393-3530,kathymendoza@example.org,6828 Brooks Freeway,43679,2025-05-10T02:31:50
1dabb10a-bd10-487c-ad0e-0597500d92a7,Martin,Henderson,Male,1959-02-17,3293487478,angelicapowell@example.net,5173 Lauren Dam,76392,2022-09-16T17:55:04
0279e2ab-0bbf-4334-a3ea-2d7fc219a845,Christopher,Newman,Female,2005-04-09,(350)939-4750x55777,james24@example.org,535 Wesley Square Apt. 157,46601,2021-11-26T13:39:57
54231dbe-2ba6-4158-a5ae-cf37a9d1a28e,Mercedes,Taylor,Male,1998-04-18,(709)948-0369,victoria29@example.com,91686 Bray Valley,68770,2024-01-20T18:11:24
44afecb7-9f2e-4efc-b480-b91e700e0efc,Leslie,Smith,Female,2013-09-13,001-943-694-4101x04279,michaelskinner@example.org,18188 Carr Road,84583,2022-04-02T21:36:26
57bcad3a-d0a1-4fe8-9f64-2a5317cba85d,Jason,Moore,Male,2021-03-10,001-335-375-3848,nguyenvictor@example.org,5601 Mitchell Wells Apt. 624,44321,2025-08-19T20:07:51
74dfb83f-f659-4188-a676-cc7566995af5,Marcus,Butler,Male,1957-11-27,4215354692,adam17@example.org,46609 Whitaker Green Suite 006,07149,2025-02-26T02:22:42
7a6e43d0-d9c5-4cd9-b09d-721b62be4009,Lacey,House,Female,2007-04-15,407-395-1635,cynthia12@example.org,41756 Patrick Canyon,80110,2023-03-16T13:52:20
2ab202c2-cc02-43c6-a2d9-03c8a61acd8e,Ryan,Beck,Male,1947-06-16,354.713.3366x50285,uhorton@example.net,9157 Ariel Squares,43649,2022-07-11T09:44:33
fb481ded-0f03-4337-b9f6-143bb2383056,Joan,Torres,Female,1960-01-12,(619)311-4299,daniel01@example.org,699 Beverly Haven Apt. 652,01250,2025-08-15T10:44:32
e9462820-6a80-4ac2-9a8c-f13c28ce231e,David,Martin,Female,1939-12-03,674-802-0984,npowell@example.com,827 Sheila Rapid,16835,2022-10-27T13:08:05
702b7014-adab-4c2f-91a6-46dacd613988,Ebony,Bryant,Male,2026-09-07,391-364-4915x32180,bryanedwards@example.org,56823 White Glen,94252,2021-10-27T14:34:00
9c81fc46-5bcd-436c-8777-4fae613758c3,Jessica,Hernandez,Male,1970-01-13,(526)871-3202x5342,cmarsh@example.com,42939 Bowman Meadow Suite 740,71159,2024-10-01T01:06:12
ba2eeeb3-d6aa-4382-a144-6b45af390a9d,Nancy,Grimes,Other,2002-01-07,(510)575-2400,khanmitchell@example.org,972 Yates Unions,18532,2023-03-27T19:26:22
7cf59d5f-eb9f-43cb-bbab-1baa2172a0aa,Joshua,Reynolds,Male,1975-02-23,568-793-9276,jeffreysandoval@example.net,936 Tara Road,22312,2025-01-27T12:31:00
1036ca81-0bc4-47ba-b0d0-ebcb6949ece5,Mary,Dunn,Male,1993-10-23,707.504.2357x31899,hooverjessica@example.net,135 Larry Mountain,94861,2022-01-04T23:33:26
de4b061e-b45e-4463-832a-09e05071e5f0,Michael,Briggs,Female,2024-12-21,6778508849,kimberlybryant@example.net,621 Amy Branch Suite 951,80571,2025-02-02T20:28:58
b9493906-939f-44eb-be5e-215ec47cc30b,Madeline,Tran,Female,1984-08-16,322-759-5513x305,cole63@example.net,10967 Cooper Spring Apt. 636,99632,2023-04-13T14:42:15
df865633-ab7a-4b66-b4ac-c7e2fa575cea,Jessica,Smith,Male,1981-05-20,001-904-917-3722x3426,kaiserjames@example.net,81281 Brown Turnpike,69487,2025-03-29T00:21:24
9e44e98c-b359-490e-b030-9aaf85ea16e0,Christy,Swanson,Male,1967-01-29,(547)952-1127x596,chadtorres@example.org,08862 Brian Meadows,96446,2025-01-11T15:33:33
7b5fbe41-3fa2-4de0-ba05-dd0fa9660a5a,Matthew,Maddox,Male,1971-01-27,+1-200-238-1803x64851,carloshernandez@example.org,81702 Compton Circles Suite 878,58908,2024-06-30T23:20:16
260e37cc-6287-4624-a433-1510ad21b4cc,Laura,Lee,Female,1944-07-04,699-597-0320x4347,kristopheranderson@example.org,1004 Smith Bridge Suite 131,31225,2023-03-14T16:52:45
9ce7eed1-fcdf-4961-a45e-2ad08eefa5dd,Michael,Choi,Male,1997-09-20,001-742-807-2239,fanderson@example.com,89898 Espinoza Vista Suite 767,96911,2023-08-19T17:30:30
816ce054-282c-4470-af32-f72aa4b5c723,Samantha,Hancock,Female,1965-05-26,477.212.3981x89397,william30@example.com,94558 Noble Valley Apt. 734,15373,2024-01-23T00:01:10
2a57e880-de92-45ea-beef-09abda143a47,Angela,Jennings,Male,2003-08-19,001-764-503-1575,saundersamber@example.com,620 Lester Views,40565,2024-04-28T22:27:00
54b58635-3dab-4614-9215-0ed87ddca413,James,Young,Other,1960-08-19,219.454.0638x567,rodgerstabitha@example.org,78420 Howard Run Suite 535,35494,2022-12-21T02:35:58
8ced4707-3903-4b65-81c6-1eeb0ce3c8c8,Sharon,Atkinson,Female,1997-01-13,001-289-967-7888x92210,erinsmith@example.com,471 Kimberly Hill,53261,2022-03-21T12:18:11
142e3df0-3c28-45dc-912d-aea8673d2920,Hailey,Richardson,Male,2002-09-12,+1-904-310-4866,rscott@example.org,44704 Harrison Crescent Apt. 187,61606,2025-01-29T21:15:32
1688782f-72b6-46ca-92b2-6acdcd1f75a3,Alexander,Allen,Female,1980-03-05,904.643.0732x466,fischerdanielle@example.org,81779 Jose Ville Apt. 470,37530,2025-05-28T16:49:20
fb0d3cda-1e63-4261-90e9-688872730e7b,Alison,Garcia,Female,1961-11-06,6187643231,gochoa@example.net,75917 Andrew Groves,32224,2025-08-11T23:21:59
6747d24a-1a46-4536-848c-8480a7437402,Katherine,Nelson,Male,1956-10-20,(567)340-5362x512,underwoodjonathan@example.net,90206 Tracy Gateway,97101,2023-06-24T21:27:03
d36ec1bd-000b-4f5e-8c91-bd138ea02346,Debra,Harris,Male,1940-04-06,(622)414-4267x353,kimberly11@example.com,599 Nelson Divide,54645,2025-02-19T21:14:41
a335b2c8-9e7b-4e95-b692-641a9aad10ce,Jacqueline,Ferguson,Male,1980-08-09,637-658-2682x95081,whitejames@example.org,593 Dixon Square Apt. 528,68379,2021-11-24T09:33:12
a7939a2e-34f4-4404-8ff5-070182226c16,Matthew,Howe,Female,2003-04-02,607-981-9735x44252,qburns@example.com,649 Austin Meadow Suite 006,01642,2023-05-31T20:20:47
d34794cc-5d04-432d-9742-3882f34a7949,Ashley,Russo,Male,1954-03-28,(748)662-7553x7793,gsmith@example.org,40725 Pacheco Knoll,96332,2022-08-12T03:39:57
54fc286f-7457-4d47-9825-301039112943,Carrie,Williams,Female,1994-11-08,4998324707,michaelhurley@example.org,3160 David Circle Apt. 943,88841,2024-06-20T05:47:11
b776e729-791f-49f6-9996-66129ea87552,Carla,Michael,Female,1970-12-20,627-889-5236x179,matthew49@example.net,957 Glen Stream Apt. 174,89768,2024-11-12T02:43:33
18f1a1e4-1d30-4290-b3d9-2aceb7461b72,Michelle,Owen,Female,1995-07-30,001-418-932-2402x3936,agarcia@example.com,404 Rogers Lakes,13516,2022-02-10T20:40:03
5aea6352-5763-4e1e-808f-fab938c46b38,Frank,Gray,Female,2004-06-12,410-250-2289,shampton@example.net,528 Scott Manor Suite 742,27538,2024-06-05T05:13:00
8c357321-4abf-4f5c-8cc7-147ff6e5203c,Jason,Lyons,Female,1965-04-21,001-337-232-7839x69215,tayloraaron@example.com,43486 Mata Village,45493,2022-09-09T19:55:35
e599bd3c-0bb8-4d38-9b37-ef19b3bc912f,Nancy,Jones,Male,1984-04-13,931.505.2089x8318,ortegaashley@example.com,9337 Horn Forks,14322,2022-04-28T14:48:10
be153187-b783-41d5-9264-04b923f47a55,Cheryl,Zhang,Female,1973-03-20,248-450-2759,bstephens@example.org,2208 Miller Estate,99221,2022-04-14T17:29:19
3227e8d8-9c60-481b-8119-1aa71b61d453,Alexandra,Bruce,Male,1973-10-10,(723)995-9602x331,danny57@example.net,23088 Laura Way,00897,2025-07-15T17:27:54
3730dfba-6494-4d5c-9a29-6905ee22a70b,Cassidy,Mcmillan,Male,1999-01-13,902-741-3007x88675,felicia50@example.net,145 Kenneth Village Suite 236,54542,2024-05-31T16:08:30
5682d038-b77f-49b9-b0c9-c51fc80b2af7,Kelly,Long,Male,1996-05-16,(286)651-8142,denisenelson@example.net,46217 Green Fields Suite 939,38057,2022-03-23T00:26:11
a21c0c06-ed37-4567-8be7-728e6a1aba9d,Ronald,Koch,Female,1987-03-02,940.678.8698x585,rosariochristopher@example.com,2641 Weber Shoal Suite 895,28894,2023-09-14T10:53:52
e44a0371-c5ab-4e57-9f8b-4af196bc532d,Thomas,Jones,Male,1957-07-22,993-216-4598x243,scott40@example.com,5187 Long Prairie,23888,2023-08-10T15:35:41
811317a8-f4c8-4393-96dd-6c82a8909e31,Rachel,Orr,Male,1954-10-05,001-303-427-3571x25672,adamtran@example.com,895 Michael Divide Suite 256,50394,2021-11-08T00:38:09
bc788423-87c5-4526-811c-45447fb33be5,Adam,Fernandez,Male,1935-11-18,778-536-9030x34136,briannamorris@example.net,977 Jill Unions Apt. 600,65869,2022-12-05T11:32:37
95ca788d-d6bc-4712-aecc-a931ef705d01,Sheila,Garcia,Female,1973-08-08,637.600.4917,paulkim@example.net,87621 Mcclain Station Suite 405,33919,2023-05-13T09:35:03
e901a768-ebd1-4b0c-87f4-f4f982221ad3,Martha,Kim,Male,1952-05-12,624.387.4142x78531,nthompson@example.net,921 Derek Station Apt. 998,21369,2022-04-16T22:57:54
d0b3d752-bb01-42a5-ac74-5800941c23fa,Lee,Floyd,Male,1937-09-17,913.320.4484x567,maria41@example.net,660 Stewart Plaza Apt. 911,53174,2024-09-07T11:14:00
9b2d5a2a-99bd-4240-a853-5961632d0302,Lori,Collins,Female,1995-09-04,+1-267-776-5766x6476,alanlambert@example.com,645 House Cliffs,64858,2023-04-26T11:13:15
6b2d9ccc-6279-403c-a1a2-cfe7810d5c57,Bryan,Berry,Other,2008-11-21,478.229.8872x75442,sjones@example.net,069 Brooke Plain Suite 386,90360,2022-12-10T13:35:21
3f8c93d4-c32a-4c4a-b148-b2a6ea7917e1,Austin,James,Male,2000-12-13,(346)663-9032,briandavis@example.net,330 Daniel Creek,67126,2022-11-20T16:57:41
4b4ef503-f872-4413-97c5-982cf6ae10e8,Elizabeth,Morales,Male,1970-01-03,385.758.7552x45296,hillrobert@example.com,7835 Sharon Ports Apt. 871,86580,2022-10-18T14:29:46
9a3f0ad1-69a9-4ff9-a35f-c3d52224a806,Mark,Novak,Female,1993-07-02,+1-463-738-9586x417,smckee@example.org,624 Villa Inlet,83577,2023-10-09T07:54:03
d7d3b9d9-4c85-4233-8325-bd9ebf98e734,Robert,Rush,Female,2016-04-29,968.942.6851,ryancunningham@example.net,02719 Erin River,41501,2025-05-30T05:40:33
bca0258e-b63d-45d5-905c-7527dc57546d,Jennifer,Lowe,Female,1953-01-29,3382721215,rachel62@example.com,2201 Rogers Lodge Apt. 393,89382,2023-04-09T10:59:15
35afbb2d-336d-4786-b7a3-c30aa1f0fa7a,Benjamin,Moore,Female,1961-06-08,001-726-725-3814x0307,cameron42@example.org,8435 Tony Land,02399,2024-12-31T23:00:15
ebd33927-5865-48e6-afc5-c20e4a636af5,Stephanie,Burke,Female,1969-05-08,(680)699-9702,turnerkristin@example.org,077 Elizabeth Extensions,31382,2024-08-26T03:03:58
f9a55cf2-a66c-4fa1-b5dc-8a9afb38cd91,Mark,Norris,Female,1953-05-09,001-977-737-6554x76172,varroyo@example.com,147 Hector Loaf Suite 615,90067,2022-10-27T04:34:00
a30a6658-b1be-4df2-8ae0-b8a080ff2909,Betty,Lindsey,Male,2014-04-23,001-629-542-7021x5013,ashleykim@example.com,247 Lopez Squares Apt. 299,06189,2022-09-16T18:37:32
8ff19886-5a2c-41bc-82c2-26ff1d8b32d9,Shannon,Rodriguez,Female,2017-06-30,927-359-3955,laurie11@example.com,06591 Adam Harbor,33456,2022-07-29T21:48:13
b5caa993-aaca-4101-b153-0f689215583a,Phillip,Mcdowell,Male,1989-02-27,244-232-9691x422,ksoto@example.com,835 Steven Causeway Suite 857,14450,2022-01-03T23:19:02
88addab1-d765-4a18-a4d4-66ebbf74531c,Carolyn,Robinson,Male,2009-04-25,001-853-900-0900x63258,sdyer@example.com,617 Angela Inlet Suite 034,36443,2025-03-09T11:15:12
0344edb3-ceed-4ffc-ac21-835dd8e8b97c,Robert,Robinson,Female,1960-10-13,001-746-356-8415x463,nedwards@example.com,517 Carroll Lights,47552,2024-10-05T10:49:24
0d95aaf5-2534-41bc-a180-b78a06783c34,Lisa,Ward,Female,2014-09-10,(656)400-3375x22964,smithernest@example.org,45579 Combs Flat Suite 237,52470,2023-07-12T07:04:18
c918a346-c00c-400c-8458-b006332cce0a,Brandon,Jones,Male,1955-05-10,(443)302-9708x13722,harveyjames@example.net,3922 Johnson Stravenue,88805,2024-08-09T14:44:09
257c54bc-4024-4424-aef2-ab2f495fa2fc,Sheryl,Torres,Female,1989-05-28,(284)907-6953,donnadouglas@example.com,9007 Lance Locks Suite 669,40950,2024-09-10T21:39:29
34396729-4b8e-4509-88cb-a592b0cad2eb,Anna,Reynolds,Female,1936-06-06,+1-494-738-6825x08559,emartin@example.org,9232 West Via Apt. 734,94589,2025-04-16T12:03:46
73dd3bc6-d064-45a8-9bd2-9cb108453b2f,Nicole,Weeks,Male,2018-03-17,001-827-804-7233x446,williamscraig@example.com,80686 Wayne Plaza Suite 887,81251,2022-06-28T13:28:04
8fd7b1a1-bd4f-4118-acef-45c4de3790fb,Joseph,King,Female,1970-06-13,8393518695,elizabethnelson@example.net,318 Amy Crossing,52279,2024-03-26T07:20:04
638e1388-8faf-4d4a-a5a9-9ebcbe0ec2da,Joyce,Adams,Male,1993-01-15,001-212-337-7939,ernestmarsh@example.org,18520 Courtney Garden Apt. 523,10094,2025-09-19T06:28:05
b2357a3c-cc7f-4517-8bfd-4a31c8c85ad6,James,Cervantes,Male,1989-07-10,+1-531-340-9821x2702,cwebb@example.org,590 Connor Trail,60335,2023-11-02T07:12:25
61af663c-ed2e-4bcd-8c06-df90aa1c4023,Cynthia,Ross,Male,2014-01-24,001-600-601-9176x532,jonathanrobinson@example.net,51547 Graham Crescent Apt. 708,59771,2021-10-25T03:50:42
af65e8cc-f9cf-4499-89c1-ad45f4ea6b97,Dennis,Taylor,Male,1961-02-17,5406093808,whitejamie@example.org,005 Gregory Square Apt. 832,90054,2024-11-24T18:28:38
be6127a8-0351-409d-8dc5-fb068d5809b7,Karen,Lopez,Male,1997-02-16,(725)620-2131x1679,allisonwhitehead@example.org,7011 Griffin Creek,15304,2025-03-09T03:01:40
dc461b34-c7ea-419b-9e6c-f36b9edd2182,Ryan,Leblanc,Female,2008-11-08,(929)502-5153x86426,jacksonbilly@example.net,75304 Michael Flat Apt. 984,10234,2022-01-10T14:31:47
a23ff67d-e957-4bc2-b9bd-8bd6d479cc36,Elizabeth,Johnson,Female,1979-08-22,908-648-5284x67703,fhayes@example.org,307 Nelson Hill,05788,2023-03-20T03:54:12
96a06bf2-c14e-4d10-9e24-4824a5cb3c6e,Sarah,Hall,Female,1980-05-12,001-401-272-7279x732,bradfordamy@example.org,51121 Jonathan Meadow,26118,2025-05-20T13:24:51
b993ff63-c6b1-4d94-b24b-cc3d9a7791a2,Patrick,Johnson,Other,2019-11-14,+1-605-902-4065x117,ballsteven@example.net,8579 Gaines Point Suite 312,33874,2025-04-18T21:51:15
fbc398d8-2d6b-4882-b2e5-88e94b4f3b2e,Brian,Rodgers,Female,2017-12-29,2443813881,sheastacy@example.com,676 Gonzales Cliffs Suite 249,52812,2024-11-27T12:19:14
bc2e2b59-2c7d-4667-b664-c7202fddb26a,Anthony,Webb,Female,2013-02-07,(217)464-5177,elizabethpeters@example.com,47827 Sandoval Islands Apt. 209,46810,2024-06-22T13:19:16
4773e66a-6db2-4020-8a67-01436090103c,Brianna,Norris,Female,2008-03-09,589-587-3587x272,jackie02@example.net,93986 Gonzalez Rest Suite 648,37987,2022-11-26T11:43:42
d89462e8-9580-4c3a-a932-a211214c0a4d,Derek,Gibson,Male,2015-06-17,+1-835-965-2391,jmartin@example.com,3340 Mccoy Centers,14179,2023-07-08T21:00:04
efffa2f4-b5ae-429d-b761-7d80549fc34c,Roger,Sanchez,Male,1943-10-23,442-815-6345,richardmarsh@example.net,33570 Hill Lakes Suite 143,36007,2025-06-22T20:25:01
98cd2655-5297-41ad-adba-948427591ad4,Kelly,Thomas,Male,1946-04-25,975-649-4495,kathymiller@example.net,46381 Jones Road Apt. 164,99123,2023-11-10T07:38:10
d7d80594-9d98-47bc-a018-0791eeb093fe,Darlene,Thompson,Female,1970-01-07,+1-964-729-9872x47353,wardmelissa@example.org,1451 Melissa Neck Apt. 305,61519,2025-03-23T23:32:10
8cd74c27-929a-4586-8a37-6c367d94bf10,Pamela,Jackson,Male,1979-11-26,001-831-408-1246x4378,jamie01@example.com,66961 Nicholas Way Suite 374,80079,2022-03-16T12:37:10
86804a8a-515f-452c-b52a-9e6bc8b648e0,Nicole,Thomas,Male,1944-06-16,279.306.5061x47159,mcculloughlucas@example.org,60040 Renee Orchard,22135,2024-02-22T02:13:08
c948384b-1174-4357-8546-74262f120b9e,Sarah,Oliver,Female,1992-05-01,732.212.0861x49842,wmontgomery@example.com,420 Deborah Heights Apt. 442,34237,2023-06-09T17:46:15
67465743-897b-403d-8b07-4d1a6a7a7841,Alexander,Alvarez,Male,2002-03-25,(738)661-5952,qhester@example.com,79829 Anthony Island Suite 797,87018,2025-04-05T10:49:36
a9d049dc-369e-4af8-a226-49ee38a06ffe,Carolyn,Nichols,Male,1964-03-17,(376)707-4105x9394,ingramlisa@example.org,56028 Saunders Roads,54216,2024-05-26T22:20:32
f3476736-37ec-47a6-8b27-b0795c5d3f1b,Cynthia,Reyes,Female,1937-10-26,+1-363-254-7607x512,masondavid@example.org,4418 Nancy Curve,36863,2023-03-28T16:34:58
8fb3a134-ff23-46e9-b990-3d9687cec69d,Brandi,Brown,Female,1983-04-09,+1-735-265-3524x377,asharp@example.net,7374 Luna Summit Apt. 512,22853,2023-03-06T12:23:07
1d5e6aee-0240-459a-a638-8854fb2b8b80,Sharon,Garner,Female,1975-04-18,(879)701-7522x79294,jasonweber@example.com,999 Douglas Viaduct Apt. 854,05487,2023-08-19T06:24:28
a46b6fce-e78d-447c-bd87-703472173fa3,Aaron,Castro,Female,1947-12-21,391-524-2695x75385,pbrooks@example.com,461 Anderson Mews,98521,2022-06-25T17:10:56
0a35653c-f57a-431e-be6b-74fd9f027cbf,Andrew,Brown,Female,1983-12-20,(906)933-4611,shaneboyd@example.net,9338 Justin Station Apt. 716,06827,2022-10-24T07:26:03
cbd431cc-ea7a-4c21-a1a1-a29c5228ed8d,James,Clayton,Female,1967-04-06,8858441843,ortegaerica@example.net,37880 Gabrielle Cliff,04618,2024-03-27T22:28:16
b9567731-8a4c-4e1f-81af-eb2a62c8c3f4,John,Perry,Male,1992-01-02,777.273.6576x4554,johnestes@example.org,435 Daniel Causeway Apt. 693,75762,2023-02-09T22:26:15
c53f1db3-d275-4d43-8451-7303e94d4fbe,Nathan,Young,Male,1942-06-24,+1-392-633-3135,matthew07@example.org,4062 Smith Mill,37390,2024-10-26T16:19:05
7c9f3bc3-7210-445a-823c-7ef9cd8565ce,Daniel,Chen,Male,1952-07-19,001-444-987-6216x4834,lwright@example.net,69572 Jackson Bypass Apt. 358,81766,2022-08-24T18:45:41
5200044b-3148-4df8-a6ca-8d50e5f5c891,Shawn,Tate,Female,1957-08-26,(782)384-8891x994,vshelton@example.net,945 Douglas Hill,39629,2023-08-11T08:21:11
f8bca9ac-2ada-42ce-9890-99c9f2be029f,John,Morris,Female,1968-03-11,001-800-941-5242,mark70@example.org,9501 Bennett Cape Apt. 672,84607,2023-03-26T07:54:08
a07eafb1-01e0-4ad8-8880-2d4d89b8b7ee,Rebecca,Paul,Male,2004-04-17,001-200-541-7707x346,gutierrezjeffrey@example.com,799 Laurie Summit,12009,2023-05-29T23:56:44
3692a531-c609-4cd8-a127-dc6bab9b153d,Nicole,Bell,Female,1979-10-23,(875)942-8328,samantha50@example.com,815 Newton Creek Suite 566,11111,2025-06-04T17:45:07
34a0dcd4-1a9a-429e-95ee-25876c98fd9b,Robert,Castro,Female,2015-01-05,709-336-3646x0595,ewilson@example.org,563 David Landing,10284,2023-12-10T19:53:29
bdcac10f-f9e9-4f93-a0ee-5e8ab3e6f4c6,Edgar,Foster,Female,1990-10-06,892-912-6974,alicia98@example.net,319 Spears Centers Suite 270,34562,2024-10-13T04:42:23
12767d13-f093-4776-9116-d014a5850828,Jamie,Duncan,Female,1960-09-13,(359)416-4230,lcampbell@example.net,76319 Ashley Parkway,56239,2022-10-21T23:48:49
b784ae08-758f-48fa-8614-ac41275c75dc,Steven,Fleming,Male,1938-01-29,855.936.0622x30635,daniellegomez@example.com,9429 Mcbride Alley Suite 003,98083,2022-06-12T22:16:54
2d90e4ee-0de4-433e-92c0-620c1667c518,Taylor,Smith,Female,1953-02-11,382-474-6352x3561,sanfordmary@example.net,695 Levy Shore,09296,2024-02-28T17:02:55
d255a4de-9330-4a83-9208-7e208ede9b46,Matthew,Sellers,Male,2026-03-22,211-528-1779,zcoleman@example.org,947 William Run Apt. 265,76721,2023-12-18T01:41:40
737cf8b5-6356-4add-a85a-9f2b4236c0bf,Joshua,Smith,Female,1963-02-17,+1-379-502-9403x75353,jennifersingh@example.org,567 Brandi Junctions Apt. 305,53297,2023-11-26T04:08:39
63b664f4-0452-4779-90ff-de646edaba8c,Shawn,Brown,Female,1944-11-22,(365)724-9489,laurengreene@example.net,820 Mark Harbor,77453,2023-10-03T13:08:15
b864a47b-a434-47fb-8182-978288eae7d4,Scott,Gutierrez,Female,2013-12-07,436-416-5765,jacquelineballard@example.com,549 Pamela Curve,74258,2023-01-25T01:40:23
0ba6fe09-95ea-4825-bef6-a59ac186a221,Anna,Baker,Female,1976-02-14,845.777.6613,allen09@example.org,567 Donald Fords Suite 936,02501,2025-09-12T06:45:47
80b9ec30-ed94-498b-9b92-3c67129538df,Daryl,Deleon,Male,1947-08-08,(870)266-1853,cnichols@example.org,203 Andrea Plaza,13634,2022-01-19T23:49:22
9b47e639-4d25-41eb-af95-be79c971bf51,Eric,Chang,Male,2014-05-30,+1-666-676-3720x373,valeriebennett@example.com,71905 Hopkins Islands Suite 439,53983,2023-11-07T05:02:47
61a451ff-700b-4b43-ad3b-9d13c3e90323,Timothy,Stewart,Male,1988-12-29,839.931.6490x954,jenniferwilliams@example.com,102 Lewis Court Apt. 926,55495,2022-04-24T21:21:53
2804d0ac-7957-41bb-87e3-c39aa9252745,Leslie,Joyce,Female,2004-12-16,6098580401,colliercharlene@example.com,01900 Clark Parkways,42473,2022-11-12T14:38:44
cbf925b5-6418-46b7-bf2b-43b422e9e527,Philip,Hardin,Female,1967-04-25,+1-347-543-6939x0894,andrewslouis@example.net,1832 James Bridge Suite 428,84046,2022-11-05T14:20:58
a250d133-f5cb-4be4-8b83-b5708bb4995a,Diana,Mckinney,Male,1984-07-21,+1-411-619-0359x4094,petersenlawrence@example.com,323 Shelton Mountain,51512,2025-05-24T20:01:22
f7222fbe-ea06-494b-a310-ff72ad62d094,Russell,Chaney,Female,1988-06-20,(989)551-3403,qmitchell@example.net,81836 Eugene Throughway,75012,2024-08-05T16:05:15
f5179e72-5f85-4b21-a5df-6f85bab503fb,James,Hanson,Female,1996-09-13,001-602-366-3820x715,david31@example.org,605 Calderon Lodge Suite 719,18404,2024-10-06T13:17:07
243113fd-8e19-4d07-9ff0-b9bf8db3c2c1,Kimberly,Hess,Male,2011-10-21,+1-792-903-0287,arthur89@example.org,036 Nicholas Overpass,69951,2023-10-27T10:09:12
64e289c0-98be-4ff0-929d-af9f0149a2af,Daniel,Wiggins,Female,1958-11-14,897-926-5571x364,helen14@example.com,5257 Kaufman Hills,89357,2025-03-21T01:00:15
35c606b5-4e00-4d55-95ca-dfaff26d3dd3,Stacy,Holmes,Female,1955-09-01,926-599-0185x11156,amycooper@example.com,4670 Brown Loop Apt. 983,66561,2024-11-23T12:50:49
3634646c-5806-4961-b9d7-07a9e74ed0b3,Jason,Jones,Male,2015-02-05,846.250.2758,sandraevans@example.net,3338 John Road Suite 245,59754,2021-12-30T15:36:32
2477f047-8336-4758-99f9-3502a55bc44f,Matthew,Stewart,Male,1981-08-31,001-978-326-3880x3242,hrodriguez@example.net,86974 Butler Valley Apt. 370,27910,2024-09-05T18:30:26
40b3af7c-d5b2-41a9-9dec-2b8338858f7e,Angela,Curtis,Male,1973-10-02,687.326.8193x1922,sarahmiles@example.org,2539 Dillon Court,66272,2023-04-21T10:56:49
913a1734-ccb6-4571-abc5-35452e6d7a04,Joshua,Richardson,Female,1944-07-14,+1-292-258-8314,michaelwalker@example.org,267 Mark Hollow,80765,2021-10-22T11:35:53
fd75a5f3-eeaf-4a83-8044-46bfd9f48bbd,Kyle,Griffin,Unknown,2010-03-02,(257)816-8962x1325,melissarussell@example.net,4347 Williams Springs Apt. 309,22783,2025-05-22T10:23:33
12b99a50-8cb6-41f0-a509-6396761579e7,Michael,Gonzales,Male,2006-08-18,+1-646-873-6316x330,garciaeric@example.com,033 Collins Causeway,68077,2025-04-12T13:27:38
3289f58b-1923-4afc-802d-105b113eaf84,Lisa,Patton,Female,2026-08-12,349.811.6343x0310,yyoung@example.com,84554 Kelly Alley,70417,2024-06-21T20:32:38
5b6d6b7c-54b2-4582-b398-1e9e7cb882a0,Mark,Gilbert,Male,1987-04-06,(829)351-1084,reyestoni@example.com,026 Kenneth Ramp,02806,2024-06-24T03:46:17
48febf6d-199c-4d94-bc0a-584ea7cd13cb,Dalton,Green,Female,2025-08-10,638-791-6244x10667,orusso@example.org,5024 Penny Trail,69291,2024-03-15T07:52:13
7c6166df-515a-4b43-b189-1f48e66e2c11,James,Adams,Male,1970-05-15,7712107298,johnhopkins@example.com,6714 Young Forges,86622,2022-08-13T20:07:03
b18678ce-4e40-4fba-a8cf-e5899dc89e1a,Kimberly,Porter,Female,1946-09-25,479-455-4129x824,hooverhector@example.net,2089 Taylor Vista,58236,2025-06-25T10:55:38
cec56969-5d4f-4107-911d-dc7990c80420,Philip,Smith,Male,1957-04-05,(596)625-0507x32491,briancardenas@example.net,0274 Cervantes Turnpike,31920,2024-02-27T02:42:57
502ed818-013c-4998-ab2b-f58c6da58dad,Jerry,Horne,Male,1976-01-04,6374654399,jo03@example.org,641 Hawkins Shoal,32717,2025-04-18T22:57:04
a40dfea5-bd64-487e-b652-ae9938b5e89a,David,Banks,Male,2005-11-26,405-504-8715x90518,gfreeman@example.org,4447 Ashley Square,09901,2023-10-11T02:21:02
adf8f767-2261-4def-9c07-4653d71173e4,David,Ayers,Female,1937-02-10,8347568848,ewebster@example.com,666 Scott Forges Suite 604,62100,2022-11-21T10:32:13
7202fae5-767d-4b27-bade-4367e0bd202c,Dale,Smith,Male,1950-02-21,+1-703-468-9382,adam39@example.org,60269 Webb Mill Suite 266,73985,2023-01-01T09:01:53
1bdc74a9-8d3a-4d76-bcaa-281b4e336644,Stacey,Mcconnell,Male,1965-04-21,+1-516-736-7817x52481,tonytanner@example.org,303 Allen Lakes,18280,2024-12-01T17:07:17
47d6723c-d77f-4eeb-94fc-3a5d9b4bf377,Helen,Sweeney,Female,1941-06-14,985.632.9873x40114,rgood@example.net,77049 Barbara Mall Suite 819,41137,2023-04-27T18:26:02
32495cff-89e2-4f24-a42c-0aea23d7263d,Mackenzie,Price,Male,1981-07-20,001-677-239-6103,theodore68@example.net,80417 Patterson Route,36927,2025-07-22T14:10:09
ba388c8f-1393-49d1-a06a-187de2e6e7a6,Jason,Wells,Male,1957-10-02,388-877-1699,william23@example.com,1104 Gonzales Point,94070,2023-07-22T04:26:04
a1b24627-81d6-4019-997e-8d3c04c4f46a,Shannon,Durham,Male,1955-07-22,(757)428-1829x1278,barbara91@example.net,84158 Liu Fields Suite 304,28616,2023-09-16T08:20:51
c4ea4ece-67b6-4467-9432-d79794f6c67a,Rachel,Harris,Female,2007-11-06,659-667-0716x94481,smithjulie@example.com,5602 Kim Crossing,07174,2024-11-10T02:26:01
42b7c048-8d35-43be-8962-4ec9e80382eb,Roberto,Novak,Female,1941-04-04,697.429.6822x885,vbradshaw@example.com,799 Paula Landing Apt. 973,54377,2023-07-03T23:42:41
a7668617-78db-4de3-8a28-4792ffaca645,Crystal,Wiley,Female,1973-04-24,458.778.3710x539,flynnheather@example.com,85360 Thomas Fork Apt. 402,46401,2023-05-17T01:44:00
e4354021-392a-4fc4-a47a-c5915da64a3a,Stephanie,Brown,Female,1975-09-18,931-266-7752,jrodriguez@example.com,76350 Marks Trace Suite 272,75142,2024-10-31T23:01:55
22460ac9-4a7e-4bc2-9b6f-1c33bbb4c0ce,Cathy,Johnson,Male,1975-10-18,488.917.6762,thomasmichael@example.org,3915 Forbes Groves,63742,2022-04-22T07:07:56
5d264b1b-6593-4659-972e-8c6882aa5c46,Matthew,Brown,Female,1974-04-02,(278)420-3690x6155,pkent@example.com,973 Michelle Drives,88583,2022-01-02T11:41:55
f6c8b8b9-d915-4664-bd27-4ad5a9a54c24,Lisa,Joseph,Female,1988-01-05,866.654.0532x421,matthewhaynes@example.net,78058 John Path Apt. 573,24984,2022-04-06T04:39:17
c1d841d3-2a74-490c-af25-37f59d31762a,Jeffrey,Parsons,Female,1996-02-20,+1-386-745-5526,johnsonalex@example.net,570 Maynard Estate Suite 086,70179,2023-11-12T19:01:08
90fcc9f1-2ddc-456b-a8c2-cce9723b80d4,Pamela,Adams,Female,1948-05-15,(735)899-8962,morganwright@example.com,62551 Miller Union,77489,2025-06-24T20:37:08
256d4d11-f7bd-4499-9f48-2e7ca8cf4f62,Karina,Neal,Female,1985-03-15,393-478-4953,rlang@example.com,019 Henderson Estate Apt. 346,12189,2023-06-16T15:50:47
0a58f43c-5bda-4655-b06d-ca247bc6e121,Joshua,Bennett,Male,1979-04-19,(265)332-2247,rodriguezallison@example.org,719 Williams Ville,73318,2024-04-29T03:40:21
43ace875-1017-4b44-bb53-f64b7cd61da4,Nichole,Barrett,Male,1969-04-13,248.212.6817x930,zachary99@example.org,808 Joseph Fields Apt. 405,04869,2024-02-14T05:43:50
8494205c-34ef-4552-ab28-6d090af57e60,Mary,Rodriguez,Female,1942-05-01,863-858-6990x21311,robert21@example.org,7642 Edward Spur Suite 983,52476,2025-01-27T22:11:18
eafb9f20-783c-41eb-a35a-11f25c7af83d,Eric,Bryant,Male,1972-03-03,+1-488-249-5912x609,jeffreyramsey@example.com,6571 Myers Overpass Apt. 304,75828,2024-06-03T03:41:13
a605b7c9-fb07-4e93-8a37-31ab0be3534a,Michael,Brown,Male,1967-10-07,596.441.6450x86295,melaniejohnson@example.org,876 Davis Ferry Suite 139,48220,2025-03-27T01:12:54
a2317211-8578-41c6-b7eb-c69ab4280f0d,Mary,Maxwell,Female,2002-06-16,658-261-8058x393,miguelschultz@example.com,788 Cunningham Pass,16882,2024-04-11T03:57:18
94213090-4368-4e93-bded-cb7ad5ba304c,George,Hamilton,Female,1987-11-26,(469)532-5962x762,fryan@example.org,3418 Chloe Rest Suite 578,98595,2025-01-30T15:35:39
60e696ff-a757-43f9-a06c-c2f52c816bf0,Stephanie,Martin,Male,1954-01-12,801.677.1062x94502,shawn53@example.com,439 Anthony Forge,24916,2022-10-13T15:05:50
13ed280a-d5e1-4d1f-a5f2-2dfba741104b,Jill,Martinez,Female,2007-09-16,(367)290-6674x77201,aaron38@example.com,782 Smith Corner,84703,2024-02-03T23:19:45
390fecf5-e841-4a39-b901-2b9c6057153a,Sergio,Dawson,Female,2020-04-07,001-653-434-2253x93922,nicole77@example.com,7457 Williams Coves,86794,2025-03-11T04:15:57
585409d9-de22-4c3f-9136-6db15a578607,Adriana,Wiley,Female,1961-03-05,514-584-6036,idawson@example.com,04759 Miguel Parkway Suite 770,50743,2024-03-21T12:43:57
01b062c1-9aad-4234-a31d-b3457b6b911e,Jacqueline,Bowen,Female,1969-01-13,+1-992-685-3202x54616,creese@example.net,189 Lewis Mall Apt. 395,81555,2024-10-28T18:28:36
3ae0acdb-2a65-44af-b09d-338b23936d45,Kelly,Walsh,Male,2015-06-29,(211)385-7235,steven77@example.net,63896 Carter Port Suite 791,93299,2023-10-22T00:16:17
267627ca-3625-4c20-87e3-21c2a4bae8bf,Angela,Welch,Male,1954-02-28,8088100142,fosterluis@example.com,9514 Annette Locks Suite 108,01539,2021-10-10T19:43:44
d123f7c1-b7a1-467e-9a1e-00365cbaa496,Jennifer,Welch,Male,1983-10-25,672.542.2749x66529,dodsonmichael@example.com,725 Hector Forge,34057,2022-08-23T21:23:28
54899c37-cfa9-426b-aa24-1f463af7fa21,Katherine,Young,Female,1967-05-06,(775)277-7734x26587,elizabethsmith@example.net,140 Gaines Club Apt. 806,11686,2025-10-08T04:56:45
7aa1219a-7a93-48bb-acdb-d5f27b44acd0,Donna,Ray,Male,1940-07-24,446.666.9747x2171,michealhenderson@example.net,032 Sherman Loaf,75581,2023-05-08T19:55:17
6930b0c4-d557-4899-a5b2-c7ea29476f54,Jennifer,Stephenson,Male,1980-02-15,+1-376-273-5078,sthompson@example.org,6461 Erin Corners Suite 993,86518,2023-06-29T08:32:40
97a418b8-92d0-4319-a0bd-14220b0b81de,Elizabeth,Young,Male,2013-10-07,(727)856-4439x0951,brobinson@example.org,62105 Paul Centers Suite 870,39882,2025-05-04T03:51:22
e40b50e4-0a08-4989-833c-8f55a1298fa2,Regina,Rodriguez,Female,1963-08-06,001-853-973-9652x7295,dharrison@example.com,8990 Davis Falls Suite 991,43185,2023-01-05T16:23:22
ec257a75-421d-4dca-aa95-59080e503fd8,Jane,White,Male,2000-11-09,8025933132,aochoa@example.org,36884 Michael Orchard,11457,2024-09-19T05:19:45
f8205aa7-996f-4e88-a7cb-fc39f54f1b92,Derek,Lawson,Female,1944-12-09,442.451.9561x76558,heatherward@example.org,706 Adam Shores Apt. 282,80239,2025-09-19T14:08:09
ba5c865d-b834-4070-a0e5-f6e504c44853,Jeffrey,Young,Female,1955-04-30,+1-878-697-1535,aharding@example.net,746 Lowe Islands Apt. 728,32664,2022-03-16T22:37:53
3772aa97-15f3-4d39-b27f-3ad748907b6d,Katherine,Leblanc,Male,1952-06-29,+1-850-688-0875,karen58@example.org,8010 Tucker Overpass,34579,2022-11-06T09:43:19
7b4e9ecd-de07-47b1-b8ae-8d5dfe268e77,Victor,Miller,Male,1964-08-21,588.666.3646x533,vramos@example.net,37922 Gillespie Extension Apt. 915,00568,2022-07-17T01:25:02
2488c84d-99d0-40fd-a928-043ed492b51a,Jeffery,Roberts,Female,2010-07-17,+1-273-645-0521x9405,aanderson@example.org,962 Joseph Radial Suite 736,50000,2021-11-02T08:41:39
9f8acdeb-2e8f-45a8-847a-3b7ed209383b,Ashley,Potter,Female,1978-12-03,001-819-881-7473,jamie78@example.net,748 Leach Well Suite 713,15342,2025-03-03T19:41:00
af82e70c-b964-4e4f-aaef-cf3b43b7a0ef,Crystal,Nichols,Male,1971-06-27,996-916-3952x574,cramirez@example.net,23848 Wallace Lights,10030,2025-02-09T13:04:40
119fb03e-9731-4c91-98b6-691b74169e82,Mercedes,Oliver,Male,2010-05-22,001-298-275-5798x32290,bridget54@example.com,3658 Mitchell Islands,96099,2024-03-07T14:55:58
043d72db-1bcb-404c-a1d8-b96a62ada157,Carlos,Walker,Male,1976-12-29,(546)527-1239,hamptonkathryn@example.com,53597 Cantu View,77219,2024-08-15T01:09:23
af32baf8-811d-44af-a8ca-7483dc0e3375,Amber,Hudson,Male,1957-01-21,421.996.0878x75788,stevenayers@example.org,773 Mikayla Vista,50940,2023-07-10T06:41:23
2d6b8a4e-18a7-4609-9b02-c5352649a478,Anthony,Porter,Male,2013-04-05,885.450.0445x0729,parksandre@example.com,226 Hernandez Path,21254,2023-03-29T07:28:11
e0b4659a-09fe-4cdd-998d-65ba9d6022c5,Keith,Young,Female,1981-01-10,+1-941-456-7117x753,laurie58@example.org,088 Smith Isle Suite 380,48285,2022-08-08T13:12:43
17db4c2f-1e15-4e2f-809c-2ebe80da2ed7,Judith,Morgan,Female,2021-01-20,226.883.9507x0513,ewest@example.org,6838 Harrington Views,24508,2023-10-29T11:45:47
8a0ea57a-9a7d-409d-a6e8-790b215d3b1f,Michelle,Meyer,Female,1981-03-03,679.382.1492,thomasmendoza@example.org,390 Schmidt Bypass Suite 848,27264,2025-06-05T21:39:48
adb610f4-c65d-486e-b00f-63efe59fc1c2,Ronald,Mahoney,Female,2005-12-24,867-223-8665,xwells@example.com,3541 Lucas Summit Suite 725,02065,2023-01-07T13:58:34
dff47c51-5ed1-4e7f-abb1-f2bc85a4b0cb,Benjamin,Murphy,Male,2008-05-02,+1-798-981-0855x8723,katelyn72@example.org,41041 Brown Mountain,96857,2025-10-01T21:54:15
f03c664b-3abf-4c65-add0-13f387a20e22,Kathryn,Riley,Female,1951-09-07,(560)681-6115x5661,bushscott@example.net,00458 Johnson Row Apt. 270,53734,2025-06-27T07:42:02
59bb8900-6198-4718-84c7-aab4ca20508d,Patricia,Dean,Female,1940-10-27,+1-864-594-9356x5803,richardfreeman@example.org,5817 Alexandria Forges Apt. 514,84757,2024-08-10T21:51:47
d6521e08-c2f4-4c10-a869-707cbdcbfffc,Jack,Nelson,Female,2022-05-02,+1-266-639-0004x539,ksimpson@example.com,0961 Williams Prairie,66294,2023-09-04T01:13:01
412817eb-2246-49cd-acec-df821903f9b3,Jason,Jimenez,Male,1937-08-29,001-281-566-8813,noah12@example.net,0164 Green Lodge,50970,2022-06-03T18:57:49
157511ad-dbea-49f8-a8fb-5a963b85f6e1,Mike,Hall,Male,1956-10-31,(436)712-7698x762,oconner@example.net,4508 Crystal Rue Suite 173,85963,2022-09-15T21:08:08
41ff81d1-689d-4205-8b31-f4d8e073c1d0,Christopher,Rogers,Male,2003-04-12,960-342-6144,qcook@example.com,2644 Fleming Parkway,97475,2024-06-17T12:34:20
01d23a76-ca17-4780-be5f-902fb58ac738,Douglas,Leach,Female,1992-02-15,001-994-854-1913x7804,andrewlopez@example.net,3965 Larry Extensions,62789,2024-08-14T09:10:19
6001f54d-01d7-4831-850f-1cdc1e2a03f1,Robert,Bush,Female,2001-11-21,614-464-4026x1353,michael61@example.net,62138 Mcmillan Wall,90669,2023-04-20T18:20:13
68aa1236-50de-4f43-8de5-c35ab0117b0a,Melvin,Kirby,Male,2014-02-10,+1-654-425-2750x56880,gonzalesthomas@example.org,34029 Tracy Cove Apt. 267,21257,2023-09-09T11:08:36
95dad216-a6cd-4e3c-ad13-0705279f91ab,John,Moore,Male,1991-06-28,(377)667-4695,cmedina@example.net,9294 Lawson Fields Apt. 367,45927,2024-06-24T06:09:22
908e3a95-6c6e-4796-893e-2b89dadfc499,Nicole,Moore,Male,1990-08-27,(584)390-5366x78320,tmartinez@example.net,77905 Kevin Fords,73190,2024-08-30T15:33:36
65bf8e04-ae3c-4ce6-bde6-849b468b22af,Amanda,Lopez,Female,1949-08-15,+1-851-480-1664x8023,meltonmonica@example.org,11543 Stephens Court Suite 734,11850,2025-06-05T18:01:16
8ebc6d7e-c8a6-4b85-8d56-bff669c9520f,Lonnie,Lara,Female,1938-09-10,+1-466-808-6236x50460,lisacollins@example.com,51826 Sherri Trail,32576,2023-03-16T10:44:06
7bd7b4bf-8e0e-4bb7-8f20-c5e75ec646eb,Bradley,Perry,Male,1944-08-15,9842015799,ntaylor@example.net,99752 Schmidt Manor,49544,2021-12-24T11:15:45
c6319c16-5827-4c1d-93e0-f2354e80d10b,Tina,Lewis,Female,2010-12-10,968-521-4073,foxterri@example.org,90390 Anthony Center Suite 626,05686,2023-10-27T17:39:34
dd23ff41-dae1-4586-a358-755cbc5c3cd8,Adrian,Thompson,Female,2024-07-01,574-485-7988x8921,hperez@example.com,93229 Lambert Extensions,43489,2022-11-09T22:51:23
c879d932-7254-4ab7-bad2-4ac8bf70c042,Benjamin,Phillips,Female,1969-08-18,+1-847-654-3188,carol78@example.org,9246 Ricardo Rapid,69083,2022-10-19T14:34:56
8222cd7f-36e6-4a85-99ab-dc15296b67bf,Timothy,Bell,Male,2022-09-02,+1-950-245-8387x5007,dennisdarrell@example.org,135 Justin Fords,31496,2022-03-28T06:09:27
9d30c42e-8cf2-4000-8d04-c00156a3dccc,Linda,Brooks,Female,1993-01-04,001-264-301-0146,vanessasellers@example.com,62260 Chris Loaf,97919,2022-12-11T15:37:24
639c4c6c-2926-405d-8d53-551ab4f02f6f,David,Hughes,Other,1966-08-16,316.214.0823,alvarezhayley@example.org,7405 Cassandra Route Suite 081,78884,2025-07-31T06:12:38
d2c0dec2-1751-44d7-8deb-2696015aba1d,Jenna,Smith,Male,1981-01-18,(773)452-6359x51763,daniel02@example.net,671 Randy Islands,97820,2023-07-28T04:03:05
1690636b-6f74-455d-99a9-af6aed054732,Andrew,Phillips,Male,1958-07-30,257.777.4149,vmiller@example.org,79975 Phillip Crossing,41907,2024-01-04T22:30:52
9be950c7-147d-4bfc-9eef-0d1e38c5ef5e,Steven,Durham,Male,2020-10-02,001-389-316-8317x151,francisco41@example.org,845 Burch Mill Apt. 137,10246,2025-09-11T08:38:29
6690a951-fc04-4a7a-ae41-5f166263307c,Joyce,Huang,Female,1971-08-28,290-766-9545,ayang@example.org,11761 Johnson Cove Apt. 011,88594,2022-04-21T16:39:31
f6a9e3e3-b62b-4cb1-8956-0c3685609e8a,Shannon,Patel,Female,1948-01-30,+1-281-272-0357x96564,hudsonelizabeth@example.net,2607 Melissa Club Apt. 643,36052,2025-01-04T14:03:13
2cde9187-d1fa-42a6-860b-340cf21a6f38,Haley,Turner,Female,2025-09-13,001-411-447-5466x248,stephaniebrown@example.com,11684 Brown Path Suite 159,20005,2022-10-13T05:07:39
d9beccff-33a3-45f3-82bd-eabe706078eb,Joshua,Norris,Female,1988-12-20,721-274-6453x31649,ujohnson@example.net,13713 Davidson Summit Apt. 107,71715,2024-04-25T07:36:56
31dae817-4937-490f-84a5-b18bcdcd0a34,Melanie,Williams,Male,2001-07-29,+1-569-257-6018,daniel54@example.net,4733 Park Landing Suite 369,63129,2021-11-30T20:57:56
b2cd9a0a-840c-4cb0-82b3-43849979cf26,Clayton,Simmons,Male,1984-10-18,(553)917-5040,millerjulie@example.net,689 Adams Brook Suite 290,43433,2024-11-06T11:44:35
5c17ebb5-093b-4d72-ac8c-dcaf2b633b18,Kristin,Hurley,Male,1940-03-11,+1-857-292-8184x726,vshah@example.net,1611 Hensley Camp,90940,2024-11-01T12:26:20
163b5481-284e-4cd4-b9c3-ee050012d399,Jennifer,Roach,Unknown,1987-08-27,(578)390-8806,hernandezelizabeth@example.org,592 Kimberly Estates Apt. 312,43666,2023-06-06T12:08:39
ab6ef8dd-5a66-4316-a641-4954c798a445,Todd,Taylor,Male,1936-01-30,001-538-656-1627x141,tylererickson@example.org,57374 Rebekah Courts,89136,2025-07-31T02:37:59
03ef0f77-848a-4924-b347-8a919609598e,Kyle,Hernandez,Female,2018-09-05,320-679-3741x587,matthewmadden@example.net,253 Michelle Ports Suite 587,65299,2024-05-09T13:37:59
8cb21aa2-1715-4c03-ab4f-36381190e515,Lauren,Mccarthy,Male,1966-03-21,(842)373-7957x2381,brandymiller@example.com,13301 Thomas Field,49385,2025-01-08T16:31:59
953b0f1f-ea3e-472a-8f22-1604d46b7756,Erica,Thompson,Male,1971-03-04,(294)984-1232x2232,alexandramorris@example.net,94391 Timothy Pine Suite 878,27384,2023-10-23T14:49:39
39ee80ab-46c9-47e0-90c5-9550f69a0539,Christine,Martinez,Female,1950-12-15,(382)526-0809x93715,schaefermegan@example.com,988 Amber Flat Suite 473,71768,2022-04-17T22:23:14
6769b0f1-ee01-49e0-b46b-161a31cc6738,Cody,Mcguire,Female,1996-05-20,6492462455,achase@example.org,55882 Sally Plaza Apt. 180,88024,2024-02-18T04:25:24
8198d1f5-6839-498f-accf-147242d7f112,Lisa,Cunningham,Male,1967-05-22,750.528.4779x82587,xjones@example.com,53307 Patrick Mall Suite 063,31031,2022-02-26T03:35:50
5708013e-4b54-4670-80cf-b1db1287e313,Cory,Mccormick,Female,1945-03-03,001-561-319-5530x937,jonathanbrown@example.com,170 Todd Roads Apt. 061,71077,2024-03-28T11:49:04
41f83199-f4ea-4769-8366-c189cd8d9f75,Derrick,Williams,Female,1937-10-01,458-620-7216x2474,ehansen@example.org,5065 Barbara Rest,03656,2023-03-13T05:51:04
400945ce-932c-4ec9-8b1b-8effd02a6cbb,Jennifer,Robinson,Female,1995-10-23,+1-212-507-2095x789,heather50@example.net,968 Ramirez Mews,43314,2024-10-06T02:02:36
7bcf2b31-902b-4154-a088-5550f74f6900,Sean,Shea,Female,2009-01-27,001-817-944-2054x05155,alec20@example.org,759 Austin Burg Apt. 341,40244,2025-06-25T17:55:03
c68da4b2-f613-4da0-96f4-01e5c1e9c4fa,Arthur,Rojas,Male,2009-02-07,7676091446,adam00@example.org,04645 Hanson Lights Apt. 487,46508,2022-06-30T02:12:42
dcad8ec2-963a-4333-a582-95dc75f1c654,Michael,Smith,Male,2010-11-03,001-892-246-6257,burchalyssa@example.net,511 George Coves Suite 525,08349,2024-02-20T11:06:33
61f6dfbe-114b-4c79-8200-79f51dc3c26e,Emily,Richardson,Female,1980-08-31,+1-804-631-5071x741,eavery@example.net,10323 Brandy Locks Suite 025,40778,2023-05-15T02:28:10
b38046ef-ad4a-4b3c-b86a-f9ddfe83c32a,Cory,Hicks,Male,1975-07-31,569-464-5892x441,delacruzmelissa@example.org,244 Mahoney Ranch Apt. 975,75827,2022-02-28T19:12:28
5a64845e-f498-46ad-a994-bf8450d3ba03,Jennifer,Adams,Female,1976-07-04,494.600.9465x84639,pcastro@example.com,6764 Schaefer Mission,70117,2021-12-17T17:47:34
436ae2bb-d509-4e07-b368-d836027d3808,Marc,Hill,Male,1955-11-29,(619)918-7162x897,broman@example.com,91919 Patricia Estates Suite 425,76111,2024-07-26T06:43:56
bfb0942c-ac77-4762-a620-516717cf775f,Deborah,Clark,Female,1996-10-13,(597)808-5675x91056,twilliams@example.com,7140 Ballard Vista Suite 025,98787,2021-11-05T18:36:14
2db13deb-ee6f-4bea-8df7-164713769ff9,Heidi,Ward,Male,1974-02-28,894-509-9857x525,rgreen@example.net,5576 Clark Views Suite 420,93376,2025-08-13T18:22:58
92ded495-e4f1-48e8-b7f3-f32b5a81762a,Tonya,Johnson,Male,2012-09-13,930-272-7728x27695,mckenzie26@example.com,66980 Kimberly Mews,89806,2025-06-28T20:58:46
ee25356a-aee0-4ec9-bf04-18a9f2765513,Kevin,Weaver,Female,2023-01-24,001-994-935-0079x61653,qbecker@example.org,1649 Brenda Loaf Apt. 695,03346,2025-05-27T20:34:04
3c1fdff0-331d-48bb-bcb3-636d7fbe6bb3,Mary,Ruiz,Female,1959-05-24,292-950-1691x56978,jaredmendoza@example.org,133 Summers Prairie,02910,2022-05-16T01:52:17
3aad5840-34ef-41df-83f1-9b58df6c0d60,Jason,Townsend,Male,1976-07-19,226.392.4941,ochambers@example.com,29464 John Coves,71594,2022-06-07T05:55:13
5b249c2a-9e5c-4dcd-961a-080a3fec0a37,Angela,Holder,Male,1948-08-14,265-795-1120x339,rriggs@example.com,39438 Jennifer Knolls Suite 288,39810,2023-05-29T07:46:06
1417c2f9-eb91-431a-9eb0-5b4a1b4ffd5f,John,Ball,Female,1968-08-11,585-303-0277x2179,cmoore@example.com,26799 Joshua Ville Suite 837,19320,2023-06-13T08:12:26
01b216cf-9d23-43cf-be1f-48c4a9d6290d,Stephanie,Higgins,Female,2002-02-07,001-838-989-4912,williamcastillo@example.com,104 Scott Squares Apt. 969,50426,2023-02-07T09:21:55
d91738f8-0ad1-418c-b53f-091e8a9e0964,Ian,Curry,Female,1949-06-03,001-257-931-8020x4041,knightdennis@example.com,370 Robert Mill,69852,2025-09-11T11:23:12
e5eb4549-7e0a-44c2-90bf-29959ee4105d,Cory,Oliver,Unknown,1965-12-25,(750)619-3531x101,randall31@example.org,01749 Christopher Mission Suite 607,31069,2021-10-18T23:20:44
4654e77d-de67-4278-9313-b3a7e5a1c6e4,Jackson,Garcia,Female,1996-05-16,373.639.7010,robertjones@example.net,40061 Alexandria Isle,35880,2025-05-15T08:17:36
82d9a774-ea7f-4c7d-83a6-b204fc014a22,Heather,Simmons,Male,1990-08-06,6259143580,brownangela@example.org,5015 Sandra Station,15247,2024-03-15T05:36:00
20d4ba18-93a0-4478-800b-19de38db128d,Sherry,Carr,Male,2021-02-13,(702)676-9347x79660,nicholas57@example.com,2246 Sherman Loaf,77920,2025-07-01T08:09:01
f08d312e-7a73-4f35-ac55-40f0cc9cf41c,Joseph,Reese,Female,2003-11-06,(317)854-1827x71148,woodangela@example.org,557 Angela Locks Suite 865,06613,2022-11-20T09:48:22
dc432ed5-64ca-41c7-98e7-edf880a23721,Joseph,Roberts,Female,1976-06-17,229-342-6708x805,lori37@example.net,68497 Kelly Glens Apt. 698,15757,2023-01-09T08:48:40
1ed072e9-f9fc-4034-b50a-cc982cbfb769,Edward,Knox,Female,1936-07-11,868.717.0068x143,omoore@example.net,6105 Martinez Mount Apt. 500,65291,2023-08-11T03:09:22
0227b8d5-b070-4a53-90ce-857f75c72fb6,Alexander,Watts,Male,1997-12-26,(718)700-7784x284,hkim@example.net,7066 Anderson Course Apt. 283,39743,2024-04-06T00:18:22
19ca9c1b-94bc-447a-a122-318935f3de4a,Michelle,Green,Male,1937-03-21,+1-592-815-2725x9783,rbuck@example.net,912 Michael Prairie,35576,2025-03-16T18:47:03
2fe938e4-427b-4ffb-9ca1-adcc9cdf0664,Justin,Marshall,Female,1988-12-28,001-488-201-2256,robertpaul@example.net,57016 Jennifer Street,86192,2023-06-18T23:59:45
f562037b-78aa-46ea-84f7-f01a3cb526d7,Jennifer,Ellis,Female,1966-08-04,(859)859-1516x761,tonisullivan@example.com,360 Kimberly Gardens Suite 873,19413,2025-03-18T17:26:11
6c878546-7faf-4458-af14-f7775dad348e,Bruce,Hernandez,Male,1980-03-01,950-580-6940x978,ipruitt@example.org,00066 Fernandez Passage Suite 393,04081,2024-12-26T12:32:20
5d75c03c-5f4f-4f10-808f-e6d7b361e70a,Adam,Jordan,Female,1966-05-30,001-956-708-9706x493,mitchelltaylor@example.net,583 Jose Bridge,17080,2023-11-06T08:43:14
9247e851-2e0d-4860-b362-f9b74795cd1d,Diana,Ray,Male,1957-07-07,764.951.3005x019,kent38@example.net,427 Johnson Estate,67416,2022-06-21T02:29:25
d06eccbc-3a83-49b6-af9e-7a0e936db4a7,Walter,Bowers,Male,1996-04-01,(755)332-0528,megan01@example.org,47117 Chambers Trail Suite 051,27798,2025-06-13T19:49:14
8e2ac3ff-3c5d-4a42-8dd8-af09451b6267,Cindy,Holt,Male,2007-12-25,+1-641-280-5141x2007,jessica51@example.com,933 Thomas Squares Apt. 689,77035,2022-11-24T09:48:58
cccf4130-2556-43d4-b231-32fa618192de,Shane,Dixon,Female,2019-01-10,809.225.2390,robert60@example.com,41373 Gilbert Dam,85066,2023-02-06T12:32:59
027e789c-ce40-483b-b915-ad7e2648c819,Amanda,Olsen,Male,2013-01-01,866.794.3643,christophertorres@example.net,945 Arnold Crest Suite 089,42393,2022-03-26T12:05:18
e4ad5e9b-fedd-42d9-a26c-bc6a7fe5a4b6,Sabrina,James,Female,1967-06-10,+1-518-279-8976x3302,eric33@example.org,96025 Cheryl Station,86872,2022-06-03T22:30:35
50d3802d-b876-4455-88b3-152d845a91b8,Tyler,Green,Female,1939-01-25,001-243-486-6684x70726,uedwards@example.net,3680 Harris Oval Apt. 808,69426,2022-05-25T02:39:50
dbc6c928-8fe8-4e20-803f-d5824ccf0a4b,James,Andrade,Female,1941-08-22,001-970-919-9824,mccoysteven@example.org,10986 Richard Pines Apt. 816,71862,2024-03-18T00:55:09
29d0c613-b0c7-4002-9956-699065fdaadb,Paul,Smith,Male,1990-01-23,781.227.9042x52846,egardner@example.net,224 Elizabeth Ridge Suite 970,28936,2022-04-17T22:45:41
d6c6d997-79fe-4ccc-8119-20f6d0566199,Blake,Brown,Female,1964-08-20,280-698-5448x789,jamesbutler@example.com,726 Ian Forge Apt. 806,92675,2023-07-26T17:14:00
42803aa0-55ac-4d06-be9d-a9517329af6e,Julie,Perry,Male,1943-05-28,499-774-3087x80378,scottmartinez@example.net,41557 Jimmy Street Suite 314,22401,2022-04-11T22:29:46
cf5d337f-ee8d-4daa-8eb7-c3068f73198e,Mary,Barnett,Male,1988-07-13,(347)999-4433,shannonbowen@example.org,976 Taylor Pines Suite 078,36446,2024-10-23T01:52:19
59e110eb-1f09-4b9d-a969-29b20513eda8,Ruth,King,Female,1937-08-11,001-715-877-4662x19978,crystal55@example.net,45866 Thompson Fall Apt. 722,94691,2023-07-22T20:59:49
93acb00e-32ee-4b38-9b07-07e5f68ece81,Thomas,Nelson,Female,1994-10-05,+1-501-554-1382x73868,lindaflowers@example.net,25468 Lopez Loop Suite 103,47739,2023-06-24T00:18:24
fab8328f-2cae-43a2-89d7-16efa62d7221,Nathan,Adams,Female,2011-04-03,8844371492,xhall@example.org,01266 Wyatt Roads Apt. 961,37822,2024-05-05T00:30:47
82ac7e1d-ac56-4da6-9339-1df45ae86d18,Krista,Knight,Female,1947-02-22,6097166595,selena30@example.org,8462 Acosta Wall,85804,2024-09-15T15:17:32
141283fb-e3be-43d6-b26a-030dbc8cfa8f,Eric,Short,Male,2023-10-14,822-858-9873x07321,lori69@example.org,708 Potter Circles,15960,2025-03-25T12:43:31
f4e35f7b-a1b7-43d8-b6b8-74d349599bed,Troy,Lewis,Male,1970-03-06,9258006422,john94@example.net,2650 Dudley Haven Suite 741,11208,2023-07-09T05:53:59
edb68b81-cec6-4cfe-a3fd-17f02ae63af6,Alexis,Romero,Male,2013-10-02,(438)287-5598x759,jennifer55@example.org,01643 Renee Gateway,82706,2022-05-04T09:30:00
679f2f42-9256-4707-9cc0-5b67a19b224a,Carrie,Simpson,Female,1973-10-09,243-632-9457x8674,ihahn@example.com,497 Kristin Turnpike Apt. 419,01834,2023-07-07T09:58:34
57f7d71f-2978-4c73-9440-adec12439b0f,Shannon,Hurst,Male,2025-06-21,400-499-7844,cameronfields@example.org,82658 Horne Mountains,07095,2025-09-06T05:19:15
b5def807-4a96-4478-a72b-dddd511eeeb8,Michelle,White,Male,2005-12-15,001-310-755-7999,jeremy56@example.com,234 Samantha Harbor,07824,2024-10-25T18:42:28
e33fc52c-4570-43e4-a53c-8f74a5076897,Misty,Holt,Male,2005-09-26,001-606-731-3959x43578,newtonjason@example.net,82111 Phillip Route,20448,2022-03-04T10:36:22
bf761449-5cf8-4eeb-b053-3851dce0e2bb,Teresa,Dixon,Female,1979-03-25,747-288-9377x070,xjohnson@example.net,626 Jacob Lodge,24002,2025-09-24T16:44:36
2ad55c0b-69fb-4fe6-b346-1e07f72cb6c8,Jonathan,Douglas,Male,1963-04-13,(265)672-0798,gwilliams@example.net,9877 Martin Run,25511,2024-05-29T00:27:52
3c10871b-ba4f-4b03-a002-9d9f05e9f407,Brianna,Hamilton,Female,1962-04-30,(791)984-5441x9838,alisonross@example.org,65159 Martin Haven,59002,2025-05-24T08:02:36
bfeef19d-b360-4faa-be6e-9d47f0c0804b,Lauren,Guerra,Male,2003-01-07,555-333-3179,danielleroth@example.com,96176 Mccoy Divide Apt. 000,22983,2023-11-22T02:43:17
18763576-1a5e-4196-a5a4-c79b2abaa4f9,Allison,Parker,Male,2018-11-24,001-895-587-0051x25380,mendezaaron@example.org,9328 Schultz Views Apt. 746,25051,2022-07-13T10:27:54
0dc78104-8c66-4766-b922-b440e0f1e44c,Randall,Robertson,Male,2018-12-05,953.711.5243x8720,umorrison@example.org,449 Lamb Union Apt. 996,86977,2022-12-02T01:54:04
fefac198-c3d6-4d54-8623-bc7465a29cc8,Leslie,Gregory,Male,2024-06-15,(924)538-4092x7715,arice@example.net,51825 Debbie Crest Apt. 318,57459,2023-09-11T23:52:48
15956c42-27c0-4f89-9e3b-f1b34330125c,David,Smith,Female,1984-02-06,001-814-845-6619,yparks@example.org,504 Joseph Alley,11140,2021-10-09T22:59:53
3ab7127e-4f32-4a54-a3cc-f604e2ae3f87,Vanessa,Myers,Male,1986-05-27,976-647-5665x73297,duranmatthew@example.com,023 Brian Tunnel Suite 621,41214,2024-10-04T10:08:42
205c8491-a061-49db-b172-f63648bfb602,Todd,Johnson,Male,1992-09-04,665-437-3053,tapiajenna@example.org,93096 Michael Centers Suite 106,52678,2022-04-15T12:49:45
08ffeab0-0750-42d6-abac-f712d6a919e8,Ray,Brown,Female,1994-10-05,805.590.4117x977,wheelertiffany@example.com,99608 Nelson Manor Apt. 229,67514,2022-09-13T13:50:49
dd3ee854-5340-44b0-aa4f-4a80dc412176,Andrew,Caldwell,Male,2002-06-20,+1-484-677-9888,spencerhowell@example.net,627 Knapp Ferry Apt. 009,93959,2023-08-23T08:00:34
ef52d36e-8a63-493c-9ef3-306af99863f2,Calvin,Nguyen,Male,2002-03-14,995-301-3367x21156,andrew28@example.org,4913 Miller Turnpike Suite 094,88333,2024-06-28T09:39:21
f2cffcae-f833-4bfb-a296-e3f171e15b9f,Gary,Patrick,Female,1965-04-01,+1-315-396-3781x31915,patrickcarpenter@example.org,7904 Gross Haven,78937,2022-11-18T22:59:33
74e0079a-98fb-4727-9740-b2122d5245f4,Brian,Reed,Female,2010-02-14,351-393-9427,ryanwilkinson@example.net,98606 Patricia Village,38708,2023-01-30T07:40:06
6f5aad52-9061-498f-a096-521ea2c723d4,Michelle,Patterson,Female,2022-09-10,(261)717-7294x20670,angela40@example.com,9572 Murillo Bypass Apt. 031,48407,2022-01-16T14:07:19
e8af301f-4f45-46f7-88a6-13b4a3b81f92,Julie,Meyer,Male,1992-01-23,675-698-9622,pbarnes@example.org,583 Wendy Club Apt. 102,53390,2022-10-04T10:05:14
16ed0330-ce01-4413-ba25-16fe8a27b0b0,Jason,Randolph,Male,1953-12-27,(477)870-8594,jimmyhopkins@example.com,3448 Christopher Pike Apt. 115,85429,2025-06-01T18:32:41
27dd1ac4-4282-46e4-a986-305a5da3f9cf,Matthew,Sullivan,Male,1973-05-24,001-215-513-9855x32375,dallen@example.com,2324 John Drive,13084,2024-11-29T00:27:18
c21f84fc-d0bc-4ad5-85f8-0d9b00060d5a,James,Bailey,Female,2001-06-10,001-565-762-8073,smithjenna@example.net,8048 Christie Highway Apt. 782,68578,2023-05-20T05:06:54
88fc3da1-781d-4b6c-8969-40325808d790,Jacob,Navarro,Male,2006-10-02,829.237.0625x873,richardsonamanda@example.net,2316 Brooks Brooks,08826,2022-02-16T10:26:52
c166a8b3-f26b-4ebf-bdef-3b8eec0dfc3a,Mitchell,Horn,Male,2022-04-25,803.541.4775x688,cdavis@example.net,80538 Amber Prairie Apt. 223,86872,2025-06-19T03:41:32
cc476b72-6e31-4234-8410-010802568389,Cheryl,Owen,Male,1980-09-10,453.476.4451x256,alexanderoconnell@example.net,6442 Martinez Path,07956,2023-09-03T15:55:50
8c57a277-01d9-49b4-8bf8-f29e3b30ee97,Charles,Byrd,Male,1986-12-14,3692939945,hbarrett@example.org,216 Terri Path,96266,2023-05-18T03:31:36
6fe633f1-8f80-4d8b-a1d5-5f8569678586,Alexis,Benson,Male,2001-09-27,457.710.3630x56956,parkspatrick@example.com,35288 Erica Plaza,67927,2024-12-31T12:53:40
a55fa725-bcb3-4168-b706-2cfa29cc0789,Kathryn,Boyle,Male,1939-12-29,211.707.1492x36036,jose43@example.com,32677 Lewis Points,29815,2025-01-25T12:26:21
144716cc-4352-4cea-b878-becf60dc12eb,Sherri,Espinoza,Male,1946-02-06,+1-880-643-8430x97975,davidmartinez@example.org,747 Carmen Station,91268,2025-07-23T01:46:19
ccca1e14-c3b8-480f-8440-8e983d53ec43,Jeremy,Martinez,Female,1988-05-12,(397)946-0302x312,westkaren@example.com,327 Fox Plaza,12545,2025-06-25T08:58:00
4598f3c8-af44-4605-b1a5-0a3dcebd3b2b,Christopher,Stewart,Male,1958-06-18,9634041652,kdavis@example.org,531 Andrew Views,09603,2023-09-22T11:38:02
44d18524-cf0e-4567-882d-7fc1be3074f8,Carolyn,Combs,Male,1979-11-04,536-922-3801,thompsonmelissa@example.net,401 Price Loaf,11296,2025-06-13T14:20:10
22f9cafe-2eb2-4ca3-9186-da93da7dcc53,Janet,Cabrera,Male,1940-08-24,872.572.0450x980,jeremy35@example.org,2625 Austin Ville,76023,2022-12-05T02:13:42
73e88db6-9e23-43d0-b491-5c14a30b669c,Nicholas,Wilson,Male,1969-01-03,8519513320,brianhancock@example.net,0741 Matthew Roads,89665,2023-07-22T05:28:38
5215b503-3012-4819-bdf3-73789f6ccab4,Robert,Allen,Male,2012-06-14,5363385743,morgan00@example.org,62675 Christopher Inlet Suite 831,35626,2023-06-08T07:10:27
05aa5eab-88f3-47ea-b83f-52740cb4afe1,Michael,Hanna,Male,1938-03-10,494.255.8464,shawkathryn@example.net,32016 Garcia Pike,72269,2025-09-24T03:26:28
200291bb-44e9-48fb-8838-a8881a2e9864,Cassandra,Sullivan,Female,1937-12-02,+1-917-750-7519x267,ramirezclinton@example.com,284 Jessica Spring,57030,2023-03-29T12:52:26
17172654-3b99-4815-8219-a9c7ba23b07a,Roger,Hobbs,Male,2022-05-22,+1-372-202-0487,patricknunez@example.org,6414 Glover Stravenue Suite 197,39224,2023-03-16T01:58:19
6b950c1d-5787-49d9-b799-a3767e5b3ac9,Jeffery,Boyer,Male,1985-03-20,001-255-808-0029,kevin35@example.com,72943 Soto Camp Apt. 982,34720,2023-02-22T18:40:15
5f13e10b-ff7a-484d-bf96-dd35cca99089,Brian,Boyd,Male,1971-09-18,001-964-270-2360x741,lsmith@example.com,5313 Paul Mission,55716,2022-07-25T01:41:02
14898025-548b-4ce3-881f-ec82ca9acf77,Victoria,Payne,Female,2014-02-27,(241)775-4016x379,angela81@example.com,339 Montgomery Cove,03948,2025-01-02T07:34:15
4439940d-0e58-4770-a566-0316f39ef1be,Sally,Hines,Female,2009-09-10,(696)856-1206,jennifer76@example.com,562 Nolan Point Suite 501,85536,2025-06-16T02:55:20
2e7d952b-785b-4a07-8b0e-a0b912464474,Yolanda,Bender,Male,1969-06-29,001-499-825-7099,smithabigail@example.net,43825 Thomas Gateway Apt. 865,74480,2022-04-09T10:03:44
61af0e8e-d137-47e1-8005-353dd76f1e65,Amanda,Oconnell,Female,2012-05-12,205.528.3905x30673,perezrachel@example.com,67769 Heather Ways,09042,2024-03-29T23:49:08
b6f56f1c-c4a5-41cd-b97f-49941f38df55,Michelle,Martinez,Male,1938-02-17,207-819-7095x74454,prestonjohn@example.com,3843 Kelsey Roads Suite 567,56155,2024-05-10T07:49:54
3f46057b-7165-436b-b997-c779c56f05e6,Leonard,Melendez,Female,2020-10-26,(496)626-3273,tracywilliams@example.net,056 Hubbard Springs,14815,2025-09-12T15:37:41
bc3e1d19-75f9-4230-b2fd-73c508942176,Sharon,Brown,Female,1967-07-23,330-876-8329x8768,cantulisa@example.net,170 Erin Ferry,31662,2023-08-03T21:26:00
355cca9c-fb6b-41dc-aa7f-7e0685695f97,Kara,Alexander,Male,2025-10-22,673.580.1318,charles57@example.net,8261 Daniel Heights,60960,2023-05-24T10:07:56
efabcd73-4fe6-4636-b612-1d2cae7300eb,Sara,Jackson,Male,1996-05-12,647.787.3541,laura64@example.com,16885 Richard Fort,62552,2024-06-24T01:44:56
bea6450f-0acc-423c-ba6d-bed8a110e887,Jessica,Smith,Female,2023-11-03,894.738.3014x85781,hsmith@example.org,89024 Gould Valley Apt. 882,57154,2022-01-18T07:12:17
7b31dcdc-40d9-4a8e-9f44-aa88855b6c5b,Tanner,Baker,Female,1987-02-24,5873363149,leerhonda@example.org,045 Debra Alley,84673,2024-01-01T10:01:29
0d559b64-e334-4bac-9c44-ebd132df8d45,Kristin,Hall,Female,2013-01-10,916-547-6492,gpeters@example.org,722 Pacheco Tunnel,73691,2022-03-17T19:23:11
3c6841d6-1ce8-412f-b928-7d2637c0f87a,Angela,Cox,Female,1964-01-06,+1-892-258-8302x13671,johncollins@example.net,760 William Inlet Apt. 726,91061,2024-09-07T14:29:09
cb5d2b59-2ad8-40ca-83db-7a2e531350e0,John,Hicks,Male,1936-04-13,503-791-6781x28837,shellycowan@example.net,78146 Wright Island,32624,2025-04-15T22:07:56
3e3b1a40-ca05-43a2-a553-b15f1ea15b0f,Kim,Lawrence,Male,1955-12-31,320.772.4861,rmarsh@example.org,67801 Cruz Camp,11596,2022-12-12T14:50:55
b0d515ab-c891-455d-94c1-76b90ac013d5,Jane,Jones,Male,1956-03-28,+1-504-847-1208,justingriffin@example.net,2378 Park Neck Apt. 277,53877,2021-11-16T17:54:02
c552f3c5-5f13-4b98-a7ad-8d5198a15e4f,Jade,Mccann,Male,1961-05-21,+1-651-336-8990x657,qwheeler@example.net,6337 Butler Corner,66980,2022-12-05T11:39:22
af9a1168-1766-4795-bffa-b493285eed0a,Michael,Cooper,Female,1997-05-28,578.959.2945x8361,larry92@example.org,42445 Ian Village Suite 702,16300,2023-10-23T02:17:46
c27288e6-ff39-4117-b83b-1806ee4c1b18,Lisa,Thompson,Female,1981-01-25,001-888-516-1037,briannasmith@example.net,3741 Samuel View,72449,2025-10-04T05:38:38
276732d3-a502-4c4b-9b03-34d80f4d6c40,Alec,Simon,Female,1979-02-27,510-386-1997x07839,davidtorres@example.org,9425 Cameron Lodge Suite 755,42357,2023-10-15T22:24:16
7ce34563-2036-4a73-9b7e-0502ca9d8831,Kevin,Gray,Male,2022-02-19,(781)707-0560,tclark@example.net,09600 Reilly Views Apt. 615,25886,2022-02-08T13:23:52
a50784cb-c9df-401e-8ef0-0de1fb4f1972,Scott,Sullivan,Female,1958-02-27,845-969-7918x1433,stephen54@example.com,8342 Smith Fields,31364,2025-06-22T13:20:45
bbb24366-704f-41a8-a44c-bd41ce36e92a,Alicia,Moore,Male,2021-06-17,299-669-6608x1875,robertsandrew@example.com,8745 Devin Summit,51663,2022-04-14T06:20:48
b972393a-5bb0-4d76-a0b5-7717b072afc8,Rebecca,Hobbs,Male,1997-01-13,+1-402-329-3094x431,joshuahorn@example.com,9990 Thomas Junctions Suite 687,17687,2025-10-05T08:34:18
b4e570ba-7c3c-42bc-8a1b-ebd3e60ec813,John,James,Male,1964-04-24,(957)983-7151x04136,fbest@example.net,322 Berg Lights Suite 371,77748,2023-07-25T10:36:42
7d76ab58-b271-415b-8af0-9ec34b726a7c,Thomas,Murphy,Male,1997-03-22,001-412-609-4540,james82@example.com,9413 Hughes Groves Suite 899,51730,2024-05-01T09:05:45
52dcbffd-5900-4d65-8b2a-b7592fc6c4e6,Monica,Stone,Female,2000-12-12,263.691.4183x59094,jorge42@example.com,2544 Barber Neck,73995,2023-07-10T08:32:46
994316bb-d4d3-43a5-9e1f-1619467ba9e5,Bryce,Guzman,Female,1970-02-20,328.674.0751x939,pyates@example.com,035 Mills Rapid,80364,2024-09-13T02:00:58
87f89f62-11a1-4557-a90c-44148df50b01,Darius,Strong,Male,2011-12-17,+1-558-477-7075x0139,phillip79@example.com,631 Strickland Cliff Suite 266,96330,2023-08-22T08:23:49
8aa6b006-436a-4b9d-91c5-6a004bb13407,Jessica,Rosales,Male,1991-09-22,563-238-6381,douglaslloyd@example.org,986 Johnson Glen Suite 654,74821,2023-11-03T03:49:50
8186722b-a355-4d05-86a2-8e4e002f2ca4,Shaun,Strickland,Male,1966-05-22,(444)234-9541x2176,abbottjackie@example.net,8280 Kristy Radial,21852,2025-04-08T14:17:24
9ea6ed4a-04ca-430a-a207-db202f7f2cd7,Andrew,Sanchez,Female,1988-03-17,404-556-8696x90019,christopherescobar@example.org,41575 Neal Drive Suite 686,12716,2024-07-16T16:47:59
52190216-3d21-4daf-9ec5-405dc6a90598,Lisa,Castillo,Female,2013-06-05,001-633-633-5694x2018,seth61@example.com,506 Jones Forest,10700,2024-01-16T22:00:58
d1ad3e51-89f9-4de9-b798-0131a885a7b4,Kurt,Fields,Male,2002-01-09,726.652.3465,iadkins@example.net,84672 Green Spring,07290,2022-02-03T15:34:20
c4072654-7f5f-41aa-aee7-c7a586296fbe,Monique,Harding,Female,2005-08-02,+1-728-891-4353x542,mariapatel@example.com,8138 Novak Motorway,44160,2025-05-15T20:52:18
68e8f311-5295-4a96-887b-25d79cf023dd,Charles,Stevenson,Female,1970-10-15,001-707-749-1850x58240,robert51@example.org,9061 Claudia Tunnel,95137,2023-04-03T04:46:43
a8ad1539-85f0-486a-98a4-40bd1c4760a5,Kelsey,Gibson,Male,2022-10-04,525.630.3158x464,patricia28@example.org,0092 Daniel Knoll Apt. 787,32343,2021-10-31T20:04:24
2dbb45bd-2138-42e6-b013-a170d5cf3b4c,Nicole,Peterson,Female,1961-06-25,001-800-434-3292,englisherin@example.net,562 Lawson Landing Suite 578,91129,2022-09-14T14:09:53
310dc9d1-7c41-4a2a-9b67-f7bb33bb7382,Mary,Patrick,Male,2016-08-25,399.743.1095,hpayne@example.org,957 Jessica Village,67313,2022-10-19T17:04:57
637b3648-d617-49c0-a449-d64f922ddab6,Cassandra,Stone,Female,1937-06-01,+1-718-898-6598x46074,elizabethshelton@example.com,32718 Kelly Mission Suite 098,04677,2024-08-05T16:53:44
971df5fd-b389-40ce-9fbc-879e869c3a8e,David,Tucker,Male,2026-01-01,(204)869-0743,samantha47@example.com,202 Soto Glens,35748,2021-10-28T15:12:18
b7c4b3ee-9b1f-46d1-b881-49dc5dc96097,Evelyn,Young,Male,1949-07-18,001-271-589-0112,lfreeman@example.net,694 Patricia Corner,84206,2025-01-26T20:06:49
a7df30b2-356f-4c0a-abc8-f6b7ee224f70,Tina,Perry,Female,1992-12-20,771-407-9352x756,stephensdaniel@example.net,01618 Gregory Isle,21254,2024-03-09T21:33:35
77d2b94f-1478-4c9d-9503-0b43e3c7ca9a,Sarah,Brown,Female,2002-10-07,516-364-3086x0428,nhenry@example.org,4471 Oscar Turnpike Suite 067,84897,2022-10-11T09:33:40
be54898e-8eda-4433-9c65-a65c0f8a0c2c,Travis,Chavez,Female,2008-02-14,+1-221-641-8100x729,ioliver@example.net,117 Jessica Trafficway,51711,2022-12-04T00:47:50
cb53f0be-5e7b-4866-9270-54706a7be8b1,Steven,Kane,Female,1994-02-03,001-758-657-5790x3367,fhuynh@example.org,784 Edwards Forge,06134,2024-01-22T05:13:35
876de8c5-440c-4e5b-9def-57b4d2da43ec,Adam,Stewart,Male,1964-11-22,943.204.9820,johnsonphilip@example.com,4753 Ballard Turnpike Apt. 638,18785,2023-03-22T21:22:58
13f39289-4dcc-405d-959e-f0fd1204f4d6,Christopher,Ruiz,Female,1954-12-19,+1-230-235-8217x2633,angela08@example.net,112 Shaw Hollow Suite 306,42255,2024-08-31T22:30:13
19e9e3a4-18dc-4eb6-84fc-fcb0f5e90352,Maria,Marshall,Female,2001-08-07,(211)327-1681,bkidd@example.org,15267 Maria Mission Apt. 107,01362,2025-10-01T09:48:26
317046b9-3080-4a5d-a2a5-0eec881af04f,Randall,Jenkins,Female,2023-07-10,(746)541-4735x94689,lcarter@example.com,7768 Love Valleys,99250,2022-09-16T20:36:21
f28f9444-a015-4d65-91ed-554a3faeef01,Erin,Armstrong,Male,1947-10-21,(260)932-3701x4095,bellwendy@example.org,323 Debra Oval Suite 259,55363,2022-02-02T08:50:33
bf00f56c-6a49-49a6-8ee2-5e54bfcb3388,Jacqueline,Ward,Male,2023-03-15,+1-453-338-4162x906,jennifer66@example.org,98051 Jose Flats,36429,2025-03-28T11:56:45
acab8b69-5ba3-4cb5-9399-ad15a37ce1c5,Ashley,Russell,Male,1979-07-22,(880)987-7934x72441,zthomas@example.net,430 Mitchell Hollow Apt. 932,51729,2024-01-07T00:37:37
1aa67474-e200-4157-ad54-c95aaa4d52a8,Joel,Turner,Male,2001-07-03,2926951628,joseph26@example.org,3312 Boyd Curve Suite 663,35359,2021-10-19T07:07:22
81338bdc-66cc-4376-8cca-89632e2e77a4,Jonathan,Garcia,Male,1995-12-20,001-744-376-5224x6968,ewatkins@example.com,71352 Murphy Row Suite 050,82501,2021-11-13T03:12:57
999413cc-ff99-47a8-88ad-b388287e4086,Michael,Wilkerson,Male,1971-02-16,+1-558-307-6648x78413,stephenwilliams@example.net,59482 Samantha Lake,17120,2022-12-28T03:11:44
8cd2216f-50ad-4f63-a709-41535a31e916,Margaret,Lara,Unknown,2009-05-29,+1-916-803-5341,larry14@example.org,910 Kelly Trail,61118,2025-06-12T03:22:27
698f546d-5f29-4290-9848-5a54531c8812,Jeffrey,Davidson,Female,1946-08-02,+1-929-983-5844x8012,taylorscott@example.com,6853 Marissa Court,89780,2023-09-08T19:54:03
52cdadef-b9d2-46f4-937e-e4716e3b0507,Juan,Freeman,Female,1970-02-13,2808308922,maria99@example.com,402 Steven Glen Suite 265,73258,2023-09-11T13:58:46
60042231-36c3-4e85-8bae-295e902a405c,Tammy,Warren,Female,1958-09-18,286.756.2600,caldwelldavid@example.net,30053 Medina Plains,52575,2025-06-13T12:51:59
5c29850b-410b-4c29-be9c-afcfed17f6e9,Alexandria,Mendoza,Other,1957-07-30,001-420-530-7108x1692,pgray@example.com,54151 Sean Villages,89494,2025-07-29T08:46:13
000cd21a-65a7-4a30-b5b7-0dd9728f5897,David,Gross,Female,2020-02-06,+1-829-542-8635x83492,rnewman@example.net,9109 Kelsey Summit Apt. 355,69244,2023-11-30T13:32:21
042c65ad-9883-49b1-88d3-d2cefba3091f,Michael,Bruce,Female,1955-12-24,934.763.8916x19055,andrewfields@example.net,49909 Brown Mountain Suite 202,61344,2024-04-20T22:21:46
01ae7eb1-4d45-4ea5-a3ec-4f6afe503fdc,Kimberly,Romero,Male,1948-10-25,654-781-1891x728,amanda74@example.net,09262 Reed Plains Apt. 720,07815,2024-02-21T08:32:16
509d97cd-db10-4e7f-b6fe-a0b438cd9122,Dana,Johnson,Male,1997-12-10,4194743575,maurice56@example.net,846 Aaron Junction,91538,2024-07-19T06:36:52
d284b528-b091-4fb7-b17f-3f92d26aa790,Anna,Anderson,Male,1964-06-29,(224)824-9470x0251,tstrong@example.net,0957 Merritt Villages Suite 877,38360,2023-09-19T23:47:38
92174fb0-8e6b-4085-82e2-b02d8dbcde5a,Paul,Cisneros,Female,1943-03-02,+1-583-657-2890x91006,xparker@example.net,042 Erica Estate,26028,2021-11-01T07:54:49
75dacbbe-09a9-461a-9823-3383279b637c,Leslie,Parrish,Male,2000-08-25,(773)736-8287x657,dominic86@example.net,8506 Adams Parkway Suite 826,41117,2025-06-28T08:00:29
e3be7ca0-5df9-44fb-83d6-43ed236eb832,Teresa,Kennedy,Female,1966-04-11,7005255464,justinhowell@example.com,484 Gibson Heights,16002,2024-09-13T09:20:45
4ce09ecb-cfa2-4fb8-8199-322e3ba58126,Holly,Watson,Male,1980-07-14,+1-863-337-0695x11819,amandaalexander@example.com,9422 Elizabeth Gateway Apt. 419,88022,2024-05-20T01:15:55
37a9f824-eafa-4d5b-91ae-3d4c66592d83,Steve,Nixon,Female,1998-08-25,001-611-280-1677x4360,cassandra71@example.com,694 King Rapids,27435,2024-06-22T04:10:12
7b874b4a-cafb-44fe-931f-04afb93c92d5,Kevin,Castillo,Male,2006-02-06,+1-993-986-1618,uparker@example.com,431 Walters Estates,95611,2022-01-21T00:09:06
b3edd6ed-b089-4de4-a626-7164d3616b3a,Rebecca,Griffin,Female,2012-07-30,001-200-453-1260x5574,sara95@example.net,9559 Danielle Mall Apt. 307,68452,2022-10-18T23:16:56
a46acc9a-9861-4260-9869-c755e85c1ec9,Shannon,Clark,Male,2006-07-27,001-535-494-1234x592,heather02@example.com,7116 Lisa Mountain Suite 351,37593,2024-04-22T16:31:09
61ad018a-9387-4413-8eef-7261bb1502ea,David,Underwood,Male,1963-02-22,(470)323-1740,riversaaron@example.net,3443 Joshua Mall Apt. 263,32697,2024-11-06T22:58:45
559a8f54-c559-4d0f-abff-c53f0e50f355,Michael,Ramirez,Male,1990-09-05,+1-529-787-0252x1514,wellsdebra@example.net,504 Herrera Extension Suite 023,44253,2022-12-28T16:52:55
ee249b72-6aa1-4abd-af2e-92b9d13032db,Diana,Hernandez,Female,1958-09-11,205-653-0611x390,diana92@example.com,234 William Camp Suite 683,29197,2023-03-11T23:16:51
bf67de42-3a0a-4b59-8538-4872deaa543e,Michael,Howard,Female,1968-05-30,859.281.8284x39974,sawyerjennifer@example.com,80792 Soto Alley,76261,2024-08-20T02:19:44
a2466cd7-02ed-4d15-adbc-36d89a307096,Keith,Torres,Female,1997-10-27,(201)875-0566x558,amanda69@example.com,32420 Allen Circle,52837,2022-10-14T18:52:31
863dfcd6-4e06-48d0-8ddb-545b61eaaa65,Hannah,Andrews,Male,1940-10-29,(497)813-6359x11420,andersondrew@example.org,140 Cynthia Isle Suite 224,97264,2024-04-19T02:26:28
53ab3cce-264a-404f-909e-21ba8a38d5aa,Eric,Mitchell,Female,1938-10-23,(932)400-0132,josephyoung@example.org,135 Katherine Rapids Suite 617,54351,2022-07-20T21:41:59
ac735be0-0cee-4dc2-a737-f345388629ff,Brianna,Shannon,Female,2006-06-18,567-864-0897x795,steinadam@example.org,709 Philip Freeway,49878,2022-01-01T10:36:40
c0ba22a4-7213-47cc-b896-17fa6493f5ef,David,Fry,Female,1952-05-14,001-656-772-6173x6292,dzimmerman@example.org,438 Caleb Meadows,22282,2024-04-18T03:36:18
6e935615-38da-4a90-970f-ad328135f15a,Ernest,Lopez,Male,1957-08-17,833.481.3852x23590,xmaldonado@example.net,14412 Morgan Estates Apt. 924,48955,2023-06-02T22:14:43
560f1e2d-21d7-4432-a5e4-240364f2502e,Scott,Johnson,Male,2026-04-27,+1-993-693-5046x2933,gomezjames@example.com,87895 Jessica Valley,80377,2021-11-10T23:52:25
8c53b74c-0c9f-46e6-becc-f7609249ee3a,Matthew,Farmer,Male,2014-08-11,+1-445-587-5950x8257,joycebecker@example.org,0861 Morrison Hollow,66424,2025-04-13T05:34:16
6f3acf33-8077-4ac5-a605-de3c15c7bc83,Kenneth,Maldonado,Female,1974-07-28,852.491.4835x650,stephenmcmillan@example.net,252 Pratt Roads,88055,2024-10-10T08:26:25
7b1dbca3-2286-43f8-8314-96ea2160446e,Joseph,Garrett,Female,1950-10-25,001-205-656-2412x6676,stevensonashley@example.com,33642 Kirby Islands Apt. 206,42466,2022-12-02T20:06:27
9242ba54-a6f9-40e1-a533-9cf07ce4770e,Melissa,Oconnor,Male,1954-11-07,(214)334-0371x52431,emma68@example.org,531 Frank Lakes,21922,2024-11-27T06:08:06
86351a54-bc54-48c1-bf40-8dcc9db1f7f9,Michelle,Morales,Male,2015-08-02,847.587.0676x442,owensdonna@example.org,101 Daniel Hill Suite 805,51845,2024-05-06T18:44:52
6e18c9b3-c6da-45f1-8429-6ca21257429e,Danielle,Dunlap,Male,1950-01-10,387-249-0044,gonzalesholly@example.net,492 Justin Rapid,27764,2021-11-02T16:12:32
1ccec1ef-16ef-4cdf-9375-ee61ec94503e,Jennifer,Perry,Female,1943-06-21,712-210-7043x105,christopherluna@example.net,506 Smith Meadows Suite 514,15707,2022-11-23T20:47:22
30c3ef8a-592a-443d-9d82-2e3a6c6d282b,Alexandra,Reed,Male,1945-07-24,560-895-1427x70215,garciamatthew@example.org,627 Jonathan Terrace,48969,2024-05-22T20:05:15
c509d558-0632-4b36-a7c8-f0c59808552c,James,Rodriguez,Male,1989-03-28,565-304-7255,crawfordvictor@example.org,07250 Flores Stream,98492,2022-07-10T00:56:26
d2535515-9dc0-48b5-9987-038afcd6c18e,Kevin,Smith,Unknown,2006-03-17,(509)369-2533x60109,raymondjanet@example.com,99812 David Creek,77470,2022-05-07T05:17:43
70c23600-2554-4c1a-9f88-dda37134ae6e,Dorothy,Bruce,Male,2023-04-07,(488)774-1594,cynthia45@example.org,6427 Amanda Station,57319,2024-06-05T20:10:38
af73b3cf-331e-41f2-bbc5-f97fd173b70b,Brooke,Long,Male,1995-04-16,681-510-5129x272,fitzgeraldtrevor@example.com,677 Alexander Alley,67436,2024-09-16T01:54:50
15f7ef61-da4e-404c-ba7e-1b86c1fad753,Patricia,King,Male,1943-02-02,493.551.3315x79208,tcruz@example.com,17295 Erin Light,84965,2025-05-09T09:51:47
9efa0407-f2ed-4ab0-be38-69e20df63417,Morgan,Brown,Female,2012-04-15,(996)811-0840x39092,arobinson@example.org,33995 Peter Squares Suite 760,94349,2023-03-21T03:14:37
49a5baeb-d1f4-4c8d-951b-1974de668dd0,Michael,Fox,Male,1939-05-17,+1-205-209-0830x6925,tonya56@example.com,99412 Clark Circles Suite 050,92142,2022-07-15T02:27:09
4e1c3762-1c7c-46ed-8de5-5848b19c905e,Caitlyn,Walton,Male,2015-04-20,+1-507-861-9181x498,nboyd@example.org,17749 Terri Trafficway,63184,2023-08-15T20:16:04
bd717da3-3581-4632-94f5-df7005d2d205,Scott,Watson,Female,2026-08-31,7434753157,christinewilliams@example.net,603 Jason Park,38660,2024-02-17T21:19:03
c017466e-85f4-40a2-8be2-7516342c5348,Ruben,Jefferson,Male,1989-08-12,953.251.5347x4392,jacksonstephen@example.org,78101 John Divide,01224,2023-11-28T10:18:34
fe07832a-badc-4599-9f7f-ae0c7ba79d05,Edwin,Allen,Male,1948-12-11,001-860-899-0975x78851,hartvictor@example.com,4904 Kristen Heights Suite 162,16903,2024-09-13T10:24:57
60694b6d-04b5-4c12-ab13-2032b2e19f66,Gary,Owens,Female,1996-03-07,(261)405-4026,melissa65@example.net,218 Reyes Parkways Suite 499,28972,2025-05-20T12:37:27
4165964c-0b21-4308-86dc-4e34a9dcfe52,James,Richards,Male,1973-02-11,(839)318-0238x487,kevin33@example.net,60908 Gonzales Fork Suite 947,51926,2024-12-22T07:21:41
b24f92b9-ca08-41de-b360-d11548b51c88,Jason,Rice,Female,1965-05-30,+1-442-590-0249x2785,reginald15@example.org,67608 Williams Brooks,50058,2025-07-25T07:31:27
f1f71605-a79e-4626-b707-ac0e0d96feb3,Ronald,Stewart,Male,2020-05-18,782.642.5658x293,burtonkevin@example.com,39863 Julie Lane Suite 908,16203,2022-11-12T09:18:09
a9b92a1d-4574-48ca-a90e-319d637e3f94,Kelly,Schmidt,Female,1941-09-10,(796)553-2831,mendozasteven@example.net,048 Black Brooks,10423,2023-04-18T22:38:52
1b9ec5f9-dd41-4a67-9c37-5254a8fc5690,Bryan,Page,Male,2022-07-02,634.751.2982,karen83@example.org,814 Mullins Station Suite 250,60513,2025-03-08T10:52:59
62f32fae-a63f-4f12-a226-a768de0e9c53,Robin,Walker,Male,1953-11-07,9399500786,matthew05@example.org,6036 Clark Loaf Apt. 424,62335,2022-12-18T15:53:24
b5ae2a56-fa03-4d6c-822f-b2f06175a257,Christopher,Kelly,Male,1948-06-11,(632)795-6614x82436,wallacefernando@example.com,773 Kathryn Cliff Suite 601,65067,2024-08-13T17:34:12
98dbf732-dde4-4194-bc12-d19850c1b8f7,Jonathan,Miller,Female,1987-03-12,400-909-2568x3596,conniebrandt@example.com,6540 Jeffrey Mountains Apt. 451,25832,2023-09-10T02:07:40
f77fa3a7-802a-46eb-b2e9-7c2d2fb90ccf,Joseph,Humphrey,Male,1953-02-23,+1-826-956-5293,paul75@example.com,403 Silva Pass Apt. 975,81788,2023-04-17T13:44:37
0a2d36a6-0580-4493-b664-6199ed25459e,Mark,Ross,Male,1976-05-18,+1-722-509-4705x4476,jonesanna@example.net,9270 Mathews Pass Suite 287,08729,2025-05-22T19:44:11
7d6c3d2a-5564-41d3-8e0f-bae18787c3f4,Nancy,Hammond,Male,2006-03-24,544.730.2997,joseph24@example.org,480 Hale Passage,69334,2023-05-29T20:00:42
af2f0773-58c6-4158-84b4-0ac928317f0d,Jacqueline,Wu,Male,2020-02-29,001-689-908-7634x272,wgarcia@example.com,78156 Mary Lodge Apt. 173,50057,2025-09-25T20:02:58
fef97d57-3c77-4a4a-8d65-4036a00f230b,Thomas,Miller,Other,2007-07-26,001-373-814-0319x1666,lancecraig@example.com,6218 Henry Mountain Apt. 247,53561,2024-07-17T15:09:25
0fdfde19-cfd8-45fc-869f-f56280520405,Theresa,Hebert,Female,1993-06-02,407.716.7148x957,sherrera@example.org,2980 Kristen Field,38815,2024-12-29T15:01:05
fffcd743-e3f1-4406-a31d-9c8be0f0fe79,Chad,Waters,Female,1968-04-26,454-324-7115x582,serranomathew@example.com,070 Bryant Shoal,56526,2024-08-10T06:24:57
f2f94b2c-8e10-414f-b1b2-f143078b13a9,Catherine,Serrano,Male,1951-09-08,816.645.3833,michaelhuerta@example.org,32101 Matthew Hills Suite 759,09546,2023-01-05T08:39:21
6491982b-e5ad-481d-977f-4c1626d658fb,Beth,Barnett,Female,1984-07-06,001-877-403-1705,andrea20@example.org,54563 Golden Ridges Apt. 686,31338,2023-07-21T20:08:10
854dc3bf-61d8-4365-bada-0c941679bbe0,Cynthia,Collier,Other,1978-03-20,001-449-281-0632x6739,yhoover@example.org,94299 Katelyn Corners Apt. 474,28350,2024-07-02T03:55:36
afbffde4-a022-4155-9f69-5d179cc96aed,Kathleen,Mccoy,Male,1942-08-04,(497)282-0993x87211,williamcummings@example.net,901 Oneal Tunnel,87856,2025-02-01T13:22:41
6d2ccf42-271a-419f-92a9-7acd3d884938,Erica,Richardson,Other,1983-04-26,276-216-8068x0304,evelyn46@example.net,31433 Smith Knolls,65198,2022-11-19T09:04:49
72fcc072-544c-4132-9af9-7493e8e46b31,James,Garcia,Female,1950-06-05,354-995-9929,carlsonmegan@example.net,136 Jones Row,55065,2023-02-12T19:47:27
94be6d9f-2379-405f-a708-728034ee0b67,Stephanie,Carroll,Female,1938-03-24,(294)383-6090x168,petersontina@example.net,609 Carter Rest,39741,2023-04-26T17:15:32
235b275b-dcd2-4b97-b3ca-9a6bccd3af7c,Crystal,Bird,Male,2024-12-10,597-732-0096x015,lindarollins@example.org,25624 Michelle Hills Suite 046,36712,2024-02-11T21:52:02
e8d91a20-8618-4db2-a60d-7a94b483d162,Nicole,Rivera,Male,1984-04-03,669-332-4057,buckariel@example.com,103 Heather Via,52979,2023-11-20T09:46:20
c521ff2e-f9cc-43ed-a8b4-5c6afee543b3,Scott,Johnson,Male,1984-10-19,(518)658-6804,brittanyjohnson@example.net,8578 Chelsea Viaduct,71847,2021-12-17T10:17:49
2875d40a-eac7-4c2e-9099-a283eedb0ce5,James,Johnson,Male,1997-04-23,531.220.5886x9485,dking@example.net,40951 Smith Centers,97969,2022-01-28T01:53:19
b82d40de-f2d7-4d53-8870-2ae78eadda9a,Angela,Sanchez,Male,1988-05-04,370-400-4854,elizabethhunter@example.org,945 Lucas Gateway,92214,2024-03-15T05:59:26
2540fbfe-e12f-46cd-96ea-f269514e1353,Paul,Morris,Female,1984-12-01,(414)341-2987x01093,dustin41@example.com,11483 John Squares Apt. 965,99739,2022-05-06T22:06:17
f90fb6e4-e150-42f3-9195-8000c3f38c8c,Sarah,Jenkins,Male,1946-03-01,(216)369-4810,martinjamie@example.net,67965 Garrett Loaf,85768,2023-09-30T06:41:36
bee04762-7168-4dec-8da8-38b76947cbac,Rebecca,Lopez,Female,2010-05-25,001-236-984-1434x4622,elaine05@example.org,9509 Martin Row,09504,2023-08-16T16:23:22
bd03d33b-eee9-495e-a308-6e48e4e5b5b0,Amy,Sanders,Male,1980-11-11,772.310.8727x410,joyce98@example.net,5518 Watkins Stravenue,48742,2022-06-25T12:58:42
21acfdb5-1b55-4f6d-b01c-6abfc7739d46,Cindy,Scott,Male,2021-02-02,222-417-3284x24872,vancechristina@example.net,65134 Antonio Road Suite 781,32512,2022-03-23T03:03:37
9df034d3-9caa-437c-bc67-95e2c32fc21b,Kelly,Benjamin,Male,1987-06-14,(553)203-0241,wilsonjason@example.com,4214 Steven Neck Apt. 559,18601,2024-11-29T08:45:08
98ab182c-3b1d-4181-9cc3-c1f59129bc75,Dean,Mendoza,Male,2000-04-24,9269049769,michaelpowers@example.com,13507 Hartman River Suite 727,93109,2023-06-26T05:46:32
14588063-5bf8-4d1d-86ad-7920aff7ff5d,James,Cunningham,Female,2004-08-20,2077119475,daviddavis@example.org,42259 Joe Stravenue Apt. 381,40417,2022-10-04T06:07:43
d89c83f6-8098-480d-a253-80407a029a6d,Jason,Sullivan,Female,1945-11-21,(769)374-4697x07119,wilsontroy@example.com,90371 Holland Path,53015,2021-10-24T15:28:32
2f191516-5fbb-4da5-a64a-1fe8b646e2b1,Hunter,Turner,Female,1964-05-18,(924)958-8469x3714,michelle80@example.com,117 Chen Harbors Apt. 027,34637,2025-01-22T13:12:47
29ede760-2334-48ba-b94e-08387dcf60fd,William,Scott,Male,1973-05-10,937-393-6660x4486,ryancharles@example.org,773 Colon Mountain,38279,2024-04-09T00:06:51
f80443ee-c3b8-4179-a899-4c8408403234,Robert,Compton,Male,1975-06-19,(727)633-1881x567,weisskylie@example.com,7970 Burke Stravenue Apt. 770,40968,2024-06-14T11:30:50
38f95001-69bd-40d8-b340-2dd3451575b9,Danielle,Rogers,Female,1964-05-30,9014731412,briana12@example.net,7240 Diaz Turnpike Apt. 517,61992,2022-12-30T21:33:40
345e2eaf-c1fd-4581-b3ec-e6b1fcfd8547,Cynthia,Kelly,Male,1979-06-01,(464)424-3742,lopezbrett@example.org,4960 Martin Junctions,20998,2024-10-21T15:52:04
7074feb3-fc52-47cc-b467-2866ed56a2a0,Bryan,Poole,Female,1950-04-23,001-248-276-0967x3725,vickiemccann@example.net,9320 Oconnor Manors Suite 069,51392,2025-08-22T15:34:34
dde4f5c1-532c-4c01-b017-c5337d6ce5c3,Courtney,Nunez,Male,1981-06-21,+1-684-345-2364,whiteheadanthony@example.org,89676 Kenneth Turnpike,54492,2022-05-19T17:59:33
c6b6020a-67a5-4936-ad74-4a0b3f2d39c8,John,Lopez,Male,1985-02-10,875-219-6792,alexandra53@example.org,342 Antonio Views Apt. 431,90261,2021-12-17T16:26:08
b85f164b-6160-4399-9307-3198bc3eb402,Sarah,Ellis,Male,1958-05-10,(587)849-9589,krandolph@example.net,17678 Moses Parkway Apt. 111,27582,2021-11-28T18:55:12
926a4bd0-be12-4f8f-b06b-6c129c8b9550,Denise,Jackson,Female,2014-10-11,(938)735-2237,nelsonlaura@example.org,324 Pierce Ridge Suite 846,05041,2022-12-15T09:33:48
b440b852-e033-400e-a432-62b38675820e,Megan,Howe,Female,1958-10-23,(216)455-4279x33997,barronkenneth@example.com,690 Wells Light,10050,2021-12-25T18:32:32
74f76d09-739c-4fa5-9bfc-270c85494255,Eduardo,Bishop,Female,1993-12-01,+1-854-941-9043x77029,riverajamie@example.com,72464 Hendrix Valley,52565,2021-10-23T07:39:02
3ee79d31-feef-41f8-a0b6-2f900adbc4ff,Kelly,Wolf,Female,1984-05-23,419-490-6563,ewashington@example.org,8512 Morrison Extension,89835,2023-09-13T19:39:13
0a0c64e5-bc34-4b4f-bbdc-532e6546c66d,Gregory,Ponce,Female,1946-04-09,(994)722-2925x3841,ylevy@example.org,5722 Roy Lakes Apt. 660,65991,2024-04-04T15:12:15
f66c7331-a172-4ee3-83e1-847c8420e0d8,Anita,Young,Male,2025-12-26,808-833-7836x1592,hreyes@example.org,9565 Brent Causeway,24934,2025-03-22T02:46:32
e267e12b-65e5-413f-b086-9a454a8abb17,Douglas,Lutz,Male,1937-08-10,+1-536-904-7092x803,bakerevelyn@example.org,7279 Beth Roads Apt. 689,36981,2025-06-27T03:45:55
2a9edda7-761a-4914-8931-b2d4d3def87c,Ashley,Green,Male,2003-08-24,(329)733-6983x24072,mccoyelizabeth@example.org,809 Jose Road,27745,2022-10-02T10:20:02
b0a0c1cd-0df6-4527-ab45-bc389cf65e33,Phillip,Thompson,Female,1955-09-20,545-422-7594x267,jwhite@example.org,3250 Philip Way Apt. 297,33741,2023-04-22T22:46:00
a566e884-d473-4687-b6ad-1c332469d0c2,Colin,Bush,Male,1989-06-23,816-808-6249x51339,averystephanie@example.com,96647 Theresa Course Apt. 320,59938,2022-06-06T05:49:22
2e057f79-1cf8-403f-802b-1bf4b8ff615c,James,Berry,Female,2015-02-08,001-718-346-5506x369,vellis@example.com,9991 Bolton Loop Suite 602,18577,2022-08-10T21:41:37
8be15610-b234-4948-a4f2-ae4cf016716b,Nicholas,Lucero,Male,2013-08-18,001-695-314-3704x342,mmoore@example.org,7442 Dustin Walks Apt. 421,94429,2025-02-22T18:18:18
0660a3e9-736d-417c-92ce-55e369df05c7,Brittany,Mendoza,Male,2005-08-13,790-334-7317,stanleybrittany@example.com,850 Joe Mountains,13755,2021-11-15T06:55:23
e552d0a8-b66f-4507-a588-b999971eea39,Kenneth,Clark,Male,1979-09-04,335-363-4317,zhall@example.org,7154 John Route Apt. 541,64040,2025-03-05T09:49:51
52f69081-4005-44b8-9716-03b174661e6f,Robert,Duncan,Female,1954-12-03,001-420-668-2994x580,steven86@example.net,816 Mike Hill,78740,2024-05-05T07:09:58
29fb832c-cbe6-4571-b622-e18ee83bcc84,James,Mora,Female,1979-08-16,565.813.3861,yschwartz@example.org,60543 Shawn Brooks Suite 367,10754,2022-04-23T18:17:25
b4cb4613-1d39-49c2-9758-4f231fa09802,Tyrone,Green,Male,1936-04-26,(995)431-2178x94069,jgriffin@example.org,86293 Christina Coves Suite 787,41594,2024-12-06T04:55:10
b5103e9c-8618-440d-95d6-a6585ce9dbbc,Hannah,Grant,Male,1970-11-10,240.619.2553x1755,bmassey@example.org,384 Jeremy Well Suite 267,44580,2022-12-19T10:33:39
9cb0c90c-82fc-4294-b9a6-2522ca835709,Michael,Barnes,Female,2015-12-04,+1-809-241-4250x9563,williamlucas@example.org,13299 Tucker Forge,40960,2022-08-19T05:34:43
0b3d6dc9-616f-460a-8ce3-77d760f11528,Sarah,Nichols,Female,1985-05-30,+1-491-497-7638x586,jennifer43@example.com,66287 Chase Valleys Apt. 653,83983,2023-03-24T10:26:04
df0ddef1-90c4-4e45-95cf-37bae98965f2,Candice,Cook,Female,1962-05-06,+1-645-806-9895x829,kimberlybrown@example.net,285 Neal Harbor Apt. 793,92357,2025-04-24T01:56:08
2504fd28-de6a-4459-a980-f6ff266c47fb,Kayla,Evans,Male,1965-08-14,649-214-2154,yford@example.org,85740 Johnson Tunnel Suite 277,03087,2022-08-16T17:26:39
4edd2a2a-6b69-44ae-8d22-af35b648be8a,Micheal,Mccall,Male,1994-06-05,(830)777-9975x1090,howelljustin@example.com,46150 Wilson Streets,08698,2023-11-22T14:22:13
49ed856e-723d-4acd-b601-e005c4c4f69f,Brendan,Hernandez,Female,1956-05-23,(209)425-1390,bradley14@example.com,729 Jeanette Land Suite 237,66563,2022-07-27T02:40:19
f5defeba-21ae-439b-a606-d7c21e18046d,Heather,Johnson,Male,2019-03-23,557.545.6844x2633,nicole65@example.org,48308 Kenneth Fords,05893,2022-04-08T22:26:42
03200c4e-40cb-4188-83f0-fac39f601d17,Robert,Williams,Male,2025-11-03,001-544-690-3593x41773,savannaherickson@example.org,82182 Lauren Skyway Apt. 639,22122,2022-09-14T17:56:52
ceb557ac-8b22-4445-bfa7-0485dafc3805,Carl,Mcfarland,Male,1998-07-20,+1-981-210-8023x8836,laurensantiago@example.com,535 Collins Shoals Apt. 193,46203,2023-01-04T23:13:24
37850b5c-3ce5-488c-be53-d702e1f8d192,Renee,Hayes,Female,1960-12-02,463.299.6240x23849,chadschultz@example.net,5090 Diana Road,88959,2023-04-28T17:39:23
711ebe6f-68ff-4e17-b428-349179c842cb,Katie,Taylor,Male,1986-12-25,+1-539-453-9106x733,ucruz@example.org,024 Myers Ridges Apt. 385,72307,2023-03-28T11:15:18
e1d5c0dc-3ea5-45a9-81ae-c50599a04abb,Jenny,Stevenson,Female,1939-06-22,901-454-4484,griffinbrian@example.org,32217 Murphy Ridge Apt. 254,98570,2025-08-01T15:41:07
d1f379b1-8ebb-4208-a0ee-404f9ea8fcb1,Courtney,Hurley,Female,2007-11-06,291.503.2041,wanderson@example.org,97295 Murphy Knolls,15498,2022-06-07T08:35:52
0e18ab96-25f4-4dd6-af51-ac6e0c85f154,Ryan,Ford,Female,2023-05-12,7793633022,bhughes@example.net,27462 Melissa Forest,40202,2023-04-27T12:00:24
084d7822-da94-4e70-a537-41e409668d08,Barbara,Love,Female,2012-03-20,(495)765-6219,silvajessica@example.com,47537 Singleton Throughway Suite 825,55213,2025-09-30T03:47:48
54c3b22e-4c66-4a4d-9a70-ea8ad6881d3e,Kelly,Romero,Female,2009-09-21,(847)766-9557x70518,fostercarol@example.net,5115 Lawrence Dam Suite 687,00865,2023-02-02T14:10:58
fe656dcc-6abd-405a-9be0-0f8e0c8d51d2,Monique,Coleman,Male,1987-03-14,+1-579-450-8046x606,anthony41@example.com,5020 Henry Extensions,14906,2022-07-21T21:54:20
a9325ae1-9c70-40da-88cd-29c5ac0e1f71,Katie,Li,Female,2012-02-17,5297446276,eatonkelly@example.com,715 David Ranch Suite 458,78920,2022-10-16T20:07:33
8fead84e-c98c-4d48-9281-1c92984fe323,Jessica,Payne,Male,1966-03-14,+1-535-784-9999x1695,douglas87@example.net,20901 Tyler Hollow Suite 311,10929,2022-12-28T10:23:48
5c3552b3-9437-4280-bfd4-67e77491050c,Patricia,Henderson,Female,1964-05-04,(909)689-1050x45961,johnsonjanet@example.net,8344 Burke Groves Apt. 104,21853,2021-11-03T07:50:26
52a473f9-4c9e-403a-84bd-338e17d71fc0,Erica,Stein,Male,1947-12-28,228.765.4907x87255,david19@example.org,5770 Clayton Prairie,50186,2024-07-25T13:51:36
c2294116-1152-4a73-91fc-dedd61022b56,Raven,Benitez,Male,1990-06-20,669-541-3512,uabbott@example.com,277 Heather Prairie Apt. 269,86521,2022-03-28T22:06:44
788773ed-4af7-45b7-909e-fb408cebac57,Lori,Price,Male,1970-01-15,+1-506-708-2761x002,barrettanthony@example.net,9691 Lynn Mountains Apt. 494,26017,2024-02-29T03:45:22
54470290-4640-4b2a-9c02-28afb1d29457,Michael,Walters,Female,1993-05-09,537.959.8491,hharrell@example.net,113 Laura Ridge,43204,2025-07-02T09:41:51
35845d71-b221-41c5-b5b8-6d0a864f36dd,Elizabeth,Moore,Female,1963-04-07,343-424-1707,xgordon@example.net,38790 James Extensions Apt. 082,24231,2025-07-05T03:57:48
fab6ad91-bacf-4cfc-9245-1cc41bfb3b3d,Brian,Campbell,Female,1975-09-29,+1-335-219-7881x64957,teresa59@example.net,28422 Hubbard Parks,06230,2024-10-09T21:41:39
b95cec2d-7bd1-4655-9671-8639fcb86f9e,David,Owen,Female,2024-09-14,513.277.4340,joanne79@example.org,173 John Key Apt. 368,21904,2025-01-01T02:25:26
b4f136fc-fc7c-4e71-89c6-7b51ef13864b,Francis,Miller,Male,1981-04-25,(497)396-8546,cruzshannon@example.net,2082 Madeline Grove,01793,2023-09-18T09:51:57
42791490-5105-44f9-9909-49aa9bdd3d7a,Mary,Douglas,Female,1994-08-29,553-662-9213x5011,sandra68@example.net,92918 Hicks Prairie Suite 549,36939,2024-11-23T14:51:01
ed56c714-5a96-41f5-9f8c-eda5feb9ea24,Brittney,Taylor,Male,1975-11-18,520.647.4421x756,pughlisa@example.com,4446 Washington Path,09442,2025-03-01T08:55:09
baabd9f2-850b-4073-bf13-de679008cdc9,Kelly,Flores,Female,1978-12-02,(588)286-4650,john17@example.net,13913 Warner River Suite 548,29178,2024-05-21T03:26:28
e237c877-2e0e-4673-8ed7-cd177e14c595,Jason,Washington,Female,1953-10-19,001-571-654-2241x2503,lopezthomas@example.org,2074 Carol Key,28882,2025-04-09T00:45:29
318cd979-fab0-415d-8a5d-6ceab565f64e,Tim,Hahn,Male,1942-11-02,(332)239-9887x73352,sabrina37@example.com,826 Erik Corners Suite 510,73478,2023-12-30T08:07:36
cbf6aa23-a01e-41f5-b702-beba0623ffbf,Michael,Romero,Male,2014-06-28,618.411.9942x81783,jenkinsjake@example.net,3433 Elliott Motorway Apt. 972,82479,2021-10-27T22:27:04
9d84d303-ccb0-4fc5-b513-a238d91b1a04,Joseph,Poole,Unknown,2012-09-04,+1-832-542-4300x91731,denniswong@example.org,44783 Sandra Crest Apt. 125,65481,2024-05-27T15:09:23
5982aa44-5573-48cf-8ba5-605069fe99a9,Lisa,Dunlap,Female,1994-07-08,+1-610-724-1982x724,yvonnealexander@example.net,2831 Sarah Port,61254,2023-11-13T05:54:05
a3ff8fd2-02e4-40aa-b65b-c763a3336ea8,William,Kelly,Male,1993-10-10,(950)818-0054x4027,wilsonmichelle@example.org,2575 Angel Bypass,03036,2022-09-08T07:47:02
115db44f-ca4a-40bc-8121-81a34818b004,Paul,Jenkins,Male,2008-11-29,(674)739-7384x718,glennjeremy@example.org,29182 Richard Walk,62705,2022-05-04T16:56:28
c45c3fbb-52ec-4c27-8ccc-617e81b66951,Mark,Wilson,Male,1954-09-24,+1-780-231-0262x370,rcasey@example.com,522 Mark Vista,52053,2023-03-15T09:12:46
65637d1f-5763-4902-9552-0712af92ef22,Stephanie,Campos,Female,1973-09-05,863.716.9145x5903,michaeladkins@example.com,72466 Camacho Summit,16974,2022-06-25T09:09:15
d500c147-0774-4c94-b5c9-f4599db1bd5e,Robert,Wolfe,Male,1988-10-28,474-479-0455,jennifer20@example.com,2549 Patel Lane Suite 371,81422,2025-05-08T08:01:39
ec1a86d3-5683-4783-9575-9337549c9eb9,Sherri,Pena,Female,1989-12-15,8342897311,baileymeghan@example.org,11542 Smith Key Apt. 437,80594,2025-02-14T23:31:16
091a5875-cc18-4d0e-b978-dc84ea89a979,Bruce,Warren,Female,2010-05-11,5888358558,malik87@example.com,974 Michael Highway Apt. 904,28418,2023-05-28T20:01:21
75eb0e8f-a090-460d-a7c7-655a7b434a72,Alyssa,Robles,Female,1980-03-21,(784)597-8507x8672,malonedaniel@example.net,678 Brooks Coves,79465,2025-08-11T03:23:42
76647043-55c9-4f0f-a55b-93ad8976b471,Jeffrey,Whitehead,Female,1957-05-16,367-219-9927x5237,ramseyjessica@example.net,635 Laurie Points Suite 570,48504,2022-08-21T03:41:45
0e5779ec-be1a-470f-ad83-a4c869f8d3e4,Lisa,Williams,Female,1969-03-16,(613)301-4464x1972,lewistrevor@example.net,9328 Williams Course,60277,2022-02-05T23:00:18
ad9e5c1e-b997-4024-90a0-14ab4ca1cabd,Marissa,Wilkerson,Male,1969-07-30,001-970-997-1846x790,thomasmaddox@example.org,275 Tracy Loop Apt. 100,52892,2024-06-24T08:23:10
93d054e4-3550-407e-84ca-bb38892fca69,Chelsea,Pearson,Female,1995-12-29,840.309.7018x3256,grayaaron@example.com,0070 Craig Drive,98843,2022-05-14T14:24:08
cbb86be0-e355-4636-aa8b-31f5ccae58fe,David,Wilson,Male,1989-08-18,+1-339-805-1011,kristinebarber@example.org,7698 Cameron Canyon,14903,2022-12-19T20:39:35
d73aae7b-47cc-4a66-a638-d8bef83893a2,Christina,Miller,Male,1993-09-07,628.422.5196,william61@example.com,11702 King Hollow Suite 550,21085,2024-10-09T07:02:51
88c62063-a063-43ca-a00f-c79cfbce7087,Joshua,Rodgers,Female,1947-02-24,425.648.0575x95024,robertsanchez@example.com,17548 Jimenez Crossing,90455,2022-08-06T05:13:34
2ff8107a-63ba-4d86-9b0e-70ad922bda48,Eric,Moore,Female,1990-04-16,939-820-3186,hramirez@example.org,780 Barr Ridges,08598,2021-12-15T13:59:08
4eeb87ff-c064-4074-8847-b130dd56030e,Samantha,Roach,Female,2019-01-29,(830)696-6676x29602,meadowsdana@example.com,64954 Little Vista Suite 465,61813,2023-09-25T19:10:29
4580dac2-0818-4965-b5b8-135150830841,Jennifer,Wilson,Male,2021-12-15,915.534.2789x328,sharonfrank@example.com,5484 Victor Inlet Suite 645,82815,2022-12-09T19:14:23
5f2019ea-3cd6-4f5e-a086-44187f3ef59b,Deborah,Lopez,Male,1939-11-10,001-402-514-3665x9453,tinatorres@example.com,56682 Kim Pine,78969,2024-11-22T01:18:03
866cfb2b-3754-416f-8d79-132cf362d408,Kathy,Cabrera,Male,2001-09-04,+1-854-392-0398x01337,mcculloughemily@example.com,41115 Dana Villages,20655,2022-09-02T12:14:35
0992b886-c8f2-46c1-9fcc-997d1cbb304b,Chad,Sanchez,Female,1972-12-19,(281)315-8765,mharris@example.com,57921 Brown Shoal Apt. 009,35209,2023-01-09T12:03:57
8188de48-719b-4dd6-97b4-e75be9d18ec2,Jeffrey,Johnson,Male,1998-04-18,232.406.5694x2763,kboyer@example.com,3114 Christian Circle Suite 539,66422,2025-06-12T11:39:58
2771a422-8003-4f26-a7ab-2ef77b8fd09a,Melissa,Callahan,Male,1946-06-08,814-326-4293x064,shelby83@example.net,7428 Odonnell Well,07200,2023-04-14T01:13:43
dfb68a5f-bb81-41f0-bbc4-d138ec737598,Amanda,Douglas,Female,1971-02-04,989.447.5289,matthew97@example.net,45540 Hernandez Brooks,01736,2022-04-01T13:34:40
c4fcbb84-24ae-4bea-93cc-6b95c6895836,Kevin,Vargas,Female,1990-02-18,217-778-5453,iwarner@example.com,69233 Solis Street Apt. 025,97262,2023-04-07T00:49:21
84222f58-f022-44af-bb76-4637d277ab64,Sherri,Larson,Female,2025-06-04,(756)437-7312,michael70@example.org,11751 Young Ford,48321,2024-02-20T22:42:55
095b81d6-b97d-4617-b487-246c21f9c072,James,Thomas,Male,1975-10-12,001-621-551-5694,eblackwell@example.org,35935 Robin Keys Suite 825,57283,2022-06-12T11:10:17
1da76d69-85b8-44d4-9d64-3387b6b38fbc,Jennifer,Webb,Male,2018-11-29,(943)631-6120x99286,elizabethkennedy@example.com,3672 Heather Mill,98625,2023-04-10T20:54:24
d91ea7e6-afe2-4940-8b45-8c23eeada90c,Barry,Reyes,Female,2019-08-07,001-612-685-6859,fisherlorraine@example.org,11568 Collins Burgs,22802,2023-06-01T07:50:39
e3a1af97-7785-4ddb-9552-7a3c164a9b18,Kaitlyn,Martinez,Male,2006-04-02,3607363235,duanehopkins@example.com,1307 Lauren Passage Suite 148,38397,2024-09-01T05:50:20
bedcacb7-a8b3-41a0-8424-6277854494ab,Manuel,Nelson,Male,1962-10-29,3076457774,vunderwood@example.com,316 James Extensions,48589,2022-09-17T18:37:34
a38bbaa4-4fe8-48d8-822c-a6a893daf60d,Michele,Lynn,Female,1968-09-25,001-963-205-7578x660,margaretcline@example.org,666 Sharon Ports Suite 085,93802,2022-05-26T06:35:11
495c7ac8-314a-4bdd-b357-9b275225374a,Ronald,Fry,Male,1993-01-17,496.655.3264x74141,craigmary@example.org,483 Aguilar Trail Suite 000,09316,2024-02-13T03:54:31
abcec90f-70ec-441b-85d5-601651b3ccf5,Donna,Moore,Male,2005-09-03,316.538.8193x9271,mckayamanda@example.net,65018 Steven Lake,60348,2023-07-24T08:46:21
1d4d46d6-460d-413d-a851-a8be2639e214,Julie,Garcia,Male,1940-02-14,567.452.2624x91528,meadowsvalerie@example.com,1773 Jamie Vista Suite 493,15668,2022-10-15T02:44:30
1a354475-8399-4ac5-8f43-a2509f795228,Mark,Reeves,Male,2002-04-22,+1-762-855-9376x51182,vgarrett@example.org,91727 Katrina Glen Apt. 628,12690,2025-06-18T11:28:10
4563abbe-5188-4a26-8ca3-3a5459ae7302,Joann,Landry,Male,1974-11-15,935-603-3460,gsingleton@example.com,4465 Fletcher Plain Apt. 187,29031,2024-05-20T10:25:52
92f71993-4884-4b5b-8dd3-214cb4508610,Tina,Keller,Male,1950-02-26,001-725-358-8774x05031,kyleortega@example.com,656 Norris Forges,72002,2023-11-09T04:22:11
e46a0b42-9cfe-4bd8-8fb6-7094123cf911,Kristina,Carter,Male,2002-09-21,634-312-5383,colemankimberly@example.org,6562 Nancy Viaduct Suite 039,31053,2022-09-05T19:56:30
076c108d-214c-47b1-8cfc-64207192e443,Tiffany,Alexander,Male,2002-01-17,444.210.8439x711,robinsonsally@example.com,358 Thomas Spur,15358,2025-09-05T19:09:57
6233960a-1b1e-46c3-8cea-af73aced4d55,Nicole,Gonzalez,Male,1954-03-03,7313066646,thomas87@example.net,884 Nash Road Suite 957,92326,2024-03-28T21:41:49
b465c027-2dd1-445b-a454-a82a6d2cdbf9,Thomas,Garcia,Female,2017-04-06,479-546-1906,cole83@example.org,866 Weaver Shore Suite 200,30513,2022-07-26T07:51:37
b0ac0677-d60f-4680-a124-fdb297bedf31,Sheri,Crosby,Female,1980-10-23,4302524114,xcuevas@example.org,52949 Alvarez Center,33099,2024-10-18T10:34:40
5513b74f-4ffc-4c54-9b0a-31ea9dc6d783,Veronica,Mullins,Female,1992-08-07,001-510-884-9297x045,jross@example.net,7621 Matthew Roads Suite 614,95037,2022-09-25T12:37:10
cf2e45ef-abbe-474a-8226-ab53b680873b,Vanessa,Martinez,Female,1962-08-18,+1-783-248-9953x12008,brandon02@example.com,703 Moran Falls,32436,2025-03-01T09:09:42
c3b1927b-c178-4e77-ac3b-9258f943375e,Travis,Wright,Male,1946-05-01,942.841.4718,meganmalone@example.com,292 Austin Cove Suite 274,71539,2025-01-11T19:27:03
cd66d79d-d017-4108-97c9-5aaa21bd55eb,Dennis,Erickson,Female,1947-08-05,850.379.6313x2404,olyons@example.com,662 Davis Keys,63970,2021-12-27T10:00:02
4f75d45a-74a1-4a0d-98e6-3a5577e0ee02,Veronica,Stewart,Female,2008-01-28,001-968-362-3785x771,camerongarza@example.org,6707 Aaron Extension,85263,2023-08-20T15:51:58
7875b1c7-7724-4aa3-8438-eae0b5d0b595,Barbara,Coleman,Male,1957-08-27,001-944-252-7843x0039,shuerta@example.com,491 Daniels Street Suite 987,91852,2022-12-04T12:39:05
e54ca6ca-dc70-4e22-a4ca-f1b8394a97fd,Carrie,Lee,Female,1960-01-19,9392226868,thomaswatson@example.net,545 Thornton Lights Suite 309,19285,2022-11-17T07:31:39
2ef03a1b-645f-473c-9d0b-042de9b14c76,Julie,Barnes,Female,1963-09-07,7812322257,charles26@example.com,50945 Ponce Rue Suite 314,75226,2022-05-30T11:35:17
dc5cd673-c9ed-46a6-9490-5f79aa4946f4,Donna,Coleman,Female,1959-11-25,(247)976-0382,browndrew@example.com,1793 Salazar Rapids Apt. 393,32714,2023-12-02T14:46:28
10bbc60d-07bf-43ee-bccd-3dc0740a5bed,James,Gonzalez,Male,1996-06-25,(588)838-6898x25817,bartlettnicholas@example.org,50799 Timothy Overpass,31020,2024-11-19T16:27:47
d8842354-7613-4f44-ba88-f16259f8068e,Crystal,Anderson,Male,2014-09-03,+1-480-768-4960x334,weaversteven@example.net,6281 Shannon Mill,60388,2024-12-02T11:58:05
931e1d4d-9abc-4859-993e-dc83c497d0a8,Tina,Drake,Male,2009-01-10,(873)597-1819x05974,antoniolewis@example.com,62426 Brian Freeway Apt. 248,91323,2023-10-11T23:33:43
b6da99cd-d14b-456c-a7db-09431a59c3eb,Tyler,Price,Female,1950-07-23,284.891.9866x13294,sherylbonilla@example.org,6398 Alvarez Drive Suite 850,01974,2023-09-30T20:37:26
1228130b-a642-42a2-8e5f-d65f536c32d0,Donald,Mcfarland,Female,1976-06-20,885.880.0999,kristendaugherty@example.net,051 Jensen Inlet Suite 359,64434,2023-05-13T11:29:15
972d5d57-669b-4896-b602-72ba8862036f,Joshua,Huff,Male,1979-07-15,964.999.6107,kthomas@example.org,6153 Stephanie Branch Apt. 702,60822,2025-01-24T13:38:58
28b58db5-8c46-4308-be62-89819ef1a74f,Michael,Brown,Other,2000-08-01,(897)269-3805x14538,ariaszachary@example.org,75000 Carr Trail,81474,2024-09-05T01:42:35
354f184e-5739-4b03-90e9-4dce6241cba3,Christopher,Bailey,Female,2007-11-12,(493)592-2445x565,davidtorres@example.net,1399 Rios Mission Suite 993,27843,2025-10-04T03:45:09
faeebacd-c8c8-4cf9-ae5f-bf719749d2b0,Brett,Arnold,Male,1978-11-20,(595)890-7056x95106,curtisbryce@example.org,0811 Carey Burg Suite 993,70017,2022-05-22T01:16:25
b1b2b5f8-8b66-4d1f-979a-7954c98e3f5b,Chad,Edwards,Male,2009-12-21,489.699.9628x930,wardcharles@example.com,6083 Ashley Drive,86040,2023-07-04T19:25:05
bd472885-13f0-433f-ab6b-3f08a9a0f4ef,Brian,Miles,Female,2010-02-12,(289)565-4981x844,tgomez@example.com,270 King Mount,40616,2024-01-08T22:09:16
1d444351-7c93-4dc3-9635-212d92fe00e8,Thomas,Rogers,Female,1987-07-24,(630)805-6094,wardmichele@example.org,0665 Reynolds Centers,47697,2021-11-22T14:04:44
18ffd8ad-8e1a-4a51-934b-fa8676812ad7,Tracey,Williamson,Female,2005-05-11,(357)665-7893x793,dadams@example.org,352 Heather Trafficway,74756,2024-11-18T09:36:08
67e2189b-f4b4-4704-8edb-6dc82d19bd52,Sarah,Hughes,Male,1938-04-03,001-610-427-6471,emma32@example.org,90266 Jimmy Mission,25686,2024-06-16T19:02:39
98ae0666-d066-4d21-af7d-7f211bd6b03d,Sarah,Rodriguez,Female,1965-08-07,509.983.1452,clarkpaul@example.org,742 Butler Lodge,72913,2023-06-10T09:46:53
a51e01ad-7e8a-4078-93d1-06cb61004ffe,Robert,Schmidt,Female,2025-05-17,780-200-5895x38157,castanedajoseph@example.net,8180 Gibson Station Suite 914,70035,2023-12-24T14:07:38
23900c1d-d129-4d13-b7b5-67b4172d2bd0,Monica,Wilson,Female,2022-02-19,644-366-1995,adavis@example.com,2666 Roberts Tunnel Suite 536,29314,2023-11-20T10:12:16
cf51a203-a2d9-49ba-8146-ed52e73bc913,Sarah,Crawford,Male,1994-10-10,(599)359-9023x442,ywhite@example.com,491 Davis Lights Apt. 883,53440,2022-09-11T22:09:25
73f621a8-2633-4c43-a92f-85fe258fcafc,Jennifer,Medina,Female,1943-11-27,+1-953-231-5131x35611,toddroberts@example.org,7937 Kaitlin Forks Apt. 761,80474,2024-09-28T03:31:50
7279101c-93f3-403d-9d96-232d63d5e750,Teresa,Russell,Male,1957-08-10,(558)785-8431,htorres@example.com,4073 Hernandez Road Suite 175,53890,2023-03-22T23:15:05
4cbb7460-510c-4c48-a09e-f2a3ae77e249,Scott,Lawrence,Female,1943-05-01,(718)634-4251x1809,lawrence92@example.com,2863 Payne Avenue,09239,2023-08-01T00:58:06
eb22ec1d-4df6-4f4f-adf7-92ffe9c7c13a,Megan,Miller,Female,1997-03-16,5649914453,megan01@example.com,146 Noah Hills Apt. 573,25114,2023-10-16T13:01:07
ea452afd-fb8a-41eb-b7c1-2a4c6f4a454f,Ronald,Bonilla,Male,1972-07-13,2912341781,xrodriguez@example.com,451 Aguilar Courts,37171,2024-03-31T03:35:21
9c8aa872-0214-4a68-952d-986c16db8a18,Mercedes,Pearson,Unknown,1980-04-03,+1-438-873-6807,hbarber@example.org,88168 Moreno Walks Suite 230,78425,2024-05-03T21:24:48
da3dc780-20a7-4d78-98fe-b8de67797b58,Anthony,Reilly,Male,1978-03-12,001-364-245-0300x6045,robersontimothy@example.org,27632 White Ford,65544,2022-09-18T05:30:13
f7c8435f-8c83-4c68-a6ac-e59a5e85643c,Marissa,Austin,Male,1979-11-10,6439260590,michaelmurphy@example.org,5493 Tammy Via,45586,2025-06-07T05:48:16
fa8bd601-d21c-4315-8f5e-248eb40f040e,Jason,Rubio,Male,1999-06-30,645.413.5996,ybrown@example.org,897 Stuart Branch,92337,2023-02-08T13:41:13
07fbb920-dd9d-4e4d-883e-dd69dc7abd16,Christopher,Pena,Male,1968-10-01,864-711-9913,dcollins@example.net,542 Williams Loop,17168,2024-01-25T06:43:44
a00e0b60-64ee-44c1-9714-fadcb3c4d030,Karen,Andrews,Male,1960-09-10,(538)743-5799,michael89@example.org,1747 Thompson Groves,82115,2023-08-30T23:38:49
6f689d65-61ae-4f21-a7f1-c18b61fe800a,Stephen,Sanders,Female,1978-08-06,528-889-5638,wrussell@example.com,10122 John Row,92228,2023-12-18T17:08:01
239a046d-7991-4c51-ac64-9adfa998c8e1,Trevor,Hartman,Male,2023-01-03,001-542-814-4835x45749,annamartinez@example.org,3093 Norris Throughway Suite 215,08780,2023-11-08T20:53:11
5c3bd3b5-ecaa-4afb-97e4-527a6274d240,James,Mercer,Female,1987-06-15,(306)289-9247x15756,beckchase@example.org,21239 Woodward Coves,23945,2022-03-07T08:27:36
df6b9b3f-ff59-4778-89d9-3a08277e0fbc,Michelle,Butler,Female,2005-06-14,423.428.5414,ofuentes@example.org,214 Flores Mountains Apt. 504,42686,2022-04-20T00:09:42
a5fcd671-125d-4206-82f8-65f8226001c6,Mary,Long,Male,2009-09-29,878.680.1159x132,jamesthompson@example.net,55469 Jared Stravenue Suite 931,05101,2025-06-30T19:27:10
a86de251-7c98-456f-a288-109db8a9b014,Natasha,Peterson,Male,1947-01-17,001-773-723-8154,shawntravis@example.net,2602 Mark Haven Apt. 930,82097,2024-05-16T00:49:48
2320de16-15ac-40e4-a2c2-3308fd7ee75c,Kathleen,Ferguson,Female,2005-01-07,+1-519-350-7867x969,eatoncourtney@example.com,6123 Carmen Shore Apt. 024,12434,2023-04-24T04:24:50
e4c1d210-74be-4b20-9c32-f8a06a7580e2,Matthew,Snyder,Female,1980-04-02,863.873.5332x70289,zmason@example.net,431 Paul Cliff Apt. 651,40438,2024-10-01T00:06:53
9f8d367d-6cfa-42dd-ae28-dccd9abbe46b,Christina,Kirby,Male,1963-11-27,+1-265-543-1055x771,murillokendra@example.com,608 Kelley Ridge Suite 935,68842,2023-01-16T11:33:56
d1f03374-8d53-4691-ac93-6f698269041a,James,Valenzuela,Male,1961-05-26,849-245-2125,wtaylor@example.org,040 Logan Union,40082,2024-12-08T22:47:09
6cbdd931-2f90-4058-b9ca-28265af56a23,Dale,Smith,Female,1943-11-16,+1-850-513-4742,lscott@example.org,7254 Holly Streets Apt. 453,79105,2025-09-19T06:42:38
bb1d23a8-d8c8-43b0-bf87-36f193f3c702,Jennifer,Smith,Male,1975-02-18,(740)581-7442,vrice@example.net,6820 Amy Plaza,13884,2022-06-22T10:17:24
ed3353fc-692c-4aae-84ed-98e280714c8a,Elijah,Logan,Female,1988-01-20,(214)828-0970x2097,michaelsloan@example.net,117 Banks Freeway Apt. 702,88412,2025-05-13T23:00:56
09b185d6-fa6d-41ee-8890-f5065df1bf6f,Michael,Harris,Female,2003-08-30,+1-970-486-0437x758,james17@example.org,153 Jeremy Avenue,26675,2025-09-14T06:21:51
948c7eb4-1cf8-470b-9e5b-2ad8b4732eb6,Misty,Rogers,Female,1987-11-13,001-364-774-1331,larsonwesley@example.net,422 Douglas Flat Apt. 543,02810,2024-04-16T14:16:43
baed6f49-245f-4841-947f-0413b0c46ddc,Nicole,Mendez,Female,1963-11-07,+1-349-513-1565x3667,ttorres@example.org,45228 Jason Islands Apt. 485,95551,2022-07-25T20:00:34
c02627d1-fbd1-40c0-9bfe-679afbcbd6ec,Madison,Larson,Female,2019-02-08,001-534-596-5775,gregory97@example.org,0641 James Square Apt. 540,20891,2023-01-30T02:49:43
85fab5ea-1407-4edb-8456-ce4f77061136,Jose,Stevens,Female,1963-08-01,2755016327,ashley41@example.org,69636 Jackson Drives Apt. 264,90182,2023-02-07T01:44:41
a1731ed8-78f2-461c-bec7-7a8f16a46b83,Shelley,Harris,Female,2001-12-21,(587)296-7467x26986,vazquezjamie@example.org,882 Maria Alley Apt. 671,79540,2024-03-06T16:27:59
af1f798c-13fd-4d26-ab31-0bfef5dd7f92,Paul,Phillips,Female,2017-10-28,591-685-1475x6160,theresa26@example.org,228 Knight Station Suite 141,99240,2021-10-25T03:02:46
9cf021b8-4fff-4b59-9462-8786cc502a89,Ariel,James,Male,1945-04-14,+1-759-229-3257x89088,mcarroll@example.org,7112 Derrick Forest,03714,2025-04-21T22:54:53
02c2b367-c74d-4df0-88f7-f09757f2a45f,Megan,Taylor,Male,1967-08-30,559.551.2920x72230,jill23@example.org,11399 Hines Mountains Apt. 879,21123,2023-08-21T08:39:18
92ef63c1-781f-4d3f-a7f3-39dc833de3ad,Andrea,Mcdonald,Female,1995-04-29,+1-823-860-8422,dalton44@example.net,7430 Moore Brooks Suite 814,89097,2024-08-23T21:39:37
fa4e8355-f5e8-47e1-9a58-9b676bc7b635,Teresa,Hawkins,Female,1976-06-05,001-391-398-7202,alejandrosmith@example.com,391 Roach Prairie,92966,2024-02-09T08:07:56
b1eedf64-090b-43ed-aae1-d0bc4a099088,Darren,Fritz,Female,2021-11-30,296.633.0507x495,john27@example.org,802 Bray Run,35064,2025-01-04T09:47:01
c8f72c2d-ba1a-4160-8dd7-962bbfda55c9,Sara,Hogan,Female,1991-06-25,769-336-2408,phall@example.net,70574 Benjamin Mountains,54361,2025-09-17T17:54:32
94010dfe-7921-4c7c-a119-ceee0fb91307,Erik,Perry,Male,1981-04-22,+1-541-752-5838x516,zholmes@example.org,4668 Shaffer Coves Apt. 290,13669,2025-01-25T22:37:49
4ab05699-fd88-4cbd-a804-94630d36f5e4,Brian,Thompson,Female,2017-12-18,+1-315-685-1185x8110,mwilliams@example.net,59682 Connor Groves Apt. 812,91366,2022-10-19T20:11:06
7c193e6f-496c-403a-86fd-01e69fd33d40,Matthew,Perez,Male,1946-11-14,(676)960-2716x8927,imullen@example.org,347 Burgess Keys,12129,2021-10-28T00:01:41
c8a4ae21-d9f8-40e9-93ad-3ead816ebf32,Deborah,Hines,Male,1970-07-17,430.680.2821x3114,guerrakevin@example.org,4469 Patel Radial,39386,2022-05-24T06:09:38
4674a0eb-47ed-46dd-9da4-ec0f21ee0f6c,Laura,Hart,Female,1965-11-08,790-201-9768x9334,greenchristine@example.org,03076 Jones Avenue,51238,2024-10-04T05:12:29
9a940c6c-1c8e-406b-bdce-4d4d03a2cee9,Sarah,Hughes,Male,1990-06-21,+1-946-448-2098,kayla18@example.org,692 Kimberly Glens Suite 055,58163,2022-05-17T06:24:20
a8be6c80-26b0-42c9-bd2c-f4eb977e3f2c,Melissa,Parker,Male,1998-07-15,(313)896-3620,clementstanya@example.net,72319 Bryan Centers Suite 686,32323,2025-03-31T17:19:00
c853bc55-42e1-4302-ace6-f908cecea5d3,Samuel,Garcia,Female,2010-01-06,(989)335-8404x705,mariestewart@example.com,416 Foster Manor Suite 157,15197,2022-02-14T13:09:26
8702f4ad-cca3-44c4-ae49-82cf7c239ebc,Lynn,Taylor,Female,2003-01-08,8189058935,lindahenson@example.org,525 Fisher Keys Apt. 335,80114,2025-03-01T04:37:17
f7a3f6a6-159b-458b-bbec-1ed857c4e2c3,Courtney,Brewer,Male,2008-08-25,6865186830,stephanie29@example.net,532 Hannah Alley Apt. 339,71821,2024-03-04T10:59:01
d66de2a1-2776-44d0-925c-7d37ef16d03b,Margaret,Smith,Female,1937-08-18,600-237-6584x901,ryan02@example.com,709 Cheryl Ridge Apt. 279,74376,2021-10-19T04:01:01
62173b7f-c536-42ce-a9b6-f3b7fe5b9fc9,Joseph,Lee,Male,2018-01-21,599-818-3864,rickyblankenship@example.com,3677 Stanley Station,60491,2023-02-14T19:43:54
2ad3136f-a338-47fa-b9db-138870aff6eb,Jacob,Jenkins,Male,2013-06-01,001-342-669-1548x978,vaughnjonathan@example.org,0508 Morgan Junction Apt. 562,35302,2023-01-10T02:40:36
0de84b63-5856-41fc-9782-5ea3bbff16e9,Megan,Ferguson,Female,2009-09-25,001-588-967-8950x1391,gonzalesjoshua@example.net,2013 Huff Via,86523,2025-02-16T04:59:46
0d722918-1db1-4e86-91cc-c8d3c1676505,Amanda,Collins,Male,2010-11-28,001-528-714-0462x4786,lmcintosh@example.org,273 Brandon Shore Apt. 345,39392,2023-02-01T18:46:56
79ec958b-4d26-4574-b9ea-5621661423a7,Randy,Porter,Female,1969-08-27,001-521-209-5496x86177,aknight@example.net,998 Sanders Manor,09433,2023-10-01T07:41:39
3bd13a43-8853-490b-ac26-4a0cc09f1c91,Andrew,Andrews,Male,1951-11-03,403-356-2576,krausejessica@example.net,80579 Brooks Burg,07684,2025-01-09T00:34:38
433b66fc-797e-43e4-a3db-a8c8b4a2b699,Jonathan,Hill,Male,1982-08-21,(363)905-7275x62202,amber28@example.org,3701 Dawn Station,51936,2024-10-03T13:05:23
49ee4969-0309-44c0-af4a-bfccdeca8598,Joyce,Levy,Female,2026-04-12,920.732.4893x237,nhenry@example.com,8532 Wilson Track Suite 842,55363,2024-07-13T09:53:21
50d0f83d-adb1-4e7a-a1cb-052772e5e892,Tiffany,Munoz,Other,2010-08-31,001-707-875-7465x8578,michael92@example.com,9346 Melanie Ridges,88113,2024-02-24T12:47:33
18ecde2b-0a80-4167-b4b3-f20eaed0fb57,Stephanie,Davis,Female,1982-11-03,(928)973-5118,oallen@example.org,8777 Wallace Lodge Apt. 971,02889,2022-08-04T14:53:52
d82010d1-f4c8-43a7-9a94-7a40a32e3ab5,Carlos,Herrera,Male,1960-02-19,279.760.6888x6742,ortegamaureen@example.com,2216 Jose Lodge Suite 186,42180,2025-01-19T11:51:53
45c87f41-dbbd-4290-a6ed-caddeb04cd29,Daniel,Hall,Male,1953-10-26,241-838-2987,gedwards@example.net,6017 Lauren Street Suite 939,54867,2023-09-27T19:29:57
415e3805-1928-4ae5-8d64-9aff445fdde1,Benjamin,Forbes,Female,1981-04-30,(722)964-1246x552,mchurch@example.com,8320 Erik Mountain,94427,2022-04-19T13:03:34
acdfe0ff-c5ed-4982-b60b-36736422a73e,Christopher,Delgado,Female,2003-11-19,6029149800,lisa55@example.com,43282 Nicole Cliff Apt. 218,83676,2022-10-17T20:11:37
c53f4f7e-96b6-4287-ac00-f929bbfbf76c,Robert,Carpenter,Male,1971-07-06,+1-983-559-8084x698,beckyharrington@example.com,6271 Steven Road Apt. 446,80474,2024-01-02T07:02:43
fe43541a-b0b6-448c-ad7e-eff756604762,Joshua,Elliott,Male,2019-05-26,001-809-406-6094x7830,ucarter@example.com,44463 Douglas Pines Suite 209,23144,2023-09-20T16:41:39
022b7e76-ac3c-4e34-82b5-3d3d8c30563f,Kevin,Sanchez,Female,2012-12-13,3987112202,huertadeanna@example.net,36840 Roberts Coves Suite 523,64536,2021-10-20T14:04:57
8677b81d-1902-493b-a947-9974030fe73e,Aaron,Medina,Male,1997-04-15,575.619.0032x2607,shicks@example.org,7484 Nelson Roads,29236,2022-02-05T23:32:32
b9aa06f5-382b-4b11-99fc-faeb722944a9,Kimberly,Montoya,Male,1964-03-11,(933)585-4376,burgessamy@example.net,96459 Gardner Dam,36078,2022-08-24T10:51:42
9e90d107-0611-4bfe-88b6-f61d316da914,Christopher,Taylor,Male,2026-04-25,425-558-8983,woodsdavid@example.org,7067 Stephen Village,81736,2024-10-05T04:23:29
e4db04c8-a817-4c85-9819-7749f041e4f7,Emily,Kaufman,Female,2024-06-30,+1-324-745-4759x7113,fmcbride@example.org,024 Paul Hill,42089,2024-04-29T14:42:43
1f2da344-a359-4667-9971-4b2bf3533e8a,Jessica,Patterson,Female,1967-03-08,001-246-284-5831,melodypeters@example.com,63275 Mary Overpass Apt. 926,40569,2022-07-21T15:01:34
9accb00d-db3f-44a2-961d-6acf1eb6d1f0,Daniel,Smith,Male,1967-10-18,+1-872-688-0736,pwilliams@example.net,901 Alvarado Viaduct Suite 335,54771,2022-05-19T09:10:11
a5dd2836-e65f-49fa-838c-2eafa8097a77,Jacob,Cook,Female,1939-05-23,(211)418-7000,davidbrown@example.org,208 Barbara Knolls,50764,2025-01-10T20:31:56
1c6057fe-e560-4cfb-af4c-fefbf79828a2,Brandon,Duncan,Female,1939-11-23,966-717-1014x7824,mackrebecca@example.org,6506 Murray Meadow,05577,2022-07-19T09:00:14
a9151364-778a-469f-8b68-d94d40da9c7d,Steven,Gillespie,Female,1952-04-01,(703)450-2450x63270,robin69@example.com,4686 Owens Trail Suite 691,36945,2022-06-22T23:44:37
fec88839-ec35-43de-b414-e3e1a3871e92,Jennifer,Torres,Male,1938-02-16,6019374378,smiththomas@example.net,22583 Timothy Tunnel,22053,2024-07-02T00:16:44
aae6787e-e744-4a30-b135-6d676d4ec8a4,Jessica,Pitts,Female,1964-03-22,001-934-850-1541x7765,smiller@example.net,05911 Martin Street,35645,2023-11-23T10:59:31
c7de01a9-2976-4b0f-81e0-cfaf52ca9ced,Charlene,Allen,Male,1965-01-22,+1-334-789-1402x6963,cynthia80@example.net,757 Murray Courts,90888,2022-09-02T16:56:50
637aa999-61ff-4d9a-8ff8-9e8ac6f06a71,Daniel,Hickman,Male,1966-03-02,001-282-337-0844x4685,crystalmiller@example.net,418 Thompson Fork Apt. 645,59951,2021-12-18T17:56:28
d013b7a3-f4a2-4332-821b-ecca0f6000f3,Cameron,Hensley,Male,1996-11-05,837.201.0653,kelly97@example.org,9310 Natalie Expressway,85341,2024-07-11T01:27:30
fabb6609-7de1-4a85-91c4-194a70c98336,Timothy,Edwards,Female,2017-02-19,+1-790-860-4186x960,gshields@example.org,921 Valerie Island,66385,2023-08-08T13:44:35
a53e62ba-2dae-42c0-a483-b0e79c3cbe9d,Kevin,Ward,Female,1968-01-31,6974533631,ghinton@example.net,75686 John Island Suite 964,87992,2024-09-05T01:39:37
6e66a273-c4ca-40d7-8a66-de6724d4d5a3,Gavin,Johnson,Male,2013-01-15,001-992-755-8300x35808,psims@example.com,108 Cameron Highway Apt. 192,58258,2024-11-07T06:03:02
710b7fa9-e9a0-420d-9b33-2e43a4b1cf6a,Vanessa,Boyle,Female,1995-12-28,334.907.9328x18167,hwade@example.org,0207 Samuel Parks,41251,2023-02-16T11:28:15
12068ad6-12aa-4a4b-88ec-a4c81a71064d,Spencer,Gamble,Female,1950-02-14,591.284.8000x0013,jenniferhill@example.net,0113 Daniel Shore,83893,2024-02-23T02:29:03
04cdc4e8-7225-439d-86f9-03cf40271514,Michelle,Hobbs,Female,2014-09-26,(677)724-4376,ujones@example.net,8915 Jamie Locks Suite 974,64383,2025-07-12T13:51:23
0038dc84-a3ed-433a-a722-2ea2261b5048,Bradley,Cuevas,Female,2016-02-21,548-571-9290,meganbennett@example.com,789 Stephens Cliffs,18276,2023-05-17T00:49:57
26cfbf51-4435-4e6f-a3f6-bf77aa239ba2,Richard,Vega,Female,2014-09-28,869-892-7708,stephen48@example.net,9775 Henry Orchard Apt. 800,61104,2023-02-14T13:07:49
00f2baa4-931b-4fae-a42e-3a16e79503fb,Austin,Briggs,Female,2007-02-23,(933)673-3934,housejennifer@example.com,865 Williams Gardens Suite 460,98002,2024-12-06T06:24:48
7a675870-7d9d-4b3b-855f-a445f09e0302,Karina,Moore,Male,1998-05-12,421.233.0587,tonyarowe@example.org,7693 William Plain Apt. 707,78941,2024-11-18T09:16:51
cff14c0e-c7eb-4d43-ba4e-f72fd8139af7,Brandi,Jones,Female,2017-08-04,001-906-623-1543x4491,ismith@example.com,1172 Lynch Roads Suite 963,34068,2022-08-18T05:58:20
62699a44-00d8-4046-b9d1-19508a45e02e,Roberto,Greer,Female,1942-03-02,+1-841-462-6724x089,tbrown@example.org,56670 Erica River,10544,2023-12-10T21:47:50
1f0733df-7b68-4323-87a2-ee6fd166eb08,Steven,Marshall,Female,1936-10-02,259-499-2071x898,christiangarcia@example.net,50346 Miranda Roads Apt. 734,12284,2025-10-04T22:49:03
555c4e18-5be2-424f-bdd9-9681ef5eeca5,Tiffany,Nolan,Female,1970-09-17,546-555-4512,michael16@example.com,6630 Patrick Fort,67679,2023-07-10T12:25:49
ff3c6d4e-a1dc-4cab-8e21-3ce5668eb10e,Jennifer,Hicks,Female,1981-01-21,2073443525,gutierrezjerry@example.com,66967 Hunter Courts Apt. 414,45350,2022-05-28T22:45:01
da74a056-88dd-44cc-9d87-edd21735f36b,Joshua,Chase,Other,2010-04-16,(649)215-3509x04351,mhurley@example.org,651 Duane Motorway Apt. 004,81533,2024-07-22T15:45:08
c2ad0d97-75aa-4cb0-9757-ad381498d0dd,Brandi,Glenn,Female,1994-03-10,001-243-384-7098x19205,ptrevino@example.net,362 Aguilar Forges,18077,2025-06-22T17:32:41
8df21ad5-2d36-4b7e-b3ff-b402a5d5bbf9,Andrea,Ward,Male,1952-01-23,292-249-1283,pthompson@example.net,392 Cox Mall,65233,2024-03-12T15:55:00
4c82c445-30e5-4543-a925-de8562588ce9,Christopher,Cole,Female,1952-06-01,+1-796-307-9117x29233,jessicaward@example.org,56287 Jennifer Knoll Apt. 409,33752,2022-03-18T05:16:13
b057fcd4-a170-4e8e-9b55-2618e57e72d3,Joseph,Griffin,Male,2003-05-01,468-628-9821,paul21@example.com,2970 Alexandra Walk,84723,2022-12-24T21:03:08
701fb3ea-a1fe-4bc6-a29d-650a15b98c20,Dawn,Horton,Female,2025-07-23,+1-573-822-3224x2637,moorejohn@example.com,87847 Carr Harbors Suite 741,58537,2023-07-29T10:53:15
067e4b72-316e-4645-8923-85fe23d34d22,Larry,Nelson,Female,1946-05-18,7575940652,bethchen@example.com,8345 Barbara Radial Suite 508,85972,2024-09-25T17:05:39
638644e0-7d3e-4830-bd0d-5c8f97cb4585,Cassandra,Webb,Male,1971-09-04,828.415.7066x2501,anthonylee@example.com,49487 Juan Glen Apt. 615,23031,2025-09-15T08:03:59
7feb4cf3-4ec7-4371-a4b6-5cfa8a619e64,April,Avila,Female,1968-02-11,4562820808,adavidson@example.net,09252 Adam Squares,78276,2022-12-07T15:17:15
f7716700-7305-4d23-8fd0-b040d5916d49,Katrina,Gonzalez,Unknown,1982-10-16,+1-447-791-3027x92990,johnsonlaura@example.org,9825 Armstrong Turnpike,75294,2025-04-17T00:44:02
5674b9e2-0e59-45aa-96db-638a097ba119,William,Fox,Female,1981-01-30,+1-243-926-0322x408,amay@example.org,171 Williams Light Suite 246,02270,2023-12-03T19:47:40
36308a60-1e41-42bb-a7cf-5ce00af5e4a9,William,Lutz,Female,2015-06-16,(892)808-5151x228,smithashley@example.net,494 Curtis Mills Apt. 590,31264,2023-06-30T17:02:55
f0a9b97f-7557-428c-85eb-2b3faad53fb8,Kenneth,Morse,Female,2002-03-25,872.659.0125,josephperez@example.org,671 Collins Shoals Apt. 959,78478,2024-12-30T05:12:53
bdb58d06-2621-432d-895c-167fdfcf338c,Phyllis,Pratt,Female,1946-11-21,001-347-270-0719,michaelrobinson@example.org,217 James Branch Suite 155,70372,2024-11-02T08:49:40
bc4716ad-0970-409d-9270-c935ecc0baa6,Sarah,Brewer,Male,1994-10-26,(331)343-8706x11542,cheryl91@example.net,659 Wilson Ford,31011,2023-06-12T07:37:42
e83cdff9-78a1-4988-84e1-502aa76180c7,Destiny,Henderson,Female,2010-06-12,343-213-7400,petersenadam@example.com,224 Young Lights,46026,2025-01-21T07:12:50
a616dde4-b388-400a-be20-718a0bb9a8f6,Joseph,Gillespie,Male,1978-07-14,789-381-9785,wgeorge@example.com,9803 Richardson Station,34129,2024-01-15T16:19:15
e797f3ae-0cca-4c05-a1f6-19ed2c1882c9,Stephanie,Harris,Male,1974-05-15,+1-840-380-9100x695,jacobmata@example.org,7926 Roberts Track,92249,2022-10-12T13:46:10
9c794cdb-74c8-4361-98e8-24e9cb2fbbc3,Jasmine,Griffin,Male,1936-02-29,299-390-6408x10671,xhanson@example.org,9208 Murphy Stream,65878,2022-12-31T19:23:43
d145bd7f-d15b-4a37-905f-86aa974e8f83,Beth,Gomez,Male,1984-05-27,001-583-693-1856x654,gmoses@example.org,881 Taylor Union Suite 320,11107,2024-04-24T16:44:01
9d99d4c5-cc96-4f43-9850-70727f44cbca,Steven,Fuller,Male,1965-06-05,7787176232,millerjoy@example.net,77615 Amy Mission,66412,2025-06-04T19:49:40
565c1e3f-6d1c-41d6-b3e0-4a38cdf0aaba,Joseph,Martinez,Female,1988-09-17,360.404.2597x657,jonathan58@example.com,519 Brown Ports Apt. 140,91296,2025-07-03T23:52:33
66ea0949-adab-4b01-bce8-e033fb70fbf3,Briana,Smith,Male,1977-01-28,+1-944-596-2521x6538,ellisrichard@example.net,5244 Alexis Ville Apt. 157,77731,2024-04-17T17:06:49
8bbf1b30-9372-42e6-af20-6a9df9d18507,Troy,Sullivan,Male,1983-01-06,+1-511-824-5077,marklowe@example.net,801 Victoria Mount Apt. 662,27543,2025-05-30T23:41:02
36965c84-cb08-4605-b6f6-1488d62015f0,Rebecca,Lucas,Female,1984-07-04,(760)317-7265,davidbooker@example.org,4270 Emily Ville,72700,2022-04-25T05:59:34
102f4f5c-55e3-4295-ac67-10bd97d46f61,Jason,Lucas,Male,1953-10-25,+1-300-725-3046x7407,jessewolf@example.com,8356 Stephanie Streets Suite 531,67223,2022-11-14T04:10:55
2b056167-6a47-4ddf-81ee-cd7a2428185a,Amy,Mahoney,Female,1967-12-30,864.692.1529,stephanie71@example.com,93032 Cody Trace Apt. 701,67596,2022-06-07T15:20:13
3e5f7e23-704c-49e2-aa3d-d7698dac210d,Molly,Miller,Female,1981-04-12,274-312-5121x88334,eandrews@example.net,5576 Reilly Throughway Suite 253,54368,2023-09-09T11:37:20
ca826730-1997-4e2e-a224-98130a6b3e3d,Martha,Garcia,Female,1952-06-26,001-420-534-5741x7565,williamsdavid@example.com,37166 Perez Forge,87279,2024-11-15T17:09:02
28628b4e-c714-4549-a04a-1fe29cc8f772,James,Lloyd,Male,1984-02-29,799-497-2111,scottkirk@example.net,067 Mccoy Crossroad,06722,2024-06-19T20:34:48
01d96e96-01a0-4047-94aa-3ca37ca9e68f,Stephanie,Hale,Male,1951-08-21,001-217-231-0109x1046,jacob04@example.net,6865 Andrew Plaza Suite 372,18255,2023-09-22T00:07:21
97feb937-a6d9-47a1-b4ec-fe8d16d1f5ca,Kendra,Maxwell,Female,1967-01-31,001-629-202-5324,amejia@example.net,7765 Lewis Knoll Apt. 891,34096,2023-07-28T14:14:15
cad04982-ceb2-4a32-b189-727f6a8d8a70,Joel,Jones,Female,2025-01-27,001-945-334-7491x16084,dustinlewis@example.net,494 Gibson Unions Suite 848,47044,2025-02-09T02:23:15
24a167fd-34c6-4a9b-a07c-0594b13e655f,Elizabeth,Osborne,Female,1978-01-04,451-842-1572x9914,castillojeffrey@example.net,3827 Floyd Shore,52478,2022-04-05T10:42:15
3d3fbbec-697a-4294-b34e-ab1085e9054f,Shelly,Anderson,Female,2017-07-28,(854)952-5913x720,qlittle@example.org,780 Melissa Ridge,95505,2022-09-05T14:33:22
98a547b2-09a1-4b34-b111-84e79c4c37b3,Jonathan,Hansen,Male,1957-08-31,5754391919,hicksjennifer@example.net,73984 Morgan Lake Apt. 681,45815,2022-03-03T07:06:19
16888e84-f346-4be7-9caf-4bfe7ff8a2c6,Gail,Baker,Female,1953-11-19,685.566.2176x272,mullenkevin@example.com,1499 Cooper Run Apt. 144,50954,2024-12-15T20:12:17
6b358d15-590c-4e67-8d1b-6d80c8575c8a,Jason,Stephens,Male,1979-07-08,345-501-2221x98848,andersonbrian@example.com,89893 Wendy Squares,20425,2024-07-19T21:56:16
fc920c73-1e14-4e04-b120-8bde3c52d68a,Sandra,Hernandez,Female,1941-02-25,(841)576-6970,angelagray@example.com,0009 Freeman Islands Suite 962,48387,2024-08-07T13:38:32
dcdbf14e-5ca5-4057-9e71-9a56187ebca4,Maria,Bell,Female,1938-03-31,001-612-513-5530x1253,ydaniel@example.com,0675 Evans Brooks,28095,2024-06-12T19:19:45
76d6dc39-3822-4b0d-81ee-30e48a2b466e,Christopher,Robertson,Female,1960-09-26,719-745-7205,franciscosanders@example.net,5026 Lindsey Bridge Suite 836,07550,2023-09-26T23:41:11
0d95ee72-46c3-4497-b546-9cb1a8c9aa31,Erik,Galloway,Male,2004-03-17,299-339-2886x6898,rosserika@example.net,544 Anthony Extensions,87040,2022-09-01T15:37:00
d80213ba-af6c-4278-a633-1cc6cbeed3e3,Julie,Coleman,Other,1970-06-01,001-216-437-0727x42005,linda07@example.net,778 Brandon Greens,67061,2023-05-05T07:17:25
28e60130-2d23-4ed1-bf5d-21f279731ea8,Brenda,Mays,Female,2017-02-04,2546248784,saundersvictor@example.org,88779 Boone Club Suite 699,21550,2022-05-04T05:50:38
5d3bc1d3-a515-4982-8dd4-c0e60b099fcc,Brittany,Donovan,Male,1962-12-03,590.516.8840x476,normanheather@example.net,9141 Pena Valleys Apt. 842,61746,2025-07-05T12:17:31
9de7df7b-5594-452b-805a-8e7e6f46a41f,Shirley,James,Female,1997-12-04,816-553-7466x785,sgarcia@example.org,11685 Ewing Dam Suite 171,56898,2023-12-28T12:41:04
1abb574e-0b16-4ac4-b401-7bb3c2270738,Troy,Henry,Female,1958-01-29,563-343-2510x11028,ashley14@example.org,12017 Mcdonald Squares,73914,2022-03-02T05:46:04
2875ad5d-2d06-4862-8990-779cecc3b699,Wanda,Parks,Female,2013-02-28,(419)642-3802x12458,gbrady@example.org,92785 Adams Fields Suite 425,36481,2022-07-12T15:00:05
1223d906-1db6-4101-83d0-bae77c2cfbcf,Erica,Shelton,Female,1944-01-14,(469)215-4666,lhampton@example.net,23187 William Loop Apt. 344,46429,2022-10-01T14:03:58
946b4482-97bb-4fbf-b1df-c82cb8addf54,Brandi,Bautista,Male,1942-02-19,+1-229-403-8569,joshua27@example.net,2684 Rodriguez Wells,89436,2025-07-09T00:28:14
e5fbc1c0-ad46-4549-bf41-13cb32e15f17,Kelly,Proctor,Male,2017-05-09,4448751537,copelandryan@example.net,82000 Brooke Plain,01623,2023-07-24T18:32:45
3a4fece7-537d-46c6-9c31-aaf3c76aec88,Dana,Cross,Male,2010-12-06,(446)455-3092,davidpalmer@example.org,035 Kim Extensions Apt. 327,19327,2022-09-23T16:42:30
33304e33-deb0-4e7d-a99f-db02bcdd0b48,Kevin,Taylor,Male,1945-06-26,001-460-483-8814x89948,ginalee@example.org,6199 Miller Pass Apt. 863,19730,2025-10-02T11:34:33
95c89b2d-7892-4145-92d2-d7e6387d5add,Ruth,Rodriguez,Female,2023-04-21,675.921.4554,ericjohnson@example.org,997 Barton Expressway Apt. 597,26799,2021-11-26T20:34:09
3756999b-251a-4f0e-af94-da50e3f713a7,Jeffery,King,Female,1985-05-29,+1-508-237-4320x0608,bfreeman@example.net,5859 Conway Course Suite 733,30989,2023-03-08T18:00:30
5f9cb7e0-6328-443e-ad95-63ed747a4829,Wendy,Mason,Male,2003-08-28,001-890-323-8940x56947,stevenrodgers@example.net,07962 Weaver Ports,80939,2023-04-10T00:40:08
5bcc90fc-a1cc-42d8-b1b4-2308b8463413,Eric,Baker,Other,1953-11-05,001-375-961-7372x01701,danielle56@example.com,7351 Pamela Motorway Suite 449,79864,2025-02-16T21:51:41
083759f8-2090-435e-95fc-f99133c417d5,William,Huerta,Female,2002-08-02,467-678-8030,jefferyrhodes@example.org,334 Rachel Neck,16283,2025-01-31T03:26:56
1c71a821-22f1-432b-87d5-ac920f4555da,Luke,Edwards,Female,1938-04-02,693.503.8035,serranojohn@example.net,29504 Kellie Plains,65858,2024-10-02T13:12:41
c2a59d7b-2bd3-4971-ab10-b78675656daf,Michael,Abbott,Male,2012-10-23,532.829.2780x992,morgandavis@example.org,04678 Lozano Canyon Apt. 816,76365,2022-01-21T02:17:17
2823442c-9a87-4357-8b8f-b475e2ebb2d2,Robin,Webster,Female,2009-12-26,(370)776-9864x4491,williamsmatthew@example.net,2557 Alexis Cove,66574,2024-12-11T15:35:04
e7d3f770-9c8d-4ade-b3e8-16b5a353ea98,Brandon,Snyder,Male,1981-09-11,442.930.2272x75215,johngrimes@example.net,41663 Robert Mill Suite 972,61465,2023-08-24T01:44:39
3acdc514-dae1-4b28-8d81-64b0f85ad287,Steven,Valdez,Male,2005-01-11,001-846-505-3465x740,hannah86@example.net,64629 Annette Track Suite 736,03049,2023-02-26T06:02:02
dcb913b4-7d3d-46ca-8592-a38fdb62a1f7,John,Wilcox,Unknown,1936-01-16,+1-511-300-0778,jessicaharris@example.net,98703 Jacob Centers Apt. 933,82419,2024-08-20T11:57:51
7677a166-d644-49ae-b936-931e9771d80b,Edward,Wells,Male,1970-11-27,+1-445-645-4472x7879,laura71@example.com,66867 Martinez Avenue Suite 137,56740,2024-05-11T20:52:17
df629d0c-bc76-47a0-ad98-a416bae27198,Terri,Oneill,Male,1961-10-09,961.282.5930x878,thompsontonya@example.org,63581 Hamilton Club,04905,2022-07-04T02:41:56
38efa3bc-9457-4388-af2a-ec8a53c9aacb,Susan,Price,Female,1958-12-20,001-551-993-3562x844,laurenwhite@example.net,12520 Joseph Ferry Apt. 918,21032,2023-11-24T15:06:02
e9ebd446-2622-40d6-b23d-9820977e5877,Kathleen,Wilson,Female,1975-06-17,696.266.7830x3172,nancyalvarez@example.org,6848 Kevin Shoal,13832,2024-10-19T23:29:00
0b5246f3-faed-4777-aaf3-1899014cc3a1,Caitlin,James,Male,2012-06-09,+1-818-745-1920x849,kristinarogers@example.net,56845 Heather Center Apt. 075,23385,2024-02-07T22:04:30
81145252-c4c3-4368-bbc5-1a50787cb0d3,Shawn,Cervantes,Male,2018-07-26,+1-572-325-7502x259,olivialopez@example.com,4495 Garrett Gateway,89754,2021-10-29T03:27:38
cf4994e0-7ab1-4533-a4f2-2a7c87f797fa,Shawn,Stewart,Female,1953-10-20,246-977-2396x77839,patricia63@example.net,6267 Smith Square,76306,2025-04-29T03:31:39
7ecb002e-73d3-428c-9916-79d3d24025ea,Melissa,Johnson,Male,1964-02-28,322.691.7648x036,kevin02@example.net,565 Elizabeth Islands,98471,2023-12-29T04:50:12
b172ec53-032e-4730-80c9-c3ed8ef90060,Juan,Turner,Female,2022-10-06,592-728-3560x229,millertony@example.com,69380 Ryan Lock Apt. 704,30498,2023-03-16T08:10:11
5bc07988-21f9-49e9-b7cf-45f6f32ede3c,Ellen,Garcia,Male,1986-09-30,+1-531-372-6108x456,sean96@example.org,5088 Ward Isle,66775,2025-03-26T10:05:44
0413ffc7-173a-4c96-bfbb-4bcca5cbbf6f,Luke,Barron,Male,2016-02-16,+1-378-381-6680x965,tmitchell@example.net,21778 Carter Mountain Suite 770,52513,2021-12-08T23:56:37
75938f5a-b40b-4353-a96b-e9034e09c596,Abigail,Little,Female,1982-04-18,001-758-683-4856x4327,mccannchad@example.com,2770 Sarah Key Suite 266,99645,2024-06-03T16:47:12
f9f6b641-063f-461e-956a-bfdfbf4e2e46,Anne,Miller,Male,1943-07-03,(327)892-0085x463,sarah60@example.com,493 John Isle Suite 838,68752,2022-08-17T15:20:41
b400a5e1-dfcb-421b-a37c-db55c596fab7,Jessica,Walker,Male,2024-10-06,449-432-5485,everettlindsay@example.com,3479 Moon Trafficway Apt. 090,03311,2022-05-31T23:31:41
a076aed6-5ed3-400e-9f1e-04cbca342e3c,Megan,Cantu,Male,1935-10-13,2038266617,kyle99@example.org,77650 Michelle Rest Suite 250,99851,2022-02-17T13:14:38
a0970ff4-dc42-4980-8059-5e29a226a75b,Eric,Hess,Male,2013-11-15,953-353-7592,vlin@example.com,2429 Jason Burg,14840,2025-04-04T11:36:30
87ea651b-5539-462b-b0d5-08a9e4b81e89,Elizabeth,Gallagher,Male,2000-05-01,+1-601-377-4460x83486,apaul@example.com,23315 Joseph Parks,49956,2022-07-04T05:46:58
b2b3bb39-4510-4aad-80bd-44c06d07ee0b,Dakota,Burns,Female,1945-07-01,+1-403-575-1416x4866,mcraig@example.net,8602 Dominguez Ville,54650,2022-09-08T01:51:25
35078c5d-cb62-45b6-9342-3b4f8add06f9,Paige,Richardson,Female,1984-03-10,+1-701-521-9914x9952,barbara30@example.org,4970 Moody Road Suite 459,74897,2022-03-13T02:19:47
55f01600-e17f-448d-9ed6-270514b9bb4d,Jordan,Hernandez,Female,1945-05-03,3205388707,sjohnson@example.org,10046 Franklin Knoll,19410,2022-02-11T00:05:56
e8f60796-f200-432c-83c5-c5100e082343,Billy,Brown,Female,1974-06-23,+1-865-442-5568,gabrielbrown@example.net,4171 Michael Wall Suite 739,96461,2022-05-19T09:53:56
620956a8-1c68-4db0-8d33-3496e3528539,Christine,Wolfe,Male,2023-07-02,(790)370-6487x23583,owalter@example.org,7700 Meyer Square,01456,2024-09-09T18:15:18
5dce8d9b-5d96-420d-8a76-bd919e7f87a7,Stacy,Myers,Male,1998-08-31,525.553.8274,heatherfoster@example.org,0634 Stanley Summit,89649,2024-12-01T03:15:27
8f8dd995-1127-4cb2-b472-99b68f0ce422,Derrick,Sampson,Female,1936-02-26,246-746-7503,rachel18@example.com,39710 Heather Brooks,36709,2024-12-25T04:49:54
55bdf39e-fb33-4e61-a36e-900734680b6e,Joseph,Robinson,Male,1985-04-01,001-909-880-9934x09600,elizabeth65@example.com,25277 Mills Mountain Suite 564,41358,2022-05-16T06:32:11
bcc4f087-7a7e-4c31-a627-61671d121daf,Bonnie,Snyder,Female,1982-03-19,6196325267,michelehines@example.org,6095 James Turnpike,13911,2022-12-08T23:36:23
b3ed8f33-f587-426d-9f02-774d9482b42f,Chelsea,Cole,Male,1974-12-05,(303)457-7793,brent93@example.net,362 Virginia Overpass Suite 533,96357,2023-10-03T18:53:28
5209eaab-39b6-410e-82c9-6b28beb96a4a,James,Evans,Male,2001-07-09,763.606.5858x276,ngates@example.net,8973 Danielle Station,64938,2024-12-21T10:46:48
6c451540-ae23-46f3-80e9-b30044719067,William,Flores,Male,2007-07-25,944-829-8368,hansonsteve@example.org,1155 Pratt Cape Suite 498,16573,2024-02-29T01:17:16
73d12f3e-5860-44f4-9f70-b9511038f676,Adriana,Pope,Female,2018-03-19,(411)958-8901x7187,colonjessica@example.com,156 Deborah Green,24895,2022-01-10T00:09:32
785ca87b-1f69-42b1-945e-087f86d4aba8,Peter,Brooks,Female,1945-03-06,001-416-397-6905x43526,jennifer19@example.net,232 Mccarthy Bypass,91872,2023-10-14T11:36:56
e6426f0b-8869-472a-934c-0a09ada59cb2,Kimberly,Martinez,Male,1997-03-28,(292)712-3034x899,zmarquez@example.org,2104 Clark Via,09240,2025-02-17T07:35:39
ac5dd02d-ccc6-4ffd-9e3e-ce609ef6a99f,Charles,Holt,Female,1997-09-04,7196878350,michael31@example.net,12547 Susan Ports,76545,2023-11-23T12:52:56
e214d458-f0dd-4de0-ba63-bde0cf0d3f06,James,Morrow,Male,1967-11-18,(405)640-7647x186,robertvaughn@example.org,5394 Kimberly Village,18032,2025-02-02T16:48:28
1659ddcc-7537-4d14-a24c-724be453c4c2,Andrew,Wilcox,Male,2008-03-02,958-845-8402x227,andersonangela@example.org,7252 Garza Terrace Suite 445,16612,2024-10-18T16:43:04
f5504c52-49d2-4ac0-adc6-9c90e5dfc7af,Linda,Johnson,Female,1995-08-29,942.310.8306x3443,vegaapril@example.org,5423 Lucero Junction Apt. 497,16957,2023-02-04T06:45:08
1cada48a-46a4-4ee1-aa2e-1e6a1bff56f4,Valerie,Barnes,Female,2019-12-21,232.525.3502x27746,aprilvasquez@example.org,0587 Chandler Dam,21820,2022-07-18T18:43:17
344a21b7-dfff-4cea-a687-0a987f0f6662,Kristina,Sweeney,Female,2021-01-17,+1-920-504-0234x20338,nathan35@example.org,15638 Richard Mall,74666,2022-12-17T01:55:42
6aa22571-4b0d-4716-85cf-079ea0952c4d,Danielle,Lopez,Other,1981-11-18,669.749.1997x85134,john29@example.com,3759 Savage Drives Apt. 188,69359,2024-07-25T12:51:58
7951d52b-21cc-4ba7-ae85-4c728a9b7b20,Phillip,Sanders,Male,1992-10-05,(833)442-8091x1541,catherine77@example.org,491 Sandra Spring Suite 065,84780,2022-12-02T05:36:59
057fdd20-a50a-4a29-bcda-835f71a0cff8,Vanessa,Sanders,Male,1948-10-13,(767)349-0753,williamgreen@example.com,93349 Henderson Isle Apt. 582,20799,2024-10-07T11:56:29
cd4f2875-df2d-4f20-85a4-3113101d759e,Stephanie,Lewis,Male,1942-12-10,+1-347-460-5967x656,anne83@example.org,1467 Perkins Streets Apt. 892,49210,2024-08-17T16:30:29
55fc0f2b-a509-49f1-8505-d91df28bffb9,Frederick,Gilbert,Male,1974-09-23,+1-893-873-5290x8311,qnorris@example.com,732 Stephen Place Apt. 169,33695,2022-11-02T07:58:38
c96d525e-a563-4cf4-a7df-eb9257c13f7e,Mary,Alvarado,Male,1955-03-29,(697)218-7015x3987,karen19@example.org,985 Meghan Orchard Suite 261,41330,2022-04-29T22:44:56
87b8f95c-b265-46c2-aa75-7eeb97e642d6,Donald,Wallace,Female,1939-08-22,351-222-8589x3708,michaelvega@example.org,910 Larry Ways,76836,2025-09-20T07:52:56
913767ab-4dd8-4715-b53f-f3e271fc5136,Harry,Morales,Male,1952-03-02,(585)349-9726,brian10@example.net,7042 Petersen Mission Apt. 354,88417,2021-12-18T22:59:30
ca0d72ce-2bf6-46c4-8e76-74e9ca12ba49,Maria,Hughes,Male,1956-02-22,001-382-835-9848x8769,tammy84@example.org,23496 Michael Row,27271,2024-12-27T16:00:59
49c3f48b-f881-4f18-9f34-fd6c7bf75b57,Vincent,Mccarthy,Female,1955-09-01,923.252.6436x113,taylor62@example.net,5487 Joanna Center Suite 461,35486,2023-05-14T11:16:49
48cd42c0-5a66-419e-a5f9-80460c1d180e,Ashley,Ramirez,Male,1969-01-31,756.501.6685x86778,kurthayes@example.com,303 Frederick Well,80698,2024-03-12T21:09:47
29298691-ec93-443d-9e5e-8cfe2a96c526,Anna,Martinez,Female,1938-09-15,886.515.7423,adoyle@example.net,1718 Morris Plains,03298,2023-09-16T22:14:07
2ce4599d-f924-48c3-aea9-ef6c4905eb93,Justin,Powell,Female,1951-08-03,001-520-846-5456x566,peterhester@example.net,92223 Rebecca Throughway,24497,2022-03-07T19:48:10
cb618d75-aa96-4dfb-a79b-265ab15f3994,Brian,Vasquez,Male,2013-06-11,+1-220-348-7937,jesserogers@example.com,775 Christopher Rapid,17519,2024-04-11T09:21:03
fe67e8e9-0a88-46ca-9dee-4b6d3ce75d1e,Marissa,Oliver,Male,2020-01-10,(901)633-7045,batespamela@example.org,491 Tina Rapids Apt. 823,54435,2024-03-27T02:41:42
5ea2d56b-42aa-4bc7-b0de-13fc2060917a,Roberto,Collins,Male,1968-05-14,+1-226-583-1380,annarivas@example.com,361 Ball Circle Suite 761,79908,2022-12-30T15:19:51
aa61b32f-08e1-424e-b506-c24d8fff29f7,Nicole,Oneal,Male,1993-01-04,658-418-1106,frankyoung@example.net,895 Dawn Drive Apt. 108,79036,2025-02-21T22:18:09
72cc3fc5-5f77-4a7a-a5df-ac0758065bae,April,Jones,Female,1936-09-28,623.622.7478x3019,smithstacey@example.org,4253 Carter Grove Suite 178,43957,2024-02-08T03:02:44
1f19f85b-4d33-4569-889c-d33d299fff30,Jose,Goodman,Female,1941-08-30,(339)728-3109,mdurham@example.org,3979 Sarah Garden,41168,2025-08-06T22:00:08
c4bd9b59-7fd9-496f-ae5a-88566791659c,Christopher,Caldwell,Male,1956-07-11,625-605-9631x0626,bautistataylor@example.com,896 Hannah Meadow Suite 296,16929,2024-11-05T21:31:25
27f31b78-51f9-4d77-ad85-0a6d75422851,Misty,Turner,Male,2015-08-14,458.510.1410x0825,hughescolin@example.com,251 Clay Underpass Apt. 049,55098,2021-11-15T15:33:07
81e58eee-f9c0-4d4d-8bd0-3267bd0e01ce,Madison,Hill,Male,2012-07-06,2506849517,lindsaymalone@example.com,87887 Mcfarland Lights,29907,2022-06-15T14:16:51
e55ec749-7952-45ad-8ba9-9d78b49875d0,Gabriel,Goodman,Male,1970-05-19,913-233-5802x1037,thomasmarcia@example.com,50627 Caldwell Streets,48999,2023-10-13T17:34:47
fe7b178d-fb0e-4c28-8110-bcfef1aa9ba0,Phyllis,English,Female,2008-01-04,628.560.4161,mary34@example.net,892 Summers Shores,41837,2023-09-11T11:55:40
ba81d860-90b3-432d-8cb1-063d25a74338,Jessica,Curtis,Female,2020-12-28,333-730-4030x5818,joel06@example.org,8099 Salazar Port,86316,2025-05-24T16:52:38
1cc0b764-b06b-4fca-96b4-05d7712dd406,Katie,Ayala,Female,1996-02-02,733.712.9386,vparsons@example.net,20805 Amy Hills,99520,2023-11-17T19:07:25
ad91f456-23b1-4ebd-8a42-be3fe671d582,Stephanie,Craig,Female,2014-03-27,001-527-795-1324x651,scottdaniel@example.org,40798 Joshua Avenue,59445,2025-04-06T19:16:45
9e15ebcc-66d1-47f6-8659-010a4ede79b6,Sean,Jones,Female,2024-07-04,(401)308-3173x49963,michael39@example.com,17528 Garcia Ferry Apt. 400,04814,2022-05-05T16:16:31
538cc0ca-17ac-47e9-9b7e-24ca722b4439,Lawrence,Gonzalez,Male,1981-03-28,+1-918-635-0022,cherryalyssa@example.com,784 Rose Key Apt. 802,57362,2023-02-03T04:32:58
86c45e42-955b-4346-b1f5-5560a42d10f5,Howard,Fields,Male,2015-06-10,(988)941-6344,toddhowell@example.net,205 Poole Village,48582,2024-12-02T04:31:11
321a6c3f-4726-4c24-8460-5896ef87bf0d,Debra,Smith,Male,1969-12-05,(433)804-3494x815,ocarter@example.org,14029 Jeremy Brooks Apt. 810,29609,2024-05-08T16:19:39
ad5406bc-7209-4a7b-9975-a56289d56357,Christopher,Wilson,Female,1976-07-20,3758597862,johnnytorres@example.net,05344 Compton Knoll Apt. 823,73194,2022-05-22T09:31:19
64f8f226-8304-41c2-b9d0-9e26165e55b5,Allison,Ferguson,Male,1949-01-12,(913)371-9588x0732,oscar55@example.com,468 Lewis Roads,94117,2025-08-19T23:13:47
82f552c8-9ae6-4149-9a69-78cf51589375,Kimberly,Daniels,Female,1959-11-20,2326383227,john27@example.net,26558 Williamson Greens Suite 802,31385,2024-11-01T15:56:40
65c65c7b-5c6e-4f5a-aab1-33bae88ffab5,Jessica,Martinez,Male,2004-11-13,585-448-0514,operez@example.com,944 Riddle Place,84564,2025-01-27T11:35:36
62d846d0-5ea0-41cd-ad79-d8bfda92e740,Rachel,Melton,Male,1963-03-30,(540)562-1461,jorge33@example.com,55563 Mccoy Crest,35253,2022-04-04T09:08:53
4edeae5f-59f2-474c-984c-b0f748ded8be,Melissa,Lucas,Other,1998-10-30,818.707.4922x396,amandadiaz@example.org,90827 Stewart Mission Suite 565,76720,2024-07-14T19:11:41
3737cc38-166c-4d33-8f9f-dc15dfd23d15,Karen,Hernandez,Female,1986-04-27,5767337364,tylerwhite@example.com,07009 Moreno Valley Apt. 428,51952,2022-09-10T10:02:51
6a6566e8-fe1a-4905-bdd4-c1f271b86ce0,Edward,Jones,Female,1959-11-15,(555)774-7449x3667,corysmith@example.org,28974 Christine Track Apt. 496,37152,2023-10-16T23:32:11
ba5e4066-ce40-424a-a9ee-29f449e3eb48,Linda,Greene,Other,1962-06-29,(839)956-2154x262,blevinsamanda@example.net,7013 Jones Course,54552,2023-06-02T05:43:02
6a089aa0-e57c-4c02-ba85-e4036c80444b,Scott,Lopez,Male,1955-02-24,977-959-4144,andrewramirez@example.org,6979 Heather Dam,60819,2023-06-19T21:03:03
24c58b47-1609-44d1-9912-509096516ec2,Edward,Li,Male,1969-01-25,001-460-563-0079,daniellecolon@example.net,8735 Walker Ferry,10233,2022-03-25T20:30:10
867a211a-de16-4c17-bd06-a17979803efa,William,Chavez,Unknown,1949-11-07,001-962-569-8773x5105,kevin68@example.com,94794 Todd Track,78145,2022-06-19T16:21:00
9736bb4f-f5c8-4e3c-aee3-1d4710ecf6ae,Brenda,Farrell,Female,1990-01-10,001-816-562-9087x92968,foconnor@example.com,96635 Thomas Lodge Apt. 075,48707,2021-10-25T18:06:48
a388ca32-68d2-4992-81b1-c62616a48bfa,Jonathan,Curtis,Female,1973-04-16,938-738-9011,laurabrewer@example.org,077 Martinez Path Apt. 561,54792,2023-08-01T18:26:14
764d7e7c-8e49-40f9-acc5-c9de6a1d9731,Jose,Clay,Female,2010-12-06,+1-802-780-2224x4661,kennedymaria@example.net,6265 Olsen Hills Apt. 883,26338,2024-12-22T21:43:13
33028b32-230d-4680-aa35-0f17c157a761,Ashley,Gonzalez,Male,2006-10-25,709-991-2691x764,scantrell@example.org,59840 Johnson Via Suite 472,06802,2024-12-20T16:42:17
7d9704fe-8dca-4908-8a1a-421961bba5fb,Christine,Hamilton,Male,1988-08-17,001-352-896-7947x189,ffernandez@example.org,001 Carroll Mountains,53155,2023-05-26T12:21:15
95d03545-d5a7-4023-8d4f-6814d3850240,Shelly,Williams,Male,1960-02-12,(400)436-4238,matthewwhite@example.org,24562 Dylan Brooks Apt. 540,76132,2022-11-04T17:43:01
397a284f-76a4-479b-bd67-34588f2d0b17,Daniel,Henson,Male,2013-03-26,(554)852-5517x6569,melanie50@example.net,2897 Rhodes Overpass,20503,2022-01-08T15:26:39
4cd7e6f7-433e-4d2c-a76e-1d6700a0586e,Tanya,Alvarado,Female,1961-11-04,001-714-630-6143x288,qwilliams@example.net,9981 Jeffrey Ville,62420,2022-01-27T09:40:07
1fca0f16-78f8-455f-a2f5-a68bd590f435,Brian,Turner,Female,1943-10-10,911.736.4689x0688,lopezcraig@example.net,9053 Cook Stravenue Suite 342,76193,2023-09-09T19:29:42
2deb57f9-6aca-4954-89a5-fd0de4871ab3,Danielle,Brown,Female,2013-02-13,001-877-633-8004x1432,david04@example.org,00865 Thompson Square,25401,2025-10-05T15:35:23
07480379-3ea7-4419-a510-af65b0167db8,Jeffrey,Hoffman,Male,2007-01-25,693-842-1147,fedwards@example.org,514 Mathew Manor,09673,2023-09-17T09:05:12
f87ae6de-fe8c-4aab-be38-8a1946f7b20a,Sarah,Lin,Male,1959-12-05,932-619-7924x761,perezdana@example.org,56841 Moore Fords,36024,2022-01-03T00:42:53
7b011fdd-94c0-49e0-9c9c-4570bedd62a7,Peter,Copeland,Female,2002-07-05,441-532-6301x50892,garzaduane@example.org,0450 Deborah Passage,54195,2021-11-02T08:40:48
af97fbd2-a0c4-4942-8206-7d80de4beb12,Tyler,Harvey,Male,1962-02-24,4627873451,mendezemily@example.org,8679 David Well Apt. 278,56225,2022-08-09T04:33:48
5f8a2e3c-1e9d-495b-917a-d9bdb1ba0bea,Tara,Love,Female,2008-07-20,465.361.2806x955,johnsonmadeline@example.com,61566 Love Spur,44729,2024-05-18T05:39:19
42710779-d864-465a-847d-d58393447b2f,Scott,Garcia,Male,1972-04-07,612-492-8810,andreasantiago@example.net,7965 Roberts Knoll,06147,2025-03-13T13:00:57
7606fa34-51d6-4f11-a569-3e130efa8993,Walter,Morris,Female,2009-05-12,659.680.6904x39878,megan60@example.org,095 Williams Springs Apt. 198,75714,2024-05-24T15:24:51
0d8a16f3-29ce-4bfa-9b7d-9d2d22aff503,Andrew,Melendez,Male,2003-06-01,573.508.8153x029,stephaniesalinas@example.com,52979 Michael Plains Suite 127,77563,2024-06-16T07:39:41
f4852088-e97f-4025-a2e1-17986b65450b,Dalton,Walker,Male,1986-08-20,632.358.8840,rthompson@example.org,21154 Collins Passage,99145,2023-04-05T21:50:51
a391ffdb-8794-4c7e-8aaa-7f994a34041e,Alexis,Byrd,Female,1991-03-31,001-910-916-8107x137,alexisharvey@example.net,46073 Jackson Inlet Apt. 324,01685,2022-12-23T05:32:59
a0c69223-c435-4252-b19d-d940838cc137,Kevin,Smith,Male,1957-04-19,378-656-3436,michael01@example.org,3128 Herrera Manors,56581,2023-09-18T15:51:37
2ac96b60-c0ac-430a-9948-7f821831b802,Samuel,Reyes,Female,1990-02-14,+1-883-763-3209x481,christopheraguilar@example.net,870 Katelyn Light,15315,2025-09-19T01:11:53
d85195ac-d3aa-4b27-90f3-2ab5df586eff,Zachary,Andrade,Female,1943-07-03,+1-827-639-2467x8314,matthewjohnson@example.net,24396 York Stravenue,40498,2024-10-28T17:32:00
b2adffa6-af79-4d4a-857e-55cb4d131338,Emily,Byrd,Female,2002-07-17,423.372.4929,jerrytorres@example.org,86946 Michael Radial Apt. 745,04038,2025-09-12T17:30:11
5a0461c9-947d-4fcf-88cf-c53d188889ce,Michael,Park,Female,2019-10-29,(382)461-6913x438,ann02@example.com,19747 Williams Street Suite 042,35411,2022-03-26T00:38:23
480afe9f-84a6-4693-a30f-1e69034d42fd,Keith,Schwartz,Male,1992-06-14,462-661-6046x43007,yyoder@example.net,3139 Sherman Fords,61083,2022-12-23T09:53:07
ebc095f5-571e-4230-a978-78c17c2257a0,Tim,James,Female,2017-11-14,977.672.4242,thompsonamber@example.com,28261 Joshua Station Suite 799,79184,2025-05-11T06:32:52
80ddb386-2790-492f-b7c6-bc5d1a380e8e,Justin,Ewing,Male,2004-07-01,794-806-8127,cummingskelly@example.org,3258 Gordon Grove Apt. 062,36664,2023-09-23T04:50:51
8f040721-e5a5-429e-8b8c-1d76303c1503,Charles,Case,Female,1983-01-19,(493)286-5120x5415,wmason@example.com,0169 Duarte Brook Apt. 336,16951,2023-11-11T00:45:58
d89806fd-8691-4efe-b3d6-b9f2d4d7b0ca,Victoria,Ross,Female,1968-12-27,+1-781-337-8956x23543,briannasmith@example.com,85952 Montoya Causeway Suite 004,41921,2025-02-14T22:49:02
cd75e6de-c19d-4186-b3c7-a1a88d15baef,Christopher,Norton,Male,1938-10-01,001-666-560-5880x9592,rogersalisha@example.net,25702 Daniel Plains,98671,2023-06-06T23:32:33
1dd73f1f-138e-48cc-aa81-04ad75e2c2fa,Richard,Beck,Female,1941-08-31,(889)728-1498,ldalton@example.net,781 Esparza Spring,98807,2024-02-13T11:17:14
592448ee-7ac1-44f9-8472-f9f6ec6494e0,Holly,Burch,Male,1947-07-27,001-615-938-3366x4493,jeremy34@example.net,7845 Hamilton Way,08958,2022-03-26T14:39:15
7122d7a0-d129-42d3-a396-6b835cd14b22,Katrina,Mahoney,Female,1990-01-23,+1-916-909-6405,wbutler@example.net,8296 Michelle Haven,98673,2024-06-10T12:03:03
f859396d-c37a-4ab0-85eb-43c898ff805c,Thomas,Smith,Male,1975-07-23,+1-202-379-7273,lweber@example.com,2174 Delgado Island Suite 386,74168,2023-01-10T23:01:07
be94f1cb-075c-48eb-8dff-c9aab5bbabce,Margaret,Kirby,Female,2011-08-20,7687414579,egonzalez@example.com,799 Day Pines Apt. 561,25156,2024-07-12T10:41:06
b1b9fd9d-db58-4dd9-a0f3-6e9238ec71aa,Andrew,Zhang,Male,2021-02-12,627.963.9169,teresashort@example.com,765 Phillips Walks Suite 181,88875,2025-09-29T07:38:49
35b823e4-2016-4e6d-8eb3-9f633a00c83e,Timothy,Arellano,Male,1971-12-31,3969199751,robert34@example.com,0210 Olivia Via,24434,2023-08-12T12:05:09
c355853e-b0d9-451c-acc0-067f141f746e,Christina,Oliver,Female,1992-11-19,827.483.3226x3731,james98@example.org,06789 Moore Mount,16307,2023-05-06T21:12:55
7bf820f6-c652-4c3d-84d0-7f2913e675fd,Tammy,Richards,Female,2022-08-25,870-612-9839x4541,rjohnson@example.org,06652 Conway Causeway Apt. 455,62031,2024-09-21T22:09:26
08651a6e-1b99-4b83-b244-0f070ae263e0,Desiree,Henson,Female,2008-06-09,392-622-2006x59774,derek01@example.net,42068 Charles Extensions,09371,2025-09-13T09:38:52
7815c7df-0f2c-41b7-97da-64cb83735f49,Victor,Ramirez,Male,1994-02-28,(387)408-1796x21167,billyprice@example.com,5998 Julie Spring,83368,2024-11-02T15:02:44
4d38a8d0-10f5-4651-8b14-7f1f40c56cf6,Cody,Santiago,Female,1984-06-26,+1-813-366-2220,taylorjohn@example.org,96399 Washington Fields Suite 881,91603,2022-11-25T18:20:02
1fb0ef34-c849-4436-98b4-75b1c12a34f4,Randy,Todd,Female,2011-10-13,(647)640-7943,lauren75@example.com,1962 Jeffrey Freeway Apt. 950,15513,2025-09-01T20:59:26
3334cd07-e6b3-4561-966d-273534952c00,Emma,Jefferson,Male,2001-07-17,(810)932-1658x0872,salasmartin@example.org,388 Sarah Circle,79498,2021-11-06T04:13:59
254338df-173d-4030-877d-868859fe1c45,Joseph,Sims,Female,1947-09-05,(772)291-9304x2018,ernest31@example.org,5672 Joshua Estate Suite 503,68173,2023-02-05T10:43:21
946a95a6-f2e4-41af-8702-1755f11cc0a4,David,Davis,Male,2012-12-06,(299)822-2492x444,fhouse@example.com,220 Wilcox Squares,89009,2022-12-13T09:18:41
c7e2a618-8029-43b1-9aea-544a291a4905,Lori,Hughes,Female,2010-11-10,482.355.9143,ericksongeorge@example.com,051 Brian Route Apt. 861,59730,2025-10-07T06:02:37
117e894e-91fa-41c7-8141-bb373de814ac,William,Fox,Male,1950-11-14,453.284.7324,steven36@example.com,257 Travis Ferry Suite 929,00741,2024-09-29T08:49:55
8761f9da-0394-49c1-8363-f61f94009191,Jose,Jordan,Male,2014-03-04,001-398-811-7213x7026,sdavis@example.com,0224 Benjamin Expressway,55265,2022-06-17T02:07:11
2bf95861-4827-4440-b6d9-fe1731094211,Connor,Nichols,Female,1937-07-28,+1-532-609-1431,caseylaurie@example.org,189 Jerry Orchard,30806,2022-02-09T03:49:21
b9b07ec4-f93c-4859-811b-b34889811f35,Jerry,Ford,Male,2013-01-18,+1-287-628-7713,melissaromero@example.net,090 Joyce Orchard Suite 964,21115,2024-10-27T19:13:24
d9ee9678-8112-40ff-aba4-646336c9b657,Steven,Bryant,Female,1940-06-15,+1-778-652-5399x138,perezmichelle@example.com,8519 King Extension Apt. 344,05933,2022-07-07T13:34:21
2f64672f-96e1-4522-b2b8-d6985dd0855c,Nathan,Hawkins,Male,2004-09-01,(951)608-8921x710,john59@example.net,6087 Madison Junction Suite 777,43832,2022-10-10T06:48:39
d5b1a96a-2e4c-46e2-9b79-9e6bf52ef4a6,Sonya,Blake,Male,2010-03-19,976-383-5324,smithsamantha@example.org,19897 Norman Haven Suite 931,55423,2024-02-25T00:08:09
83a5f421-36da-493a-ac91-4882612e73c7,Heather,Drake,Male,1982-09-18,+1-816-649-1907x04451,johnjohnson@example.net,90174 Martin Island Apt. 467,16143,2024-04-26T15:58:22
5074ac13-fc0f-44cd-82eb-baa21ce370ed,Jeffery,Reyes,Male,2024-04-29,573-490-8753x5898,tamara59@example.net,33316 Solomon Flat Apt. 324,54934,2024-03-07T03:09:31
7eedcc65-22cb-4720-850c-ddfd1c3dae19,Jeffrey,Kelly,Female,1992-09-18,+1-978-383-7772x043,donald16@example.net,6455 Kristine Walks Apt. 840,27131,2022-11-26T03:18:28
b8ddf15d-8ea0-45f0-89cc-253fb4693ec4,Tony,Walls,Male,1990-05-27,554-440-6689x9425,randyhall@example.net,18721 Ashley Stream,25285,2024-11-13T15:04:10
628103f0-1d9f-4f25-be63-f65453ff5f1f,Andre,Martin,Male,1939-09-27,(865)372-3861x601,hensonjohn@example.net,406 Bautista Bypass Suite 184,06584,2023-01-11T16:09:49
afe2487f-4fdf-4f5d-bc75-ed5399b32070,Dawn,Odonnell,Other,1968-08-10,(503)418-8497x416,tonyaedwards@example.com,66023 Thomas Stream,12657,2023-11-20T17:26:06
6843a5c3-8dcd-4e9b-b9d2-d74a71a71782,Crystal,Sandoval,Male,1950-02-21,382-289-1305,shawnbishop@example.com,7960 Bennett Gardens,28934,2021-12-02T01:56:22
db558642-3054-466b-ad8e-e559daf93e99,Brittany,Ellis,Male,1997-01-21,(788)654-3464x5829,efranco@example.org,00304 Garcia Shores,53588,2025-03-23T03:01:57
f067ad82-79c5-445a-8d6c-78ddd74f9844,Nicole,Young,Female,2024-07-12,(653)201-2819,rodriguezderek@example.com,78187 Davis Lights,46106,2023-07-16T18:50:42
ac95adb1-ffac-44fd-8345-eeda2de66d5b,Margaret,Curtis,Female,1997-02-02,3706437375,nathanielallen@example.com,462 Edwin Plain Suite 766,05164,2022-01-03T23:51:11
85cd3384-7024-4792-a578-7d0c1aec8b70,Cheryl,Parker,Female,2014-04-26,3917261935,evansamy@example.com,04896 Graham Plaza Suite 695,36000,2024-08-14T16:59:37
65125d2e-24b3-4c8e-9e85-0f8015c2f297,Joseph,Garrison,Male,1987-03-11,001-397-775-5612x3400,guyjohnson@example.com,150 Jordan Ramp,94640,2025-03-20T05:24:55
bdce7f65-1a0a-4680-ba42-156e972ec23e,Joseph,Johnson,Female,1955-11-18,001-417-622-0943x4220,nunezamy@example.com,8734 Elizabeth Garden Suite 230,94546,2024-10-04T06:33:15
5d1c1906-1090-4c9d-ab31-71dcfa549893,Stephen,Stewart,Other,1949-04-26,+1-536-718-7749x7895,manuelflores@example.org,9951 Nelson Highway Apt. 604,31946,2024-02-06T01:31:23
d8125123-984f-4a56-b344-77eb56b09052,Trevor,Wu,Unknown,1967-10-16,3886486064,joanna50@example.net,337 Lyons Ports Apt. 155,02693,2024-01-08T10:41:07
6cb96a2c-d68e-41f0-bb9d-58321f6d5768,Amy,Parrish,Female,1963-04-09,001-458-845-4505,john04@example.com,809 Valentine Locks Apt. 505,13315,2025-04-10T14:29:09
c416c07c-b6a7-47b1-83cb-0c28474cfa29,Alicia,Hill,Female,1939-11-15,(475)754-7014,allenjames@example.net,8340 Nancy Crossing,04279,2022-11-29T23:56:06
cd0d4d73-ca1c-4218-819d-11c545e18b77,Michael,Goodwin,Female,2006-06-24,5462065349,bjenkins@example.org,166 Nathaniel Islands Suite 739,05733,2022-11-17T18:09:29
aaab5830-79cf-404f-9b29-317a6675d5e2,Michael,Walsh,Female,1961-11-27,(223)531-9312x10811,uruiz@example.net,77898 Michele Spurs,53315,2024-02-12T20:44:59
82ec0fc3-7c0a-4867-bcce-521367899d92,Kimberly,Chavez,Male,1937-03-30,001-266-568-8433x165,racheljones@example.org,49014 Michael Flats Apt. 469,68221,2024-04-29T12:29:00
1f47d902-1ba8-4a91-b462-f144c49b9e62,Adriana,Mendoza,Male,1969-02-21,743.695.3725x80153,bhernandez@example.org,30201 Noah Plain,52752,2022-01-10T10:31:24
f14152c7-a0dc-4c7d-bb17-23197f4d55b9,Megan,Henry,Male,2004-11-01,(355)655-0518x176,paulbarnes@example.com,67704 Christopher Parkway Apt. 026,36615,2024-05-25T07:13:59
d48f5ba3-0d87-4c72-bce0-5a63197f9b8d,Dakota,Ho,Male,2025-02-05,001-774-489-5642,nmorgan@example.org,9105 Scott Knolls Suite 563,27812,2023-11-18T22:10:24
2dd93719-f8d9-4f33-86d9-03c0ad987301,James,Scott,Male,1977-08-08,+1-489-619-0000,andrewtyler@example.org,6066 Nathaniel Prairie Suite 787,39278,2023-01-14T19:55:36
4d8131f5-2719-4fdb-93b3-618bade05648,Daniel,Anderson,Female,2004-03-20,284-621-7274x2194,khawkins@example.net,67161 Warren Hill,77594,2024-08-11T15:22:15
a93c9413-1396-4289-829a-988f18a95210,Melinda,Fuller,Female,2012-11-21,+1-712-763-8279x414,garzajohn@example.org,98703 Janet Ville,22774,2025-08-22T16:13:59
774d34f5-caf0-4226-be00-0029c47f9b05,Brittany,Ward,Male,1956-12-23,604.997.3444x6346,ashley59@example.org,10152 Jennifer Way,82424,2024-01-11T11:41:42
813a3aa5-7d81-4c21-bf76-4fcea97ef131,Christopher,Ware,Male,2015-05-15,(488)512-3688x660,joelwatson@example.org,952 Marcus Greens,75916,2024-09-02T09:21:16
8a601b92-dc13-4c04-8f3a-2f8d57f731e3,Laura,Ward,Female,1938-05-22,417.668.1013,ebrown@example.org,141 White Fork,58033,2023-04-17T16:10:17
fd9f45f4-0816-4739-8393-3447f3dc50bf,Samuel,Hill,Male,1982-06-29,+1-845-717-3301x65487,xschmidt@example.net,6551 Thomas Point,51211,2022-11-01T14:40:50
733ac54f-6235-4144-9e7f-92adea3973ff,Eric,Tate,Male,1994-11-09,6177147222,sophiaelliott@example.net,64418 Kimberly Grove Apt. 085,95704,2022-09-22T12:20:28
09360f02-75ac-4819-b14b-5c03605797cf,April,Morton,Male,1937-08-11,+1-894-720-7961x99097,perezdaniel@example.com,878 Matthew Green,91476,2024-04-03T11:01:03
c7859c05-dc40-4942-a8cf-29368e81b2f0,Sarah,Martinez,Male,2001-11-29,865-967-0986,david68@example.org,85285 Salazar Valley,08411,2022-01-18T21:34:41
6e411e23-7dd1-4b8f-aa05-5b69b4c04bdf,Molly,Rogers,Male,1975-01-09,001-315-306-8985x118,xgregory@example.com,48085 Heidi Ridges Suite 675,60535,2024-07-27T21:10:27
c3963bf9-7cc9-4887-a39a-c771b739a28a,Craig,Crane,Male,2013-07-11,740-923-1342x68396,sheppardlisa@example.net,0016 Bailey Road Apt. 240,23326,2022-09-16T23:29:56
8dc4c81f-a8fa-4904-bd94-ed9facce693e,April,Wallace,Female,2008-09-20,+1-830-438-1476x040,kthomas@example.org,9537 Jackson Walks,01227,2024-11-06T12:01:51
8feff87b-79d5-4e9f-b846-0474927c5ea7,Ariana,Gates,Female,1962-11-21,(772)672-0667,coxbarbara@example.org,75374 Mcgrath Views,90809,2025-08-03T15:33:08
436d977b-6431-4bbe-8e44-c9dc81b61c87,Bruce,Hunter,Female,2006-01-23,906.282.9481,sherry67@example.org,79191 Velez Ways Apt. 798,04340,2021-12-02T20:56:11
ad2e4db8-9def-423f-a0b7-59a9f88afc64,Joseph,Lozano,Male,1955-08-29,9282882397,ealvarez@example.com,424 Wright Cape,17059,2024-05-29T12:18:39
0fb97b5d-520b-48f6-88d0-e602fa4ffba8,Ashley,Shepherd,Male,1948-08-24,7366740092,tylerleon@example.net,81803 Lopez Motorway,14216,2023-01-20T04:07:06
5dcd0d40-d641-4102-a0d1-968f0b8ce21f,Mackenzie,Patton,Male,2023-03-03,705.845.0827,yvette19@example.com,846 Green Drives Apt. 328,52745,2022-11-06T21:59:55
c3e3c148-06e2-4861-957e-dc3cbdf774c8,Frederick,Cook,Female,1976-12-21,(847)317-4265x88406,josephjohnson@example.org,012 Padilla Crescent Apt. 160,60309,2023-06-17T10:59:08
6d9b1eb1-18eb-4ed7-a16d-41c8575c9669,Gregory,Garcia,Male,2015-04-25,(292)862-1684x7202,chadcollins@example.org,4329 Burgess Hills,01054,2024-08-05T12:23:52
0e737523-59ec-4846-a974-37ea5b7c57e8,Maurice,Graham,Female,2008-01-19,001-964-529-6172x472,warrenangela@example.com,0446 Andre Mills,37417,2025-09-23T19:14:50
4fe5c13b-a5e8-4198-bc10-316d3f63a065,Keith,Gomez,Female,1945-09-28,001-691-467-3421,garciaangel@example.net,66492 Troy Fields,68345,2025-03-23T10:01:23
de72d970-10c4-4f9e-b020-321be90f4137,Jeffrey,Elliott,Male,1959-04-22,413.442.4706x492,heather16@example.net,04895 Joseph Grove Apt. 456,40837,2023-07-04T13:44:17
89d5af23-050b-4848-ab76-a718566c93cc,Sabrina,Robinson,Male,2001-03-30,780-912-0633,dana97@example.net,756 Kelly Harbors Suite 676,52505,2025-09-30T15:34:43
6c27316b-dd05-4827-a863-782e75fe2857,Scott,Scott,Female,2014-01-10,001-613-448-1694x032,danielchaney@example.com,24421 Ross Bridge Apt. 498,25620,2023-02-10T07:54:52
05391557-4441-42a5-abd1-f826e6c2cbb7,Sheryl,Williams,Female,1942-12-13,381-598-3651x46905,ngutierrez@example.net,005 Mooney Forge Suite 108,06981,2023-11-20T21:51:34
51071545-fc5b-44bd-85b1-49a096867676,Michael,Schmitt,Male,2016-02-13,403-454-5136x40294,ortegaann@example.net,31215 Lozano Knolls Suite 924,09690,2024-05-09T05:53:27
19048ca7-9291-4493-928a-34f363eac0a1,Heather,Rodriguez,Female,1989-01-14,253-560-1811x70328,heatherharris@example.org,44917 Madeline Shoal Suite 514,71990,2022-04-13T19:46:48
34b6685d-acd4-480a-b0dc-75fb199d5089,Nancy,Garcia,Male,1975-10-25,(587)626-1173x70215,bob35@example.com,3131 David Unions Apt. 243,33943,2024-10-12T21:19:03
aad9e93d-c3d0-4de3-8fbb-a84a80b57013,Elizabeth,Gray,Male,1988-08-08,(691)636-2153,hinesaaron@example.com,120 Higgins Plaza Suite 984,34289,2025-09-28T07:33:54
f82c6ad8-5d03-4a06-8cad-66c59d655c03,Shannon,Robinson,Male,1962-12-31,(600)374-8133x53336,gbell@example.org,5658 Matthew Islands,34699,2023-12-10T16:10:24
f95f17e6-d8ea-431b-a2ac-78967f383a3e,Joann,Hunter,Female,2011-10-16,001-561-223-5879x0507,olsondavid@example.com,3666 Lee Forest Suite 286,32881,2022-08-21T16:37:23
36cdf42f-892c-4b33-99af-8224d7232ce3,Amy,Ellis,Male,1977-08-25,601.412.1435x9393,gduke@example.net,815 Richardson Road,50562,2021-10-29T17:36:27
92d2408e-ff08-4739-8c1d-2e430c2b03e4,Kelly,Thompson,Male,2025-04-13,744.977.0648x133,christinechapman@example.org,423 Hampton Lodge Suite 393,77904,2025-03-03T06:05:29
f53ba020-be2d-48c8-9fe3-f82439d3a9cf,Jeffrey,Poole,Male,2020-05-16,(606)926-3823x9192,yramirez@example.com,0318 Gordon Views Suite 592,62736,2024-04-23T11:23:29
9784713d-1840-4642-9404-7909d81ca1a0,Margaret,Wiley,Male,2006-01-09,929-964-5482,knightjessica@example.net,199 Rodriguez Stream,30294,2023-06-20T15:00:41
87f3c9a4-cd1a-410d-9101-71d21138978b,Kenneth,Shelton,Male,1999-10-31,(391)618-8440,achan@example.net,19617 Michael Walks,72070,2022-05-03T20:12:08
13a0181b-cbaf-4542-98e9-bbad35b1773c,Felicia,Black,Female,1971-06-23,001-727-318-0455x9128,danielwilcox@example.com,475 Christensen Summit Apt. 651,66522,2022-09-11T13:36:37
4cc6d67e-cddb-4f9e-8130-0e684d45d885,Kristen,Harrison,Male,1977-01-05,302.437.1250x682,reillyjeffery@example.com,97951 Walters Squares,35098,2023-05-12T21:16:56
6a107fb7-3338-4ec9-9037-e6698a3a0129,Edward,Johnson,Male,1985-01-21,497.423.5919x98855,cherylolson@example.org,9845 Gentry Ville,37841,2022-05-07T17:47:41
abeb5f49-7406-4a32-83ef-3ce99ffda1e7,Eric,Johnson,Female,1975-11-03,001-587-729-1298x9673,stephenanthony@example.com,30017 Charlene Wall,96806,2023-04-11T01:47:54
a0ba6142-04c3-4fed-a182-701b2e3bdb69,Tammy,Kelly,Female,2000-09-07,(832)595-1662x15674,fcampbell@example.org,036 Sanchez Walks,68201,2023-08-03T10:23:01
7fcbcf31-93ac-409a-afc1-0403dcda8cc1,Elizabeth,Brown,Male,1988-04-19,+1-887-717-5840x5318,ian88@example.net,1727 Tanner Centers Apt. 341,00508,2025-01-04T23:28:55
f0278488-be01-4802-92eb-a277f64d4de0,Nathaniel,Hoffman,Male,2011-07-29,(687)903-5171,matthew09@example.com,4407 Danielle Springs,42490,2022-09-28T17:36:37
cf1643a0-8860-4b56-a34f-2452efe9e8c9,Lauren,Donaldson,Female,1950-03-31,455-252-4027,coxcaleb@example.org,395 Daniel Trafficway,57335,2024-06-24T22:04:17
ef444cf5-6f08-4155-a826-6484c4e4fe52,Christine,Reid,Female,1952-07-23,(322)534-5089x607,xhodge@example.com,0806 Ronnie Junctions Apt. 640,47005,2022-03-05T17:32:25
335dab46-85b3-45aa-8f54-6781a0733e57,Christopher,Perez,Male,2010-11-06,001-540-714-4079x0438,craiglee@example.org,1552 Kelly Station Apt. 134,10845,2023-01-07T09:12:51
bf164454-2685-402c-bd89-25a925d287d0,Natalie,Colon,Female,1949-12-02,(768)492-6583,nallen@example.net,856 Jennifer Lodge Suite 568,82989,2025-05-17T12:05:15
6906d118-6f75-43b2-9818-61124cdedddb,Joshua,Williams,Male,2018-05-24,319.457.9965,brookeking@example.com,307 Murphy Walks Suite 490,96859,2025-03-12T22:19:07
a2491260-107e-428c-a940-53afd488edff,Gary,Christensen,Male,1943-09-16,571.946.5028x6011,econley@example.org,981 Thomas Centers,15251,2022-03-29T12:44:03
497bc13b-d2de-447d-8455-d60e69958fd1,Bradley,Stevens,Female,2004-12-28,+1-344-744-5325x6721,rubiochristopher@example.net,2658 Chad Junctions Suite 146,23127,2024-08-30T09:48:16
3c73013b-99ea-4bbd-afd5-b90b41a67c90,Natalie,Smith,Male,1935-10-15,6885887641,kmosley@example.org,556 Christian Throughway,37062,2024-03-02T01:16:43
07179ef3-3121-4863-a663-ed111d122ccf,Jesse,Mitchell,Male,2011-10-14,207-532-7619,cbernard@example.org,02537 Hodge Prairie,29243,2022-08-28T03:55:53
7c420494-76d3-4b96-8f7f-963ed3c544a3,Mark,Stephens,Female,1951-04-29,001-451-549-4007x467,hbarton@example.net,88210 Gray Trail,89848,2021-11-27T06:54:05
e7d90c1b-a59c-4eed-ac09-72046fa6681c,Mario,Petty,Male,2014-06-03,(858)970-4253x776,davidbrooks@example.com,0702 Lewis Terrace Suite 238,04230,2023-04-21T19:53:59
0775d778-22ed-4e25-85d0-738228cbb7ca,Stephen,Daugherty,Male,1951-07-15,(262)696-6827x3428,randynguyen@example.net,6068 Pineda Rapids Apt. 219,10610,2024-08-16T03:11:05
8cfb137c-a89e-44df-871c-10aecdb4adab,Maria,Yang,Male,1961-06-09,001-804-642-1795x3485,kaitlin44@example.com,0441 Huynh Course,56179,2024-11-07T06:53:33
b8f40e5e-f6ba-4ccc-8acf-bd89da3ed15a,Donna,Cortez,Female,1988-05-19,001-641-470-0033x79047,andersonrenee@example.com,58085 Watkins Avenue Apt. 891,82725,2023-11-20T20:19:47
e581620f-dc0d-4266-8e29-ed9a0518bd4d,Brett,Beard,Male,2004-02-05,2729420753,ythomas@example.net,7349 Wu Pike Suite 015,94156,2021-12-03T00:10:59
1046e3df-ddfe-4849-8c48-5cfc9a0270da,Bradley,Watson,Female,2011-05-13,949-314-6516x79212,donald17@example.org,0968 Michele Station Suite 201,57783,2022-11-08T22:41:29
abf2b369-5d0a-46d3-a592-ee7c683199c6,Amber,Walter,Female,1971-02-06,313.532.5819x634,cameronkevin@example.org,56915 Stephanie Row Apt. 058,11023,2025-09-30T19:57:27
d6fdd1a5-f173-42f4-a59a-e9f2171e5028,Amber,Schwartz,Female,1958-04-06,304-866-1010x6195,ricejames@example.org,3661 Kelly Skyway Apt. 818,63360,2024-02-23T21:32:43
922b4fb2-1ca7-4972-bc6d-317323fbc01f,Michael,Brown,Female,1966-09-09,343.461.2514x261,bryan21@example.org,933 Clark Cape,90006,2023-05-31T11:59:31
aa0a2259-859f-42bb-9ee2-6f39eed4db89,Benjamin,Young,Female,1957-07-03,697.795.7377x56410,anthonymartinez@example.com,037 Baker Hills Apt. 330,78255,2023-12-13T14:01:37
867772d3-ee7a-4de6-866d-fe25f31dde25,Michelle,Proctor,Male,1979-03-25,(322)655-4942x285,orozcokaren@example.net,55861 Jason Field,86015,2022-09-05T03:25:51
998de3d8-3cf2-4ade-971a-8b65e272d7ca,Alex,Patterson,Male,2021-04-28,911.213.7236,juliamartinez@example.org,221 Chase Path Apt. 983,87354,2024-11-16T17:27:52
d513da02-544c-44d1-903b-a8c3ce830e27,Brandon,Olson,Female,2013-05-04,333.809.1389,martinmichele@example.net,968 Amy Grove,31462,2022-08-21T04:22:39
be741860-bf95-4403-8e4b-a2bb63d3ce8e,Kathy,Livingston,Male,2023-06-16,862.283.5880x58877,frussell@example.net,44644 Sarah Shoal,45639,2025-09-29T21:24:57
1b5829c9-24ef-45a7-b7cf-65ca6c412493,Bailey,Bowen,Male,2022-01-06,001-964-784-0927x0290,tonya24@example.net,47689 Mallory Field,85363,2024-08-19T01:28:39
688b4cfb-7081-45fd-8648-bbe8f84ce7a9,Catherine,Rodriguez,Male,2020-07-14,(758)666-8140x3484,john79@example.org,3345 Brown Skyway,09723,2022-01-27T17:47:00
88917cf5-7d88-43d2-8e51-208396e83922,Sandra,Howard,Male,2016-06-29,(761)944-6658x4908,williamsbradley@example.org,0223 Shannon Radial,55262,2021-10-26T06:16:09
8bb5f242-5105-4c35-9ceb-08fef2deb798,Nicholas,Bell,Male,1981-04-28,(622)695-0944x360,ecortez@example.net,4575 Powell Curve,57159,2024-07-16T06:40:59
47198f5c-f69b-4596-bf10-938caec7f267,Jason,Hamilton,Female,1937-05-20,+1-908-697-3036x5907,qkim@example.org,0970 Morgan Turnpike,04396,2022-03-28T13:57:20
79a8226b-5ced-4017-a518-ec09efdd6a87,Heather,Powers,Female,1962-12-02,834.531.7274,masonwilliam@example.org,26101 Mcgee Vista Suite 263,22681,2022-08-27T13:21:39
a538c6a7-0565-4e80-8ee4-5227d2450039,Samantha,Williams,Other,2006-07-25,001-457-278-8462x054,davisrobert@example.net,2634 Christopher Pass,72029,2022-02-28T02:30:58
bd4c938c-d76a-45a8-88e9-45489b16acb8,Justin,Gonzales,Female,1995-08-17,001-641-481-8271x5131,stevenhale@example.com,463 Griffin Cove,70230,2025-02-28T19:37:23
eade7b17-b0d0-40bd-8dff-01baf0db6ecb,Heather,Rice,Female,2022-06-08,+1-935-347-3745,mary72@example.com,793 Nancy Run Apt. 712,32976,2022-07-30T18:58:12
627b0edd-8d7f-4371-80c3-7cbc3d5b6535,Roger,Hunt,Male,1955-07-03,001-215-654-2373x9977,kingjaclyn@example.net,36432 Micheal Terrace Apt. 632,66789,2023-09-19T07:58:44
e7354db2-5ce4-424b-b35b-9f78f55f2e80,Shannon,Todd,Female,1971-02-27,001-784-900-4210x9979,emckinney@example.net,667 Lynn Port Apt. 783,51437,2024-06-25T21:59:16
3c83861e-ddf0-40a2-88ef-e82b1f3eea66,Jennifer,Parrish,Female,2002-12-27,001-289-909-7892,staceylyons@example.net,13624 William Field,11214,2024-05-12T06:54:14
f5f3943a-e8e7-4030-8203-83406372d635,Matthew,Frazier,Male,1987-04-12,767-644-5632x250,howens@example.net,805 Baker Heights Apt. 002,70385,2024-03-12T06:43:17
4d07018b-416a-47f6-aafd-3e7bfa5dbd40,Jill,Walker,Male,1965-10-29,+1-671-442-4388x01372,margaret96@example.net,7385 Courtney Island Apt. 220,64041,2022-05-09T10:23:53
4c23e844-3c47-42f3-81b4-fd44d29cf92a,Christopher,Wyatt,Male,2013-05-22,+1-380-556-0222x47032,stevenwalter@example.org,8409 Ramirez Drive,75519,2025-04-05T17:13:26
70583380-ea77-41d6-a904-a6d6e3e735ab,Jerry,Friedman,Female,1985-01-16,350-579-3200x82244,burtonmegan@example.org,7041 Rick Alley Suite 415,14800,2025-07-19T23:43:28
a4f954fc-c449-41b6-8fef-7811e124c3f2,David,Taylor,Male,1958-12-04,413-329-5010x2323,ashleywalsh@example.org,142 Hall Camp Apt. 214,81452,2022-02-17T03:37:50
148113b4-ddcf-4003-8627-41ec08ac784f,Philip,Davis,Female,1947-04-03,+1-495-332-1059x784,sarah35@example.org,199 Acevedo Turnpike Apt. 763,03325,2024-08-05T18:15:47
bca83a82-7899-4035-bddf-8484f0c44ecb,Daniel,Briggs,Male,1949-09-21,654-331-6701,crosbysuzanne@example.net,64562 Crystal Ridges,72207,2022-07-28T02:06:21
6c202d89-b7a6-4c32-952d-4865d7567d35,Crystal,Thornton,Female,1961-09-09,(852)993-9725x20565,beardronald@example.org,9440 Jeremy Keys,76067,2023-09-08T06:44:33
290c42f8-d30b-4f65-99b3-8619d1fb55b1,David,Salinas,Female,1969-07-12,+1-924-897-0730x6868,andrewssheri@example.org,285 Williams Bridge,19050,2023-06-26T23:42:25
6bbe2bd6-5a13-41e7-90fd-7164819f2393,Karen,Patterson,Female,1988-11-13,245.801.5622x58481,robertsmaria@example.net,781 Mccullough Camp,45262,2024-08-04T11:28:43
53a71719-bcdf-4302-8c37-e264d03cd20a,Julia,Turner,Male,1998-07-07,+1-617-729-1269x81533,jamesevans@example.org,269 Wagner Run,26351,2022-08-29T14:51:47
a43101e4-0d56-4923-8310-d2a2070077c1,David,Zavala,Female,1959-10-05,001-608-652-0564x59803,petersonlindsey@example.com,951 Burgess Square Apt. 950,33412,2025-06-29T14:15:34
a41f0d38-ca80-4df8-b182-fcf2a151ed02,Kenneth,Zimmerman,Male,2026-09-30,+1-449-520-9545x5491,davenportlinda@example.net,442 Mary Freeway Apt. 995,87952,2023-11-25T13:38:18
4e385d03-a0d8-4651-b338-22d16691c664,Pamela,Fritz,Male,1976-01-15,(779)263-0495,teresa86@example.net,63882 Alexander Stravenue Suite 925,13908,2022-06-20T09:25:54
3fe604f4-2867-4d3b-9c5f-3cba150d28eb,Daniel,Pitts,Female,2004-05-09,001-746-723-1166,owalker@example.com,04335 Christian Locks,39209,2021-10-28T02:53:01
a630b287-d4a3-4a51-8481-ea69f83bf029,Stephen,Huang,Female,1985-06-18,001-556-894-1467x35928,miguelwells@example.com,161 Knapp Lakes Suite 657,53191,2023-02-01T20:44:34
690a7b80-af8d-488d-9811-70c1d8d2660e,Alexander,Lewis,Female,1987-11-15,(958)861-7110x696,christinacosta@example.com,34436 Wesley Island Apt. 562,93983,2024-01-04T18:23:23
df9e1425-7a76-48e6-b394-d79651c4243b,Jamie,Crawford,Female,1974-06-24,974.817.3336x010,rreyes@example.org,45035 Ronnie Streets Suite 498,82772,2025-08-23T05:10:30
97d02f8f-affd-443b-ac69-1f0442bbeaae,Dana,Burton,Female,1989-03-22,784-964-8760,ztorres@example.org,3242 Sullivan Divide,65948,2022-03-10T09:21:21
159b2b6b-32db-4028-8823-debeccade92e,Ruth,Faulkner,Male,1955-01-21,573-266-5667,xdurham@example.org,77236 Marquez Loop Apt. 476,54403,2023-04-09T04:31:59
60980b94-e05b-4892-a4bc-08cf2e904b5c,Heather,Paul,Female,1999-09-05,+1-616-740-2261x2349,sthompson@example.com,6482 Davis Union,69354,2024-06-22T21:17:32
054edd71-3977-4d2f-9205-1da0e2643336,Charles,Lane,Female,1982-01-25,+1-378-718-3380x7033,eduran@example.org,30851 Amy Lights Apt. 696,90903,2022-07-19T07:00:28
9cac3d21-a5a8-48af-8efb-d22aec511744,Kyle,Williamson,Female,2018-02-02,(869)511-0308x975,fitzpatrickbrian@example.com,61661 Lauren Locks Apt. 548,46303,2022-08-05T11:31:35
76617a3b-f960-4ca3-96c7-2b1ae826fac7,Ashley,Barnes,Male,2021-06-06,001-704-680-8805x74987,jacksonkathryn@example.org,38992 Carroll Forks Suite 444,44626,2025-02-12T15:17:47
0cbe938d-2b33-4734-9a11-9684b385d9de,Sabrina,Whitehead,Male,2019-10-28,4578301995,mirandaisabel@example.net,824 Quinn Locks Suite 363,06661,2023-04-18T15:14:20
263553ba-4299-4351-99b3-568d6dcc9c60,Daniel,Black,Male,1947-03-04,(837)599-6317x33385,oduncan@example.com,01503 Harris Vista Suite 292,26867,2024-11-10T15:30:14
9136d4ad-f27e-4ce7-ab8d-2c495e3003e1,Marc,Lopez,Male,1968-03-29,433-357-1205x749,daniellecoleman@example.com,972 Johnson Glen,49003,2023-06-23T21:55:12
c5fae047-6f66-4013-869d-4cb7b7f5155a,Kyle,Watts,Female,1967-07-07,807-269-0700,qmarshall@example.org,345 Mora Lodge Apt. 563,32729,2023-06-05T04:15:19
7e808d05-ac71-4531-93c7-24e8742632d7,Andrew,Shelton,Male,1946-10-21,5138231230,gmoore@example.com,08169 James Burgs Apt. 420,52975,2022-05-22T21:18:34
f2307c22-30c7-409b-b401-55bdb6ac1c8e,William,Bishop,Female,2007-07-11,001-404-324-8511x6883,wileykristine@example.net,8587 James Unions Suite 667,56663,2025-09-25T10:59:03
bf16e3e9-49b7-4037-8425-dea7c83924d7,Jill,Schmidt,Female,2019-07-27,900.973.7038,melanie43@example.net,88257 Justin Street Suite 542,73639,2022-10-25T03:02:39
34e420bf-db38-4306-ae6a-3d5b2154be4a,Michael,Hunt,Female,2001-01-04,+1-642-510-9438x0547,wileyadriana@example.com,075 Yvonne Forks,86958,2024-10-04T16:53:57
ba098a27-4870-4a92-92f7-7d5dfec5ea47,Jessica,Tran,Female,1984-11-08,001-867-760-0427x09839,jill89@example.com,380 Robinson Loop,30818,2022-11-03T12:14:01
cadee3ec-6895-4908-ae2c-b8506b17bd75,Scott,Herman,Male,1946-08-04,001-767-480-4780x544,nathanlopez@example.com,8087 Nguyen Extensions,13177,2024-07-15T09:48:44
3c48c936-4305-4a31-b9e3-89054a4a15ea,William,Harris,Female,1941-03-05,(387)868-6946x184,jessica14@example.org,741 Mark Loop Apt. 262,36752,2023-07-27T06:51:24
953922c0-5ea0-442c-bf91-c419e846a9df,Jeffery,Bradshaw,Female,1960-04-18,001-557-886-5357x86667,robinsondustin@example.org,245 Miller Harbor,63742,2024-05-14T23:00:09
7808a004-02a4-48e1-95f2-f85a754a3e48,Becky,Hunter,Male,1976-05-19,818-451-9968x327,dixonruth@example.com,59602 Jeremiah Rest,67294,2021-11-08T22:53:49
65c62548-b169-4ded-b972-397752c03f9b,Joshua,Erickson,Female,1969-03-06,(372)324-3758,kanderson@example.com,85114 Alexander Village Apt. 631,90663,2023-02-11T02:44:46
6c5ccba7-b55d-4fc1-a22c-c212b69d2f48,Christina,Gonzalez,Female,1942-08-20,+1-462-578-6118x919,kendra40@example.org,083 Stanley Street Suite 435,85116,2023-01-25T19:03:46
8e978ce1-1864-4b6a-92b3-c5eb41980029,Bruce,Ho,Male,2005-01-19,984-720-4954x92876,ohayes@example.net,8814 Kidd Forest Apt. 413,97867,2025-07-18T09:20:59
788f06ed-3c1e-419b-ae5a-400755367ab6,James,Harris,Female,1959-05-04,(240)681-9444x8902,laurahall@example.net,215 Mayo Parkways,56600,2025-03-30T17:59:10
abb8fe95-f077-471b-9b3b-5b4cff2a50c0,Sara,Bush,Other,2008-01-03,001-229-861-2052x87001,veronicasimmons@example.com,22562 Roberts Mountain,54875,2025-03-04T03:14:53
cf5285f7-bf8c-46f9-b5a6-1d619925bc9b,Eric,Lynch,Male,1957-01-11,001-206-965-4566x7037,jonesbrent@example.com,5388 Tonya Trail Suite 843,60654,2022-03-01T21:00:57
618521ab-9ea1-4617-8129-aa0c40efa857,Theresa,Alvarez,Male,1945-07-13,+1-385-769-1178x18875,ricerebecca@example.org,378 Brown Rue,61177,2022-01-21T12:14:05
21da5db1-5ef3-41c2-abd7-d3f1650ad9aa,Bailey,Woods,Other,1982-09-05,(721)800-0471x9406,linda00@example.org,86146 Brianna Center Apt. 742,28974,2023-10-09T20:18:18
2deb5687-949a-4a46-8a87-2ac28f3f5995,Laura,Hunter,Male,1996-06-26,+1-862-431-4701x2605,richardchapman@example.org,01342 John Pass Suite 630,19799,2024-10-07T08:12:16
56d44952-ee29-480e-be2a-c03a80f58b81,Brittany,Long,Female,1953-08-06,311.580.3196x88535,sara26@example.org,478 Kenneth Spur Apt. 987,70464,2022-04-01T15:10:58
b5d34f2f-513b-465c-96f3-2b9321c57a88,Jennifer,Lewis,Female,1952-02-28,323.528.8239x2754,uwilliams@example.com,54755 Ian Creek Apt. 690,62997,2021-11-30T12:53:43
50326fe6-1de9-4c72-82a9-f7e5244cb9a8,Laura,Moore,Male,2023-01-01,899-914-1071x7878,jodi60@example.org,4579 Taylor Wall Suite 373,60105,2022-08-26T22:42:58
f92edfa1-df26-4424-bfcc-445620bc2fa0,Gabriel,Sanders,Female,2014-02-02,(837)724-4497x122,robertspam@example.org,200 Kimberly Key Suite 340,18119,2024-04-29T19:04:12
6e1a1e1b-ed1d-4efa-9c4f-c55ebf715a28,Todd,Smith,Male,2014-02-21,(638)897-0640x137,ihawkins@example.com,6924 Jones Isle,94892,2025-08-31T18:07:53
d45ff4db-9ce9-4544-8362-262de07ee721,Ashley,Greene,Female,1968-12-05,780-244-7940,kristen59@example.com,0356 Steven Branch,50995,2022-02-02T13:27:39
6f8ef978-5021-41bd-8458-526b4385a3e3,Andrew,Cox,Female,1943-09-09,001-691-271-9537x28177,thomas75@example.net,15451 Evans Summit,32478,2024-09-13T19:04:29
7dc42f12-fe9b-40e1-bca3-765350c76baa,Danielle,Rice,Female,2006-06-23,+1-336-870-0974,kaylamcdaniel@example.net,571 Morrow Roads Apt. 075,91418,2025-09-13T19:29:25
ec4014c6-da60-49f3-8e40-b29426b94955,Michael,Kennedy,Female,2010-07-08,(216)858-4130x09322,richard06@example.net,2983 Deleon Ramp Suite 102,66448,2024-10-02T01:28:58
305d0ef7-0d9f-483d-b0a3-2883cc582872,Elizabeth,Bradshaw,Male,2016-12-23,(738)302-6492x8031,geoffreyjordan@example.net,772 Michael Pines,26347,2023-07-29T09:28:46
7862246c-092e-44b7-aee2-59893ad82406,Jim,Perry,Male,1950-05-04,(230)253-2526,reidamber@example.org,07388 Sarah Club,83031,2022-05-16T15:00:40
1db3c075-6fb9-4e37-b796-048fb4b9fb73,Garrett,Taylor,Unknown,2020-11-26,665.721.0107,rebeccawilliams@example.com,99119 Wilson Parkways,04187,2023-12-10T15:44:12
71076f2e-0a71-4350-beb2-7900ed5d6510,Linda,Burton,Male,1947-02-08,001-415-904-1225x011,brian82@example.com,39097 Angela Mill Apt. 493,65100,2025-08-23T19:56:32
752fbd7e-7c36-4908-8f94-2977b582ef0c,Patricia,Rodriguez,Female,1948-06-16,3459141468,karen10@example.net,348 Matthew Ranch Apt. 275,30364,2023-07-18T05:17:15
25e6d919-ddeb-4d5c-b842-7379d888dcb6,Julie,Turner,Male,2000-02-22,+1-390-952-3347x509,michaelfisher@example.net,0585 Craig Landing Suite 771,62222,2021-11-13T17:36:43
48bbdb12-de40-47c3-b427-e46617f4b85d,Scott,Hayes,Male,2000-01-20,(962)571-0610x42030,jim68@example.org,9780 Jennifer Wall,85936,2025-05-24T10:29:08
d294100f-823c-434a-bffb-d93b2b15619e,Anna,Wu,Male,1994-02-19,+1-600-385-3475x507,kevin43@example.net,6926 Thompson Trail Apt. 951,77193,2024-09-24T12:05:20
365f982b-95ee-445c-a9c3-640de411a9d7,Alexa,Klein,Female,1966-10-31,+1-433-449-4155,rmurray@example.com,58996 Samantha Lock,03558,2022-01-07T04:19:48
c4502052-86a8-421a-810e-622bf8bc920c,Christopher,Garcia,Female,1968-10-08,+1-278-271-8797x89293,jlynn@example.com,09062 Johnson Trail Suite 666,00991,2023-03-11T16:12:13
3f042c7b-13ab-4d2c-aba0-330c6a9a6f4b,Nicole,Grimes,Female,1992-06-03,690.225.5288x97378,qhopkins@example.org,41617 Lutz Field,65825,2024-03-11T23:40:13
5422ea97-e32a-4787-9824-6315ad49e072,Cynthia,Juarez,Male,1940-02-23,001-705-333-0192,bcampbell@example.com,502 Christopher Tunnel Suite 447,16263,2025-05-28T16:09:04
1f3acc68-ae3e-4268-bb38-bc6cae6a7c48,Melvin,Gray,Male,1942-10-24,571.450.0748,dmedina@example.org,21526 Brandon Shoals,89575,2025-01-28T14:02:19
1b2765f6-f383-44f7-addc-ac0a97206c66,Ronald,Ruiz,Female,1985-06-08,001-275-871-8697x250,vsanchez@example.net,949 Melissa Shoals Apt. 151,14931,2021-10-20T19:12:59
75d1d776-14c0-4f6d-8764-51d3275dd459,Nancy,Barajas,Female,2011-09-04,278-531-3571,hcoleman@example.com,8818 Linda Village Suite 061,85706,2024-10-03T15:57:52
a0dbfca2-743c-4b6b-bad7-c891a8d791b6,Shannon,Anderson,Female,1984-02-18,607-258-4939x17826,josephstanley@example.com,0288 Watts Vista,41498,2024-04-17T11:46:37
54555290-017c-45c5-a873-19fe981dc530,Brooke,Miller,Other,2005-05-05,571.375.6635x790,mhodges@example.org,73865 Hall Alley,14335,2022-04-16T17:27:22
73fe7e1d-f36d-4b13-9f53-4d9aa7faf009,David,Long,Male,2016-09-26,001-928-897-2249,ashleykimberly@example.org,776 Colin Cove Apt. 986,17754,2022-11-17T22:44:27
e8292e3b-bbfc-4dc1-bff4-46b9bb468c13,Michael,Miller,Female,1952-07-18,671-882-6522x71068,bskinner@example.com,8404 Dana Village Apt. 037,35500,2024-04-01T04:55:35
dcffd7b6-361c-4373-a11b-20eb91b45e06,Shelly,Lee,Male,1976-07-07,(667)312-1249x876,michael21@example.net,91396 Leah Well,92417,2025-07-16T07:07:11
cc535c3e-52bb-430d-886f-ac8fa4c5dae5,Brandon,Cobb,Male,2004-01-18,(397)367-2207,staceyjohnson@example.net,66894 Jacobs Park,73971,2022-08-23T17:43:42
9a2fc701-f3af-4b09-8c12-6e0e121af952,Ronald,Olson,Male,1976-02-07,632.945.7195x5496,vickiemcdaniel@example.org,28177 Todd Lights Suite 442,85199,2024-02-26T20:40:57
3d75e423-2d92-4dab-8152-6bff661b9738,Jacob,Gray,Other,1959-05-24,470-204-2955x471,alexandertiffany@example.org,080 Conner Falls Suite 239,83659,2024-04-27T23:32:18
054046cc-16d5-4b84-a61f-7117dd926cbf,Thomas,Kim,Female,2001-05-08,232-799-9839x18759,shelly94@example.net,6411 Mary Stream,35838,2023-06-23T20:51:27
67037089-c78c-42c3-a374-ed1429b67b14,Shannon,Park,Male,1993-04-16,369-238-4738,asanchez@example.net,18508 Derrick Circles Suite 340,45547,2022-12-20T07:48:10
27755e9d-a770-4217-b455-af73c0a7ad9c,Peter,Carr,Male,1980-03-27,+1-701-275-2400x175,brittany35@example.com,1277 Charles Underpass,96501,2023-04-21T18:29:41
bc633d6c-6eaf-4a90-8d14-eacb7da80631,John,Haley,Female,2006-08-28,392.983.9291x2381,patricia00@example.com,26284 Gary Fork Suite 603,42373,2023-05-17T01:36:06
9a7fde23-af59-4a66-a75b-21134f62cc9d,Thomas,Taylor,Male,1973-10-09,524-572-2264x728,kevinyoung@example.net,32227 Bennett Parks Suite 834,89863,2022-12-05T02:01:44
5e11a680-d501-4ada-989a-c35daa5f89ca,Emily,Jones,Female,1997-11-17,609.481.8192,daniel29@example.com,9752 William Pass,30366,2022-05-27T18:46:55
6359d5ce-e2aa-4dc7-b208-838e7d57ef69,Anthony,Harvey,Male,2015-11-20,749.380.0929x3677,sheila54@example.net,4429 Morse Overpass Apt. 683,21941,2025-02-19T22:18:41
1718cfde-6c4e-4a8c-99af-ee6490248225,Jerry,Proctor,Female,1970-04-20,+1-733-375-5737,tanyagonzalez@example.org,5312 King Light,91555,2024-12-04T17:08:27
2fb50401-9d26-4076-9e44-b774cf9d539c,Christina,Wallace,Male,1983-09-03,505.571.7159x183,michaeljackson@example.net,0135 Wilson Trail Apt. 341,10729,2025-07-30T06:41:23
836a5887-0a5a-4698-97cb-67b86d0f74e6,Jesse,Lee,Male,2025-11-06,(402)420-1738,champton@example.com,866 Aaron Orchard Apt. 996,37701,2024-01-31T08:48:31
a5c9cf20-3967-46aa-ad2b-2c8276a990f1,Suzanne,Russell,Female,1966-11-05,+1-798-375-6819x299,cordovadavid@example.net,383 Smith Port Apt. 275,25455,2022-04-26T00:14:19
86fbbcdb-7ecd-4062-ae40-3b9f27b2a5c1,Christine,Price,Female,1975-03-22,863.320.1306x53323,stanleynicholas@example.com,51644 Robles Rapids,19800,2022-08-02T11:01:54
77dd362b-4a6b-436b-957f-108b86514886,Christy,Waters,Male,2016-09-25,582.469.0080x0470,robertnewton@example.net,391 Heather Grove Suite 310,48359,2022-09-03T18:10:37
4ce6929f-7a44-4d05-8d32-0878e83ec3a0,Anna,Rice,Male,2025-07-22,+1-831-329-0442x823,fjohnson@example.org,89382 David Summit Apt. 015,99729,2022-03-12T01:14:36
4ce794d7-e724-4119-af2f-32a720b6d43c,Adam,Perry,Female,1942-03-06,001-997-884-9704x2097,plambert@example.org,94531 Taylor Forest,50787,2023-02-28T09:58:57
918b8e18-4ba4-4f25-ad7f-d4e285e95c6c,Julia,Allen,Male,2000-02-14,547-525-0762,theresaellis@example.com,444 Christopher Tunnel,87787,2022-12-27T10:15:45
836f224b-0b8b-46f7-aad4-4e111397a29f,Julie,Wiley,Male,1964-11-28,(401)461-6876x30737,timothy84@example.net,3917 Curtis Forest,67785,2024-05-20T03:50:00
76f3ba50-1830-4082-a9bb-a3c46cc721f0,Angela,Garcia,Female,1955-04-24,001-757-888-2233,jasonjarvis@example.org,42264 Allen Green,83849,2022-12-09T02:09:12
5aff4594-40dd-4895-9015-48989187c9a0,Stephanie,Thomas,Male,1936-07-01,(366)957-7606x125,john21@example.org,98893 John Courts Suite 964,51590,2023-08-10T09:18:06
042a2f64-80e1-4e4d-84c6-08eb14eed987,Stacey,Smith,Male,1956-03-07,(687)948-5117x6612,jmorse@example.com,6469 Samantha Land Apt. 282,62515,2025-05-07T21:27:04
c942e6e8-2df7-41e0-b67f-3c15a95d3271,Shelley,Wolfe,Male,1991-08-25,+1-948-425-4576x344,williamsjames@example.net,352 Jimmy Curve Suite 204,55490,2024-12-12T23:53:39
6a8f7654-1552-47c7-8b96-13466498da39,Michael,Blevins,Female,1978-05-17,(917)505-7267,romanbrandon@example.net,04330 Ford Ville,02826,2024-11-03T10:01:15
b95e44e3-9653-49ee-905e-c9d64c32a0a2,Anthony,Davis,Male,1947-11-16,(732)238-8409x955,fbass@example.org,63198 Mitchell Summit,71707,2021-12-31T00:47:50
cece36ae-9fb2-49b1-b32f-c932ab962697,Ryan,Cole,Male,1987-09-03,862-790-6516x512,robin37@example.org,14152 Angela Mill Suite 000,74883,2024-01-09T06:38:49
cf5c8dd3-df10-4434-ab09-6202f77aefe1,Matthew,Gaines,Male,1943-05-23,(593)557-6338x12354,zwilliams@example.org,76020 Johnson Gateway,62081,2022-10-12T01:12:36
fb708dd7-bf3d-4023-9406-42a82f61e334,Rachel,Barnes,Female,2008-11-11,2316697607,bschneider@example.org,9319 Berry Field Suite 499,09351,2024-07-18T18:59:05
6f0d7229-1b38-4c72-ac64-8459df22367d,Debra,Miller,Female,2019-10-26,4287798262,samantha74@example.org,508 Ryan Burg Apt. 634,02231,2024-03-30T15:33:27
0367ee2c-1dde-407d-a51a-6277017f319f,Deanna,Mckinney,Male,1987-07-30,569-631-3336,laura28@example.org,332 Scott Grove Suite 816,40082,2024-04-04T06:41:37
67b41520-b11a-4696-b5cd-3e5c7a248720,Teresa,Perry,Female,1948-10-27,928-668-1591x56740,gonzalesheather@example.net,0812 Gonzales Circle,52000,2021-11-25T00:04:31
b9d5546c-9a15-4b85-be86-f5d0f73eeb07,Eric,Jensen,Female,1958-04-25,(848)997-1470,charlotte50@example.org,19797 Turner Rue,58816,2021-10-19T06:25:07
9de2fd3f-f952-41e8-9029-733c9e55f98d,Denise,Norris,Male,1991-07-09,+1-701-365-6124x66256,meghanjones@example.org,61422 Porter Lights,77316,2023-11-03T10:12:49
acd380ef-b0b7-40ab-b690-72cfac7e5cc6,Adrienne,Mercado,Male,1964-05-30,(281)494-8044x63580,iblevins@example.net,1411 Daniel Falls,80465,2021-12-10T13:46:31
2296d3f6-2005-4d7e-966f-419a4d7ae829,Tiffany,Reed,Male,2004-02-10,001-684-819-3626x3134,owenscasey@example.net,521 Amy Junctions,21959,2022-05-04T10:39:05
b22f2e91-0411-4e35-90e3-4b2b1ca64c33,Gabriel,Gilbert,Other,1952-04-27,942-231-1547,monica98@example.net,20605 Brandi Well,41127,2022-10-23T04:53:30
7b2a7f10-3590-4039-86dd-5e19dbe83664,Katherine,Jackson,Female,2005-10-09,551-329-9387x884,kimashley@example.org,764 Scott Avenue Apt. 920,99195,2022-03-14T20:45:29
d79330f1-6f8f-455c-bde5-4ee2a655596c,Amanda,Humphrey,Female,1944-01-18,001-269-383-2924x01162,cfernandez@example.com,81975 Shawn Drive,10223,2023-11-29T16:23:54
160a3a13-30df-450c-89e0-8b89ca3e3238,Savannah,Hawkins,Male,1938-04-14,(965)305-6553x40026,ijones@example.com,3995 Rich Springs Apt. 611,71263,2023-07-02T21:25:21
6c0046f0-7957-495f-a5ee-2f0f76a30eb0,Brittany,Rodriguez,Male,1973-09-27,001-421-485-9293x00449,robert89@example.com,166 Darren Landing Suite 001,03166,2025-05-15T18:25:18
bd20c36a-2705-44cb-a704-b1152a85e3b1,Ashley,Brown,Female,2000-06-10,778.766.5571,cmartin@example.org,38651 Cruz Parks Apt. 727,22824,2023-03-27T14:32:29
0506536c-78b3-442a-bc2c-0791f6bffaa9,Mary,Lindsey,Female,1939-08-20,(335)493-1215x1009,tonyabriggs@example.net,31103 Odonnell Burg Suite 710,77827,2022-02-28T16:14:48
4b7a123e-338a-4a2d-be1c-fa1495d16384,Gabriel,Pineda,Female,1970-04-21,001-659-738-7959x638,markhill@example.com,662 Patricia Stravenue,89525,2021-12-20T19:41:36
55773297-0d09-4c73-a448-a3d5d5767137,Albert,Dillon,Male,1967-06-28,(937)557-0815x1807,kellifox@example.com,4645 West Forges,09223,2022-01-12T02:14:09
6e89a7a8-b68d-4037-98fe-3fb8a1628abf,Pamela,Peck,Other,1991-08-06,(489)774-2757x14891,david16@example.com,794 Hayes Branch,09113,2024-08-09T09:34:29
9423251e-bcb1-4a00-bee6-67ded93eea4d,Samantha,Macias,Female,2010-10-20,+1-566-484-9272x5452,anthony23@example.org,29439 Garcia Summit,41521,2021-12-03T16:23:25
0979f5d3-4a70-4330-bfc0-31368de6e6b3,Daniel,Hernandez,Female,1969-05-12,001-641-242-9009,ramostimothy@example.net,192 Donald Port Suite 110,77908,2024-10-24T05:52:33
b98050a6-974e-498d-836b-47c37c711cc8,Ronald,Graves,Female,1997-03-17,5246911699,xschneider@example.com,2974 Alexander Fords Apt. 721,96831,2025-07-31T16:20:03
de1d4653-d112-4bb8-a7b2-df91adbd2e33,Todd,Spencer,Female,1945-09-28,+1-992-579-0068x4642,michael76@example.org,731 Christopher Forge Suite 492,41592,2024-02-27T21:01:25
04de78f8-873f-4f03-8f8a-579cb6dbbb2c,Patrick,Hill,Male,1991-04-07,443-513-2815x6136,tiffanyhardy@example.net,460 Hughes Skyway,58439,2023-01-13T09:05:57
4491be40-1042-4a8e-8da2-2a3950db8e34,Arthur,Anderson,Female,2007-09-17,9182799971,angela52@example.com,115 Trevor Squares Apt. 736,11356,2025-05-22T19:51:01
1defd401-792c-4d76-a39e-b7c26ac98528,Yvonne,Allen,Female,1940-08-07,306-332-2362x8197,lewisthomas@example.com,96719 Lawrence Meadows Suite 816,23198,2023-06-23T14:05:57
72c573e9-58c5-4875-a56c-0a56f05ff9c3,Noah,Davis,Female,1972-08-17,268-926-5970,sarahmayo@example.org,1215 Kendra Union,58717,2025-07-21T08:14:22
b9e8d781-49bb-4313-a94d-25fc05539a50,Debra,Smith,Male,1990-08-18,001-427-831-6734x99284,vstone@example.org,405 Weaver Run Apt. 206,14377,2022-04-23T03:18:39
81f46dfd-3b6b-4c0d-b028-05af580661f1,Jill,Hunt,Male,2000-07-30,970.314.4987,alicia92@example.com,259 Jason Port,90262,2024-02-29T15:18:54
ebf6dd32-56d2-4b12-af5a-7636e8b8d252,Chase,Henry,Female,2026-05-01,001-336-386-4215,jasminemyers@example.org,282 Freeman Lane,86789,2025-08-24T10:12:56
77ed78d9-a82e-4889-b717-4acfd7abed02,Michael,Lawson,Male,2012-01-17,001-937-967-3264x266,anthonybaker@example.org,2794 Justin Mount,09991,2024-09-29T20:32:39
63ef5e69-b61d-46f5-b916-33574b1bdf3b,Judy,Adkins,Female,1955-01-24,001-376-564-7848x60564,ericksonrichard@example.com,297 Christina Isle,15923,2022-08-18T15:39:46
a70a409d-ac50-4260-b0f2-4933d544c79b,Tina,Kelly,Female,1991-08-28,3992014806,lsims@example.net,036 Evelyn Drive Suite 237,42755,2021-11-11T01:04:43
f88fa199-ccbc-4f4b-b8ea-47e2cbc4dd42,Matthew,Rojas,Female,2021-09-25,232-826-0278x4624,stephaniecervantes@example.net,587 Laura Forest Apt. 710,98763,2023-03-02T08:55:08
b0d18df1-484f-4db9-b50b-9f519f310fff,Nicholas,Williams,Female,1938-10-25,(974)615-8679x52408,stewartmelissa@example.net,75764 Lane Road Apt. 921,40370,2024-02-17T10:41:05
2c5cce54-210c-48d9-bb9e-a9ebaac4363f,Lauren,Hudson,Male,1978-01-13,(340)343-6545,owilliams@example.org,65679 Robert Dale,40128,2022-09-29T16:21:28
cb21aa80-19d4-439a-bdff-e27d9b125dfb,Melissa,Mccullough,Male,1948-12-31,381.648.0896x586,qaustin@example.org,368 Christensen Neck,36580,2022-02-25T12:06:30
3c1689c2-4dbc-417c-be64-c44ffe678797,George,Thompson,Male,2004-12-11,367.504.4471x8694,kingamber@example.net,83557 Juan Mountain Apt. 931,78565,2022-02-14T16:02:08
5bd972c7-04a4-44e7-bfcf-956e0c0b6cd1,Jessica,Spears,Female,1944-06-16,(359)453-5324,sperry@example.org,8566 Megan Terrace,80902,2021-10-13T20:59:26
2cba1bc6-289a-4e38-ad4b-24ec5b673a25,Jean,Robertson,Female,1980-11-05,711-711-2015x0261,jennifer77@example.net,410 Lowery Dale,68847,2024-01-19T05:33:45
ce8b76a2-082f-4fb9-80e3-fe4fe4fb2a3b,Thomas,Roberts,Male,1994-07-14,780.690.4952x60518,ghill@example.org,81122 Chris Greens Suite 366,66587,2021-11-28T21:41:23
3a085f6a-9e18-4a98-9d2d-17716e3d2494,Gregory,Stewart,Male,1972-03-25,+1-959-297-5265,reeddonald@example.net,3290 Jasmin Meadow Apt. 962,81095,2024-09-07T09:51:53
fe60afde-4200-41aa-bc82-6fbe395e54f0,John,Ramsey,Male,2022-07-11,(313)461-5100x37492,harveysarah@example.net,07757 Michael Turnpike Suite 623,75895,2024-09-04T14:40:51
c524f047-0bf2-4b51-84f5-b03e5af1128c,Justin,Perry,Female,1991-05-15,001-391-245-7859x095,candace05@example.com,26625 Brian Court,48238,2025-05-25T02:06:29
da78f4c5-26b3-403a-a575-13a5447a4e2c,John,Hicks,Female,1940-04-27,830.924.6776,colemankelly@example.org,107 Penny Ridges,96672,2023-08-13T09:51:50
1aa90d26-ab63-4d66-9ab2-b73583f06e7d,Tyler,Thompson,Female,2007-07-08,251-257-0343x49171,denisesampson@example.com,8334 Sanchez Oval,37774,2023-11-09T15:22:27
cc8a6796-7015-493c-b23e-9a06ed37c2ce,Nicholas,Jordan,Male,1990-07-06,+1-853-599-2863,toni11@example.com,6416 Hurley Meadows,39410,2022-09-01T22:12:02
f9834d4b-1c65-46bd-8179-c596d772e63e,Janice,Collier,Male,1939-04-11,(440)969-6514x826,matthewfarmer@example.org,09224 Christopher Mountains,15996,2023-05-02T12:15:55
dbbf46ed-c83b-4467-9c12-67d29c4e7b65,Michael,Lee,Female,2002-07-19,317.442.1152,preese@example.com,970 Lee Ridges,81776,2023-05-07T12:08:29
81dec9db-0abe-4257-8ffe-38c9d2d81eb3,Michael,Hall,Male,1938-12-20,698.368.8635,jeffreypowers@example.com,7453 Fry Overpass Apt. 964,20899,2022-05-08T17:58:12
34943114-def1-4d58-9e39-2331a142d68f,Michael,Clark,Female,1985-04-16,660-631-2191,joannweaver@example.org,4032 Klein Cove Suite 464,24500,2022-06-06T12:25:00
b54a31ba-4ac8-427e-ba75-1921283348ea,Michael,Carroll,Male,1954-05-02,419.920.7441x1486,tonyawalsh@example.com,81291 Hamilton Centers Suite 009,73548,2024-04-03T06:08:14
ded89c47-bb88-454e-bf96-8d71818270d2,Rebekah,Navarro,Male,2009-07-14,001-670-217-2151x8474,brownjon@example.org,222 Evans Ferry,29553,2022-06-07T00:13:25
d1b48562-55a8-46a1-9d1d-dcb7a5a7e280,Scott,Phillips,Male,1977-09-16,001-450-538-9347x64995,melindagonzalez@example.com,422 Blake Circles Suite 484,32129,2024-12-31T16:44:20
f83a1bce-7069-4977-b3af-15bed93d8722,Maurice,Mitchell,Male,1974-10-07,001-762-360-5538x5558,robinsonjoseph@example.com,9958 Lewis Rest Apt. 113,07665,2025-03-11T23:02:55
d5b65438-3ecd-4888-81af-b939c4df5b8d,Amanda,Clark,Female,1946-12-04,(916)517-6251,fowlerearl@example.net,12652 Aaron Centers,58772,2022-12-22T16:31:14
2bd7d038-8149-4b7a-8968-fdf25760c094,Laurie,Chang,Male,2018-11-19,+1-688-271-0548,krista80@example.org,6581 Charles Road Apt. 622,32171,2025-01-17T11:14:19
6a3e0103-c13d-4929-b717-548d5f57fd27,John,Mendez,Male,1964-06-17,(746)695-4946x5920,brett32@example.com,162 Misty Neck Apt. 692,48270,2022-07-24T23:15:29
c0d2201b-26cf-4e04-bed5-e52eaa3d2111,Jason,Anderson,Female,2017-09-13,+1-266-227-2507x012,brandon58@example.net,27248 Watkins Fork,08799,2023-11-16T06:28:11
235398a6-3a6a-42d9-8986-f8936bf5fc98,Willie,Cook,Female,1999-10-31,573.940.5386x76770,scottmontoya@example.com,036 Ibarra Station,75872,2025-09-14T12:58:34
e5e79add-68c8-4ed8-ab03-5cda69d53317,Barbara,King,Male,1990-10-09,001-650-912-3578x2239,middletonjeffrey@example.org,62953 Edwards Cliffs Suite 877,58195,2025-09-25T20:57:50
aea491fc-cb6b-4306-8422-c0cfda36433a,Cynthia,Morgan,Male,2012-10-29,218-583-6808x988,andrewgeorge@example.com,817 Tapia Knoll Apt. 539,09193,2024-06-07T11:55:35
c528ac36-2545-434c-b14c-d65e079e8b0b,Ian,Brandt,Male,1983-07-31,425-900-3089x73760,mbrown@example.org,58363 James Way,82288,2022-04-21T11:49:35
11d012a7-f192-43c9-8470-f6c8ce6631cb,William,Cooper,Male,1994-03-05,843.460.4898x833,randolphscott@example.com,0947 Amanda Pass,68274,2021-10-28T04:11:05
c5ba36af-fb60-4e1c-a6d2-975250970843,Emily,Price,Male,2020-10-23,+1-251-931-9142x9673,peter86@example.net,646 Bruce Summit,60236,2024-02-07T11:02:54
097ef98d-c25a-4eb3-a4ad-19050fbc6377,Hannah,Garcia,Female,1997-03-18,494.591.7655x898,ortizdustin@example.org,141 Butler Crossroad Apt. 338,88837,2022-10-11T00:16:49
93162f53-e70a-4828-a6a4-cbefa437199c,Daniel,Jimenez,Male,2014-10-27,6033724709,teresa30@example.com,5290 James Ridges Apt. 057,85250,2025-06-13T13:57:35
cc8fe6ce-b69f-427c-bae4-5d7ca1b1087e,Monique,Castaneda,Female,1962-07-01,001-522-963-0307,pittmanrobert@example.com,946 Dwayne Knoll,85200,2025-03-12T16:14:25
6b579789-4bb4-4889-b900-5224851031c0,Tracy,Humphrey,Male,2026-01-30,+1-712-833-1603x08992,patriciamiller@example.org,21530 Lindsey Centers Apt. 761,61678,2025-07-25T04:45:39
dfa0bc17-8db9-49af-b366-ffd1ae4d8a19,Tracy,Bender,Male,1958-09-24,001-589-333-2345x422,hbecker@example.org,14276 Curtis Junction Suite 076,20275,2022-01-21T08:09:36
581ab26c-e8c3-4a79-904e-54acbe216c79,Hannah,Macias,Male,1991-05-21,850.321.4210,phelpsnancy@example.org,5582 Angel Ports Suite 124,33734,2023-04-19T14:37:16
9c433e67-871d-4bfc-a674-10de479fb5f3,David,Davis,Female,2016-12-10,565-437-0923x8798,gavinmoss@example.org,7098 Harris Hills Apt. 517,08366,2022-04-15T13:14:43
a4d546e1-7239-4201-a768-7c42b3468999,James,Zimmerman,Male,2003-11-24,+1-512-215-5524,amartinez@example.org,88041 Jacqueline Falls Apt. 261,07044,2024-04-12T07:35:30
9e418884-c9d0-40fc-9fd6-09228b5f74aa,Ellen,Fowler,Female,1993-08-16,001-210-529-6746x977,ashley31@example.com,934 Michael Mills,41394,2024-03-21T11:47:13
cfd42949-e33e-4976-9862-5813b28d7506,Anthony,Peterson,Female,1976-07-24,517.471.5564x8964,jennifermaxwell@example.net,18158 Smith Ridges Apt. 263,33468,2022-08-09T07:26:12
e1878e93-3281-4976-8680-a2e5678daf97,Brett,Hernandez,Male,1957-03-14,3489240152,amberwilliams@example.net,32471 Keller Junctions Suite 739,08416,2022-07-30T10:21:39
63d69dd8-55a1-4414-8995-3dd10976e09f,Dakota,Hughes,Female,1996-05-29,001-328-218-8584x07343,courtney34@example.com,758 Brown Isle Suite 227,05687,2024-05-29T04:44:45
853d8090-2041-47ed-a13f-8740bd740fe0,Susan,Bowen,Unknown,1985-10-26,(277)820-0536x889,jeffrey38@example.org,87767 Frank Tunnel,75421,2022-11-30T01:12:50
82fce908-17c3-45fc-b6b7-4e2748af7f10,Sandra,Whitney,Female,1946-04-02,953-509-1270,dross@example.com,2447 Marcia Prairie,56721,2023-10-09T09:52:19
a2bc491e-c1cd-49a4-9738-b27785764472,Jordan,Smith,Male,1944-08-01,(823)392-5265x55757,martinmelissa@example.org,6555 Brandon Shores,33536,2021-11-09T02:14:30
8a39068b-cbed-4473-a3eb-f7c10723e11e,Timothy,Ball,Female,1962-11-17,+1-793-487-2707x5933,gary84@example.com,28901 Brown Locks,26888,2023-11-03T14:07:49
4dcf2615-c62f-4461-950c-f57e3dc8719c,Alicia,Jones,Female,1952-05-25,+1-668-593-8395,courtney71@example.org,38405 Logan Glen Apt. 931,72196,2024-07-17T00:17:51
bb63721d-1c45-4ba3-8159-ace5fca91028,Steven,Anderson,Male,1961-11-30,519-550-9623x34405,tammyclark@example.net,35805 Cheyenne Village Suite 981,37611,2023-12-21T06:00:45
81eb7abb-a082-42df-827f-66355f7b8b00,Amanda,Morris,Male,2019-06-23,215-856-7464x22730,peterford@example.com,42804 Cassandra River Suite 476,28613,2022-08-08T06:07:21
f0fbdb65-a6a5-490a-81ad-e98a0c3838a5,Cynthia,Gibson,Male,2017-10-03,001-238-504-7013,ajordan@example.com,179 Smith Isle,60165,2024-03-26T17:16:49
0155aa51-bca2-4581-928b-1e4b4c472ded,Paula,Craig,Male,1965-03-25,408-402-7136,michael84@example.org,22211 Makayla Parkways,67105,2023-08-02T00:54:43
beea002a-ce2d-4105-bc70-dfcafba2a5f1,Christina,Pruitt,Unknown,1945-01-08,+1-766-907-0941,kayladavis@example.com,845 Jessica Port Apt. 053,96155,2025-06-24T11:03:31
f0029577-e4f3-44d5-b6f3-1d0290cafac3,Kyle,Cox,Female,1975-10-07,649.723.0810x7993,ohoward@example.net,2674 Singleton Street,30008,2024-05-20T12:28:50
3bdccce0-9875-44da-9830-dffe88859ae5,Nicholas,Stewart,Male,2013-11-12,001-791-478-0271,shaunolson@example.net,263 Rodriguez Mountain,14948,2023-05-22T04:26:30
d0a90840-c8e7-42f6-aabb-6cac48d75165,Anna,Lee,Female,2010-05-31,458.617.8105,alexander57@example.net,4211 Nicole Run,83103,2023-03-17T14:24:36
60aeb372-b6df-44a6-a3d5-2be0ac249f30,Thomas,Conner,Female,1948-03-29,544-300-5799x7984,george79@example.org,74655 Richard Track,31524,2021-10-23T11:08:51
84362fc7-53ed-474f-9af0-26df3f64e5ee,Harry,Shah,Female,1936-09-08,6684652320,mayerik@example.com,42848 Williams Club Apt. 672,39259,2023-03-14T16:03:37
744da236-5c7c-4778-874f-054fd2a5d216,Andrew,Gilbert,Male,1954-12-05,001-800-685-8752x1932,donna43@example.org,91209 Graham Junctions,68610,2022-09-05T21:49:04
697c4d7d-d414-4d03-acfa-28cfb62e110a,Crystal,Vasquez,Male,2023-05-28,001-978-562-0892x799,angela29@example.com,4268 David Knoll,08495,2022-03-05T11:02:07
214bd473-e375-4867-acc5-60710febecad,Steven,Bailey,Male,1997-03-17,(603)216-8157x366,hcastro@example.org,39081 Daniel Skyway,40758,2023-08-27T15:38:42
ad443c48-5e8a-40da-93fc-927f7237cf5b,Richard,Hayden,Female,1980-12-26,540-288-8850x3721,michelle80@example.net,296 Jennifer Haven Suite 208,65949,2022-10-03T16:47:08
c7610e83-84d9-4451-8f18-8e729696dc6c,Melissa,Torres,Male,1954-08-30,(815)463-4397,david38@example.org,7432 Rubio Valley Suite 553,69868,2022-09-29T08:09:39
a2ef1e21-7fb3-4568-9594-eea843816e47,Michael,Graham,Male,1982-08-25,001-941-439-0744x329,lopezkaren@example.org,23703 Cynthia Run,91405,2022-05-10T18:17:42
f2a45575-ee58-4967-b063-796a70a91477,Alicia,Beltran,Female,2018-06-20,001-670-326-0052x0610,pachecopaul@example.net,7532 Andrea Fields Suite 736,96336,2023-01-10T11:37:04
29b01062-d2e5-4512-aabb-6c41f92862a9,Dustin,Ramos,Male,1981-04-23,001-672-428-0436x917,angelabrown@example.net,191 Ashley Plain Apt. 745,43638,2024-10-02T13:37:39
752caa97-b60d-46a3-bc19-8515208b326a,David,Cole,Male,1979-04-29,+1-837-600-4102x3362,jonesnicole@example.org,0389 Erica Cliffs Apt. 649,03209,2025-03-12T10:06:00
8775cabf-dcff-4f1e-8360-1fb5b45bbad3,John,Joseph,Male,1997-01-27,368-289-7293,williamschristopher@example.com,0574 Black Ways Apt. 381,91630,2025-08-01T16:10:25
0858f527-792d-4499-b497-375c366fbddd,Tyler,Webb,Female,1972-03-14,949.507.9232x8533,bthomas@example.net,6207 Paul Lodge Apt. 185,66132,2025-01-22T14:13:54
ebf45b9d-5e8c-4bbf-8f1c-5f8cf1ae8af9,Matthew,Bean,Female,2024-04-30,586-625-3956,icampbell@example.com,490 Lauren Divide,51115,2024-12-24T03:35:14
1c3efda4-689b-4fb2-9a31-7fd79a0278a6,Katrina,Hampton,Male,1991-06-20,244.748.3041,matthew89@example.com,93772 Hinton Island,84650,2024-12-24T13:15:02
85d4bf0f-0a4f-4e3b-8a22-9ba5925f2cc6,Ryan,Stevenson,Male,1938-12-23,734.757.1071x7806,jacksonkevin@example.org,14642 Edward Mission,52213,2023-04-18T00:27:31
5fdc9844-fdb3-4e45-8e0f-89b95f187c02,Veronica,Berry,Male,1989-06-26,001-575-881-3434x47762,prussell@example.com,20459 Crawford Lodge Suite 404,81705,2023-04-02T22:52:36
249316b4-ca8c-4366-8729-8d477c659dc9,Robyn,Johnson,Male,2023-03-23,+1-425-919-1155x652,mccoyrichard@example.com,467 Calhoun Forges,26591,2024-02-19T08:12:27
efd37a6d-0c74-4518-abf8-43df96f19d54,Joel,Morgan,Female,1943-02-01,(378)562-6314,julia03@example.net,514 Gregory Ville Apt. 190,50942,2023-11-14T07:14:28
2ede2487-3730-48be-8892-4bd6e39940dd,Stacy,Hall,Female,1992-08-16,+1-352-737-4761,amanda49@example.net,84008 Charles Circle Suite 212,35172,2021-11-09T18:35:17
8c2b678e-1f50-41aa-8088-b13a7d2194cb,Elizabeth,Mendoza,Male,1991-11-22,586.919.8664x5338,jameswilliams@example.com,6031 Terry Mount Apt. 533,76247,2023-07-06T10:56:07
7b2e60e1-6ae6-4480-8b70-4f97ded44617,Joseph,Nelson,Female,1977-10-17,427-957-9880,brianlynch@example.net,2512 Stephanie Pines,59974,2025-04-21T06:47:23
567b9583-e679-4a4b-b3ce-cf7c90d5e87e,Michael,Collins,Female,1990-03-27,900.247.5870x1280,joshuapennington@example.org,86101 Alyssa Center Apt. 535,99128,2025-09-25T05:17:36
d56c478f-b854-4d6a-959f-2b6979a8832f,Emily,Taylor,Female,1996-11-12,+1-500-656-0886,burkepatrick@example.net,94474 Oliver Stream Suite 792,33092,2022-06-26T09:16:56
a2ef0f53-8138-4447-a376-324fc30f3c69,Elaine,Brown,Male,2009-07-31,595.576.8538,nicholas41@example.net,78631 Steven Light Suite 687,95218,2025-06-02T21:48:57
2623b91a-72f6-4fe1-aace-fa98732e9280,Ashley,Tanner,Female,1997-08-06,001-837-899-5688x085,douglas63@example.net,786 Kidd Well Apt. 105,15747,2024-07-13T20:38:32
9ff0f466-ccc0-4446-96dd-58af53415fe2,Christopher,Mitchell,Female,1954-08-24,+1-964-210-2205x83595,michaelbennett@example.org,82760 Mckinney Motorway Apt. 625,01085,2025-09-22T02:21:45
e6766b0a-3b9a-4daf-a321-d75368dd66fd,Christine,Golden,Male,1999-12-03,001-892-561-1980x9560,johnmoss@example.com,365 Griffith Causeway Apt. 973,16140,2022-01-24T17:08:08
aba23511-f544-428c-8bba-d72a8a7e9cce,Christopher,Jackson,Female,1955-01-20,522.416.3174x199,rsanchez@example.org,635 Kim Ferry Apt. 266,18731,2022-11-12T20:02:00
16a9e518-a55a-492f-8702-0de0bc64c7e9,Edwin,Luna,Female,1993-07-26,(339)407-4266x3389,allisonmurillo@example.org,70609 Charles Circles,60566,2024-08-13T02:36:38
a14ed649-926e-402e-8659-8f83b50b9ff8,John,Shields,Female,1988-10-14,623-793-3818,elizabeth97@example.com,523 Hoffman Mill,20289,2023-04-02T01:59:43
a5292f56-8fa0-4a4c-8f10-aae3b518174f,Andrew,Moody,Male,1987-10-31,513.622.3709x031,ocollins@example.net,153 Belinda Isle,73967,2022-09-22T01:33:24
f485e944-3142-40c7-95cc-861a8f31bf2e,Mary,Mcconnell,Female,1953-12-13,+1-565-809-0128x18489,matthew03@example.net,67991 Justin Points,97156,2021-12-08T16:15:36
f5112438-0d89-4ced-81f3-114393acceb8,Patrick,Lloyd,Female,1988-01-08,(561)621-7472x672,jarvisamber@example.net,2753 Price Ranch Suite 073,96008,2023-01-16T17:40:44
80acefb5-79d0-4e2b-8024-9b51307c3f63,Deborah,Martinez,Female,2008-11-27,5899316982,john42@example.net,6680 Walker Knolls,23026,2023-06-15T13:13:30
8827f0b5-efa9-4c7e-a883-5c661ecae0c0,Shannon,Ali,Male,1983-10-01,(398)205-3036,mcclaincourtney@example.net,510 Colton Port,94679,2024-05-31T21:21:40
34afa2e1-c968-48ee-8663-f1a104db73f3,Matthew,Williams,Male,2011-08-31,001-272-764-6271x6752,sandramurillo@example.com,57239 Green Glen Suite 425,71388,2024-04-09T03:40:37
945d91a5-e33d-4982-96c3-4b19b4a35c95,Cody,Mathews,Male,1978-10-06,+1-574-365-1984x656,njohnson@example.org,897 Garcia Well Suite 263,91170,2024-10-08T09:35:06
5207c6cc-9b5a-4674-8896-54b2ce926059,Michael,Stone,Male,1954-06-26,408.223.1430x25200,evan69@example.net,782 Young Lane,65399,2024-07-24T19:31:05
ef10b6cc-dcaa-4994-bdd1-2d570b840c50,Aaron,Willis,Male,1996-02-19,+1-385-806-1613x12178,philippineda@example.net,2233 Torres Inlet Suite 117,74938,2024-11-15T01:12:19
06289878-6a39-4607-ae35-c5c86fe05fa2,Katherine,Stewart,Female,2016-08-05,001-557-811-7049x4415,scottmelissa@example.net,32181 Pratt Valley,05708,2023-01-20T02:33:29
174d6b87-41d6-476a-a1cb-78c3513ff9a9,Margaret,Garcia,Male,1984-09-12,(810)607-2607x6851,davidsonroger@example.org,8445 Jennifer Dale,66380,2025-07-01T12:43:16
490ccf97-2b0c-456b-8ab2-0bf4196dedc0,George,Olson,Male,1954-11-02,+1-942-489-8116x649,alicia32@example.com,4859 Karen Forges Apt. 759,76339,2025-01-19T11:41:15
277b71ea-16f1-45cb-84af-9dc9416c0562,James,Scott,Male,2010-11-25,(638)881-8716,bmiranda@example.net,247 Stone Mountains,18354,2023-03-04T16:32:42
0f14f86c-2b50-4ad7-adb9-4a81684344a1,Taylor,Duncan,Female,1984-04-12,+1-513-815-4636x7621,hamiltonchristina@example.net,7272 Gomez Shores Suite 699,77080,2024-01-16T08:03:02
b69adeac-06f4-40ee-ae74-05695346405c,Kelsey,Porter,Male,1944-12-06,594-889-3336,mcgrathlarry@example.com,59977 Barbara Roads Suite 595,91769,2024-05-24T00:19:35
24784b7d-51ee-4cc8-9947-4d1a63d316c1,Philip,Baker,Male,2019-03-31,574.718.4126x405,tiffanywalker@example.org,6973 Mark Motorway,24168,2022-04-11T13:38:57
f10b394d-6021-415b-8207-fb5152ffeff5,William,Ramirez,Female,1965-11-14,(561)669-1749,dawn27@example.net,055 Garrison Center,07792,2024-10-11T16:03:37
3d57ee27-33da-4fc1-8d47-e26d1ef7a52e,Michelle,House,Female,2011-10-24,673.202.9620x56336,wrussell@example.net,1288 Sara Views,54261,2022-10-23T13:05:24
823500f9-7e33-468f-bc8a-ae879606006a,David,Dennis,Female,1991-01-05,001-487-225-4077x48816,jason81@example.org,3177 Shelton Viaduct Apt. 789,84537,2025-01-11T01:22:02
44f00717-1d75-4901-b309-106e62928cdc,Joseph,Mendoza,Male,2011-10-10,724.227.5814x0650,jason64@example.com,9488 Morgan Squares,35943,2021-12-03T03:51:34
10c1de9c-6836-49ce-8d99-57fa76feacd6,Timothy,Welch,Female,1965-03-15,(484)456-8893,walshtimothy@example.org,81940 James Port,92026,2023-10-24T00:49:02
e9ea8b10-3bd6-4a06-a22f-c33168518341,Stephen,Downs,Female,2021-10-12,+1-633-267-8358x845,hfreeman@example.org,231 Cheryl Valleys,94076,2023-11-23T14:58:55
960f69fc-f6a6-46ee-8dd7-e05244e7a702,Kimberly,Sanders,Female,1974-01-11,458.433.5663x882,zsmith@example.net,7730 Levine Prairie Suite 077,05611,2024-06-22T22:13:34
a6cc0a57-8e01-4eb3-8352-8ba43f0e924b,Donald,Reynolds,Female,1947-12-02,+1-404-363-6320x15461,jessica12@example.net,673 Elizabeth Green,96149,2022-04-13T20:24:53
722be4aa-6820-4025-9178-8bdd4dfb1b6e,Mary,Pena,Male,1970-08-08,001-226-451-1858,whitejason@example.com,80961 Lance Ridge,20731,2022-01-12T07:55:38
c86aed73-3415-4076-801c-5617a2c3b917,Stephanie,Dunn,Other,1976-04-05,001-435-997-3098x0657,aprilgarcia@example.net,456 Ian Glen Suite 405,30157,2023-08-10T16:08:27
2b0e63fd-fc3d-4138-8a5a-42725f90ee57,Aaron,Murphy,Female,2004-09-17,954-909-8521,cynthiaknight@example.org,234 Castillo Plains,39933,2022-12-05T04:21:40
f61b2bfd-6c7b-4a77-b3de-6bc2899bef4b,Robert,Sandoval,Female,1961-07-29,(674)230-7667,garciaapril@example.net,6699 Lee Ports Suite 071,19605,2022-12-07T12:54:05
d0096b2a-0041-4afc-8ab2-e2ca73a55d2e,Raven,Pruitt,Male,1943-01-15,+1-447-465-2056,kathleen18@example.org,881 Welch Garden,60306,2022-03-17T18:43:36
a72edd5f-4a0c-408d-9ee8-27fad451b59f,Brian,Mitchell,Other,1978-11-30,+1-982-760-9600x7507,eugenejones@example.net,6774 William Flats,01984,2024-10-10T14:06:35
ebfbc97a-eefa-4d76-8f67-a174002394e2,Connie,Ross,Female,1994-05-26,842.763.3618x91355,jmartin@example.net,184 Jennifer Walk Suite 623,67260,2021-12-04T15:03:43
ae1455f4-d6e8-4ad3-803a-423a990ddc73,Eric,Li,Male,2002-03-23,3948618677,charles14@example.com,9912 Ruben Flats,19525,2022-05-24T22:38:00
36770e04-a1d8-407b-97aa-0f8359f6864d,April,Villanueva,Female,2025-10-19,(997)498-0134,mcmillanryan@example.org,7519 Brooks Mills Suite 703,82294,2025-06-16T13:01:02
29529420-0ba4-432b-8804-044c82a4e22e,Jennifer,Thompson,Female,1976-10-29,+1-591-243-8397x505,jasonbennett@example.org,6715 Christopher Roads,71260,2024-08-24T13:13:30
16f791ac-4cf6-4297-91e7-465690261d4c,Ann,Hawkins,Male,1960-10-23,503.922.4891x3604,maxwell76@example.com,408 Ashley Curve,65616,2023-03-07T10:18:16
b99e6f7b-23c0-4eb1-949b-862d1f7b6b19,Vanessa,Hartman,Female,1973-01-25,001-982-277-5947x922,brandtedward@example.net,5957 Harris Mountains Apt. 193,42335,2022-04-10T03:18:44
35fa46fe-6e95-4719-a0d6-e969478a943a,Michelle,Johnson,Female,2010-12-06,316.550.8170x376,frank28@example.org,453 Edwards Hills Apt. 724,36170,2024-06-27T21:55:42
e2495790-517c-4dec-8d53-9417f5194ab9,Michelle,Reed,Female,1963-05-14,+1-587-992-0148x292,michaelarmstrong@example.net,650 Butler Crest Apt. 655,69456,2025-09-29T09:35:29
fac9b5b6-42e8-4605-a29a-7e5f57b6f1aa,Shelley,Gomez,Female,1946-11-13,(803)255-5818x006,rodney77@example.net,136 Billy Underpass,36333,2024-11-20T16:19:29
a98afcb0-3ef5-47fe-85e4-307a73e5550d,Jennifer,Lewis,Unknown,1940-06-13,5638993782,smitherin@example.net,872 Barbara Valleys Suite 309,14934,2023-08-10T13:08:17
f5808b59-75b5-48d7-b5eb-728f57750d0f,Mark,Barnes,Female,1941-06-25,2472215357,markcole@example.org,20055 Smith Coves Suite 890,07967,2024-07-17T22:58:10
223bd9be-b11c-420e-a9fd-197204105bd1,Mark,Lopez,Female,2018-03-16,001-442-332-5543x34923,ericagonzalez@example.org,8330 Ricardo Cliffs,31812,2022-05-06T05:36:49
011871cf-79fd-4d33-9bd9-72ca00862f9e,Donald,Henry,Female,1993-04-11,001-390-247-4473x0981,ublankenship@example.net,876 Castillo Inlet,45005,2022-08-24T12:50:11
8e484bc0-69c5-4d69-ac6c-db5aac367cb9,Vanessa,Gonzalez,Female,2022-08-03,+1-233-557-8437x0118,judithross@example.org,3750 Johnson Circle,29427,2022-10-21T09:21:44
648df4c0-c330-4c14-bd2d-93e8b40b7288,Susan,Noble,Female,1949-01-14,863-478-4573,pam30@example.org,260 Scott Freeway Apt. 269,80306,2022-04-29T06:29:25
a6b96653-a62b-4d30-a070-bdb9c98cd5fb,Sherry,Cole,Male,2022-05-30,270.422.9400x97511,catherineallison@example.com,965 Mcdonald Villages,73586,2024-03-09T03:23:42
d0e915d4-d503-42a8-a47f-9c7e07ec2d32,Samantha,Welch,Female,1973-02-21,001-659-681-7130x3292,jenniferrodriguez@example.net,332 Kelli Wells Apt. 000,38422,2024-11-18T11:53:27
f8d78cbc-5a5d-4cc5-9f98-2a0dac184ef9,Samantha,Howell,Female,1986-11-09,9304293095,jacksonkayla@example.com,02556 Christopher Meadows,01425,2023-08-15T08:55:16
63021daa-5ba3-449c-99ef-827fd3d4ddd3,Jasmine,Walker,Male,2022-07-27,543-287-4437,jeremy59@example.com,6300 Reyes Forks,83676,2022-07-25T01:41:49
fbda05ae-b270-4103-8fd6-b161c49968dd,Mark,Ellis,Male,1968-12-31,+1-476-274-8813x914,teresacox@example.com,43140 Jimmy Pines Suite 842,80755,2023-05-02T22:59:06
3167d947-efad-4069-9ed7-d1a676730495,John,Norman,Male,1998-08-21,789-842-8408,walterwhite@example.net,12004 Richard Plaza Suite 155,74875,2025-05-30T19:09:59
c227e0f2-0510-4943-be3e-b6f738b595b9,Richard,Fernandez,Male,2000-09-09,7322187039,fred35@example.net,21698 Rebecca Plaza Apt. 356,27244,2024-09-06T02:20:19
3106e8ce-5b9a-489a-b58d-fc59ebe0c8c1,Jennifer,Cruz,Male,1955-09-06,(344)762-6556,idouglas@example.org,517 Steven Spurs Suite 792,61735,2021-12-14T00:28:22
cef44098-4d9d-4bb1-a00f-80d49d0a94df,Pamela,Riley,Female,1971-11-21,661-973-5360x684,hendersonheather@example.com,126 Eric Parkways,60166,2025-09-01T14:57:15
f7a0be7a-7e6a-4ea7-bae9-16343bf85406,Dana,Johnson,Male,1996-09-01,001-211-206-4802x32586,mitchellkevin@example.net,5411 Joshua Stravenue Apt. 296,08250,2023-07-29T19:38:58
b43c7851-e78d-4f32-be2a-9f7347dfa607,Katie,Miller,Female,2011-06-22,(817)829-5218,jholmes@example.org,5676 Richards Spur Suite 378,62410,2025-04-09T23:22:04
fbf8b1fe-3232-4e72-81d3-a0333586ae6f,Darlene,Moreno,Female,1981-03-28,001-371-918-9724,reillyjames@example.com,7267 Frank Lights Apt. 361,44638,2024-07-25T19:38:42
47003fcf-deb2-4490-9c66-fdd96565e779,Jessica,Walker,Female,1977-10-04,9766202820,jennifer62@example.net,32459 Jessica Garden Apt. 414,22701,2022-02-12T11:39:56
319aed6a-8d41-4b4c-aba4-63087e7786aa,Lisa,Meyer,Female,1982-05-27,851-443-4382x500,baileybrian@example.com,9492 Justin Haven,20468,2023-12-20T18:14:30
9a5c68ad-aeb0-4110-ac13-b24990d22d54,John,Decker,Female,1954-03-15,406.507.7149x764,gcuevas@example.com,24223 Jones Mount,86238,2023-09-18T11:01:09
bef81d85-20d4-4165-9691-f45d10bb794e,Brenda,Klein,Male,1956-06-11,001-211-370-0524x59609,karenjefferson@example.com,98402 Rowe Row,75864,2022-12-03T11:24:21
db00ab4c-91e5-4e86-aefe-02c34276bfe1,James,Davis,Male,1958-11-29,419-797-1786,fneal@example.com,68864 Reid Junction Apt. 456,75849,2023-06-01T19:17:22
463a5bb6-c841-46a8-ba99-1da085e89165,Adam,Adkins,Male,1957-07-18,553.867.4928x18711,michaelroberts@example.org,11270 Le Heights,42446,2023-02-01T07:02:06
f845846e-fdf0-461e-85eb-074dad900360,Timothy,Hobbs,Female,1963-08-23,001-590-249-7910,jeremiahwells@example.net,1850 Christina Locks,58052,2021-12-28T17:14:09
ae411155-40bf-4f6b-9d4d-0658886edae8,Kimberly,Scott,Female,1936-08-05,+1-430-857-7614x069,williamsjustin@example.net,57408 Rodriguez Inlet Suite 441,32417,2025-01-04T02:26:58
6d575fd1-f019-455f-8080-1ed9743480a1,Alison,Gardner,Female,1953-06-07,882-335-5263x73380,mmendoza@example.net,3810 Randy Coves,00850,2023-02-09T21:06:01
da968e7d-0d46-4159-a668-5e80f16d4fe8,Sherry,Chen,Female,1983-08-28,9763140486,ecarlson@example.org,210 Brian Road,14603,2022-04-07T11:28:38
682904ca-febf-4c56-9826-c4966ebb7a17,Joshua,Griffith,Male,2017-08-29,(616)985-0989,christinahood@example.org,6906 Alexis Meadow Apt. 338,95775,2022-06-06T12:58:07
7eddfc17-7772-4a5a-84ae-ffbeae1fd957,Samantha,Gill,Male,1964-04-14,+1-922-435-3755,vholt@example.net,501 Hernandez Lodge,81337,2023-06-23T23:49:44
b8a1e477-e240-4060-8b20-802fc24f3f4c,Michael,Townsend,Male,1995-10-29,567.978.8713x0848,aaronwilliams@example.net,29568 Gomez Inlet Apt. 670,57063,2024-12-15T08:54:44
884c0a55-6b89-4000-ab1b-b47f47269e7f,Cameron,Haynes,Male,2003-01-14,(200)338-1404x388,melissa15@example.org,8353 Watts Islands,86046,2025-07-24T21:12:51
55af47da-31d1-46cb-a450-dd3c01521e60,Angela,Hartman,Male,1980-09-26,561-441-7843x76018,tim98@example.org,535 Jose Stream Suite 936,07283,2022-11-16T16:43:40
fd81fbc0-067e-4672-8ec3-a6f49262c536,Kathleen,White,Female,2013-09-18,001-304-601-9395,jenniferramirez@example.com,4342 Garza Roads Apt. 228,53313,2024-12-29T22:41:14
f530c98d-6c7f-4bef-b086-47e1fa647958,Brandi,Thomas,Male,1965-12-31,001-282-210-6286x8521,mwalker@example.org,25704 Yates Corner,34516,2023-12-09T06:39:17
544810de-2a1b-46e3-b266-84ff3ffef652,Douglas,Ramirez,Male,1964-04-08,7259958885,brittneyrobinson@example.com,60855 Derek Shore Suite 259,80683,2022-03-27T10:10:24
0722ab3c-18c3-4aa9-a013-5044a041301d,Joseph,Rhodes,Male,1968-02-08,001-253-595-9569x17207,npark@example.net,3630 Michael Run,24514,2023-10-11T04:42:42
cc16ab4e-97b0-48b0-8626-67fccedcf5bf,Sally,Davila,Female,1999-06-24,481-318-4487x8905,keith90@example.org,5878 Mario Mountain,26592,2022-03-27T07:34:18
3f4574d4-401a-45cd-972b-81545594d9c6,Traci,Johnson,Male,1957-01-25,5376354053,langcody@example.com,506 Claudia Stravenue Apt. 371,81816,2024-01-19T06:47:07
d51fde3f-573e-4c3a-b574-175b3d051bf4,Oscar,Wagner,Male,1979-04-03,302-514-6548,tammyjackson@example.org,52501 Samuel Rapids Suite 950,39691,2023-10-02T10:04:30
3c9b3b84-cb4a-4dc6-8509-6c7855660d8e,Danielle,Johnson,Female,1990-04-05,(325)901-7759,linda90@example.net,93604 Washington Mountain,95729,2024-12-20T11:28:24
704377c3-9e9b-49e2-9997-496bc6978476,Crystal,Barnes,Female,1942-09-25,001-357-496-5273x9831,brittany22@example.org,16244 Cooper Locks Suite 137,02404,2022-10-21T21:56:13
1ff49f0a-9435-4cb1-b24a-f3fba016db34,Jose,Bryan,Male,1974-02-02,+1-578-353-1502x743,suttonnorman@example.com,480 Taylor Ports Suite 279,44325,2023-11-24T19:56:31
609cf7af-0889-460f-aaad-cb2f0f892df6,Sharon,Fuentes,Male,1943-11-10,425.409.3330x206,morriskristi@example.net,2813 Berry Passage Suite 752,29786,2022-05-21T08:20:57
c85b811b-10a5-4073-b180-4803d9025a2c,Nicholas,Miller,Male,1940-03-03,782.211.8620,nathanchase@example.org,99962 White Turnpike,87730,2023-07-03T05:56:51
0e06a416-7121-4097-8d69-3dabeb4b2c0c,Kelly,Salazar,Male,2002-08-26,7707345621,derrick42@example.org,195 Kelly Port Suite 190,33384,2023-02-21T18:25:43
1a115f59-10d7-4164-ae8d-0018a04dac84,Joseph,Andrews,Female,1994-12-09,847-382-9240x98866,clinemiranda@example.com,74989 Alexander Course,72643,2021-12-08T15:54:15
d994f7ba-4b7f-4a4c-8d5d-2f648f2b892b,Eric,Johnson,Male,1961-07-29,855-567-7521,christine24@example.net,5076 Parker Pines Apt. 559,32108,2024-06-01T18:58:13
693e5fcf-c080-4ba4-9e07-809d188854db,Amanda,Owens,Male,1985-02-10,+1-514-925-8074x22120,laurensmith@example.org,2323 Kathleen Coves Suite 204,99132,2022-03-13T15:16:22
9fbeffb3-a8e3-4c9b-8997-f2fa997dcd9a,Tony,Lewis,Male,2013-09-15,238-543-0718x46609,daniel49@example.org,31393 Stevenson Unions,47127,2024-09-26T03:16:19
6d98567e-cb8f-4981-b6d6-682f6248953e,Thomas,Simon,Female,1942-12-11,+1-473-811-5676x23865,staceyfrench@example.net,80303 Shepherd Trace Suite 263,88935,2025-09-14T20:18:39
a6a2c945-56f1-4afb-99ed-59a59e85e4d4,Justin,Dennis,Female,1975-11-24,001-375-351-5698x32299,williamfuller@example.net,177 Christopher Ville,90663,2024-01-03T13:05:23
84681060-743e-4fef-86a6-1b3dc86e0b55,Jacob,Freeman,Male,2023-09-27,979-856-7858,fmartinez@example.net,4441 Massey Lake Suite 437,44528,2025-06-22T17:28:46
03255820-1a49-4e98-9ba6-51ed314674a6,Carol,White,Female,2008-04-18,732-781-8012,elizabeth57@example.org,64071 Jefferson Ports Apt. 310,35195,2023-08-09T12:18:28
d73d52ba-ca17-41d0-97c7-68d6114a9827,Sandra,Watson,Male,2003-08-04,504-456-4543x1290,jflores@example.net,2992 Townsend Fields Suite 009,46217,2022-04-14T17:27:08
824723c3-a32a-4516-a040-54fb92be07c4,Chad,Serrano,Male,2018-04-30,622-427-6158,helen18@example.com,23185 Tiffany Square Apt. 297,46462,2023-11-09T23:45:37
9ef01577-b980-4521-bb3c-fc106bc71d7f,Anthony,Carter,Male,1939-09-08,+1-971-681-4854x362,hoffmanjake@example.com,97642 Rios Terrace Suite 851,77930,2022-06-03T04:07:30
0b483935-cc09-4e64-a33e-84ac3e3f3da0,Richard,Freeman,Male,2026-04-30,001-358-869-2742x90039,williamswilliam@example.org,70404 Stephens Shoals,62035,2022-09-30T22:49:18
835c3541-6f93-4e2a-95a3-40d94fc9663f,Thomas,Dixon,Female,1986-08-14,(917)202-0739,butlerjeremy@example.org,95810 Mendoza Prairie Suite 767,98465,2022-11-10T08:53:36
956b212f-4faa-4851-9b95-1652c11ea16b,Carl,Powell,Female,1942-09-06,(248)658-8844x4245,wcarter@example.org,451 Robert Fall Suite 667,31619,2022-03-26T01:41:06
7832b59c-25bc-49ae-a547-a8dcc686e251,Matthew,Jackson,Male,1972-06-30,378-832-1126,andrew63@example.com,569 Sellers Circles Apt. 456,66674,2025-04-30T19:28:33
f863af2d-5e6b-4460-8a83-2ab557c850b0,Kaitlyn,Spencer,Male,1994-11-16,001-934-224-2359x288,riveramichael@example.org,72586 William Courts Apt. 408,36316,2024-11-11T04:46:34
250487e4-ada5-47e3-a85d-81db9620ed14,Walter,Green,Male,1991-12-17,954-771-2162,pmccoy@example.net,06119 Ryan Ridge,45772,2025-09-28T17:25:29
8f381c01-d5ce-4626-91b6-075581d1d226,Eric,Neal,Female,1999-09-05,001-848-502-3352x35845,tararios@example.com,74916 Logan Islands Suite 139,56661,2024-12-20T15:40:57
f9fc9c3f-3206-4388-9804-550b6c0c32f9,Helen,Bauer,Male,1978-01-27,551.504.2425x8465,lauramorgan@example.org,8538 Garza Underpass Suite 084,97645,2023-09-10T21:28:39
1182e8e7-c907-4c97-b385-db3be893786d,Steven,Hernandez,Male,2019-05-28,628.809.2771x400,brian79@example.net,3618 Cole Junctions,20011,2022-12-02T18:12:03
b11c7dff-b1dd-448c-b9c9-1e00aaf8e1d5,Norma,Martin,Unknown,1951-05-04,(742)401-1808x2954,dennisrose@example.net,59463 John Coves,98880,2025-09-05T05:03:47
da1d3dab-54c5-4266-b142-0898998a05a8,Julie,Donaldson,Female,2008-08-08,227-769-0177x069,rebeccamcdonald@example.net,363 Navarro Circles,34536,2024-06-29T07:12:13
4cb4a7f6-9db8-4f7e-95ed-d864f68b6ba0,Rachel,Huynh,Male,1991-04-17,262-496-9054x521,lwells@example.com,47608 Lisa Burg Suite 354,55590,2021-12-21T19:30:14
e04872dc-744d-4442-9ad7-4fd4298b2e78,Alexis,Freeman,Female,1998-05-25,001-740-776-8564x492,johnpatel@example.net,546 Adam Fall Apt. 976,36473,2023-06-06T10:35:49
eb821435-382a-4bde-bef5-50110acd1ac7,Michael,Jones,Male,2003-07-02,+1-459-559-6274x23341,lorraine37@example.org,5269 Hunt Neck,47201,2022-09-27T17:47:37
776ef3e6-3af3-4cc5-b176-e71f39182c16,Sheila,Brown,Female,2023-04-04,+1-813-894-6893x327,bennettjeff@example.net,117 Kendra Drive Suite 125,63535,2023-01-25T01:21:07
c4b27b21-bc0d-46ed-bb12-2ee53d305a07,April,Callahan,Female,1964-03-09,(246)706-3981,joseph06@example.org,600 Kelley Summit,34320,2024-03-22T05:24:47
603bc183-bd75-495c-8ea9-551054de2c80,Katrina,Lewis,Male,1936-08-29,(517)672-3820x7511,cmorgan@example.net,810 Jacob Dam Apt. 401,64305,2022-09-18T19:23:35
01b8c14a-fd68-45d7-937a-430a2f2aa5e8,Erika,Hansen,Male,1979-03-17,+1-654-231-2467x400,john81@example.com,95873 Jacobson Wells,54529,2024-09-26T13:10:10
8e0044e2-07af-4b8a-9b9e-75f412e00b9c,Michelle,Hall,Male,1941-03-18,(413)900-5723x953,romerojeremy@example.org,1629 Cantrell Street Apt. 754,73344,2022-03-02T14:00:40
a19f2485-31c4-4c9e-b0be-96304a6333e3,Justin,Montoya,Female,2024-03-11,001-633-952-1560x232,samantha87@example.net,1855 Jerry Center,27847,2024-10-04T01:37:35
f9adde7d-0b3d-48ad-9c23-0306c3f9f409,Michael,Aguirre,Male,2014-11-15,897.980.8784x178,christinashannon@example.com,499 Patrick Ferry,04410,2022-04-30T04:44:22
380cc838-2c94-4f5a-88ba-d5fb32a4a8a4,Brett,Kline,Female,1958-01-05,304-581-1468,johnlewis@example.com,492 Laura Square,88796,2024-09-17T07:06:13
d8f80018-56fe-4769-ac9d-e90ab805ae3c,Katie,Garner,Female,2018-05-30,771.304.1762,wrightadam@example.org,0403 Molina Shoals Suite 211,69745,2025-08-20T12:48:41
2d1368f3-0580-4066-b22c-3dae2db4e428,Angela,Kim,Female,1940-10-19,338-491-1482x199,bennettlisa@example.com,85016 Dennis Skyway Apt. 509,80783,2023-05-02T23:00:05
d4d9a0ae-055f-48d1-99e7-9a3de9204a24,Sherry,Harmon,Female,1980-09-11,(381)613-4315x3293,cassandrakline@example.net,35963 Vance Neck,22413,2025-01-20T15:25:05
e2901d96-c993-4819-a7a5-81e8610114f4,Mary,Jackson,Male,1972-07-12,219.939.1652x773,emmarich@example.org,8002 Morrow Shore Suite 064,97889,2024-06-11T03:49:46
74c9c3ad-4e19-492b-b5d2-1deaefa52c8a,Stephanie,James,Male,1997-06-19,(851)772-7753x29123,ryan41@example.com,01590 Sarah Falls,33790,2021-10-27T18:17:58
2bde3c78-a931-4044-9f52-58abcf3a9723,John,Silva,Female,1954-07-26,+1-283-843-6445x66309,jduncan@example.org,406 Massey Hollow Suite 651,43941,2023-09-27T18:08:48
9f8a4862-ff68-4f1a-8c8c-c291fa2358bc,Clifford,Alvarado,Female,1956-06-25,001-630-602-8834x928,mark07@example.com,828 James Oval,76590,2024-09-05T09:49:54
1e559419-10bc-44d3-b600-4df4e0de0676,Joshua,Johnson,Male,1942-11-23,2105568977,mguerra@example.com,2216 Greer Pike Apt. 869,64285,2024-04-01T18:32:56
308c523d-cb7e-417c-a17b-c29eec9573e9,Lisa,Choi,Male,2014-10-21,448.459.6357,jennystewart@example.net,57948 Lawrence Island Apt. 001,98454,2023-05-04T12:34:09
516546ca-5fcf-4219-b1c1-2d4b60d16c16,Kristopher,Stevens,Female,1944-05-29,(245)273-7984,leahmorton@example.org,707 Klein Neck,69528,2024-11-06T05:41:23
ebc78c06-3e9a-4e12-a2da-43a7fa1b7659,Morgan,Young,Male,1956-03-03,+1-525-409-1557x32222,fhenson@example.com,2698 Gary Ridges Apt. 242,27800,2023-02-03T07:28:43
dabc47ce-3068-4fdd-965a-fd0f9db402f1,Andrea,Valdez,Female,2023-12-28,001-506-218-4567x27857,jasminebaldwin@example.net,477 Joseph Mountains Apt. 390,82128,2022-06-04T11:31:11
3f46a43a-53e2-4047-a608-7b53ca226cfe,David,Adkins,Male,1941-03-02,883-627-4031,pyates@example.com,815 Pearson Village,89020,2025-01-06T01:05:40
205f9619-df73-421d-87b2-e24dcbad3916,Rachel,Charles,Female,1947-01-25,(602)318-6459x821,christopher63@example.net,89085 Gillespie Roads Apt. 032,47514,2022-09-18T03:24:53
7d2e7d9e-e2c6-493e-9586-6982f7e808a2,Mitchell,Rivera,Male,2017-12-04,001-453-297-2056x0064,melissaabbott@example.net,96707 Brad Squares Apt. 113,83222,2025-03-20T09:37:13
ca7ecb33-787d-46d7-88df-d1f114d72283,Adam,Taylor,Female,1964-06-30,+1-223-454-3374x53656,talvarez@example.org,63824 Silva Light,24959,2022-06-25T21:10:45
635b8f49-8234-43a8-aadc-ecb5109b851a,Stephanie,Perez,Female,2020-04-13,+1-272-948-4396x0996,beverlymiller@example.com,0710 Robert Views,49045,2022-08-15T04:21:21
5fcfe711-8258-4678-804a-7761a52368e3,Hayley,Peterson,Female,2025-09-10,+1-551-753-2092,josephsantos@example.net,15280 Jessica Mall Suite 861,82527,2023-02-07T17:23:25
b6658a34-5263-4028-add2-d8c076da3875,Sean,Bryant,Male,2015-12-11,001-432-846-9649,katrinawilliamson@example.net,012 Bennett Stravenue Apt. 005,41305,2023-09-01T07:58:58
f4ac27ef-b734-4467-bbb9-5b07b1cb62d0,Richard,Schmitt,Female,1958-09-26,001-749-744-2828x1832,shortnicholas@example.net,8272 Huffman Creek,31845,2023-08-13T04:45:27
a35ae369-66a4-46d4-94c8-a69d44b1a1ee,Christina,Johnson,Female,1989-05-24,(202)629-6316x50124,bradyjason@example.org,0971 Samantha Neck Suite 938,50137,2023-01-13T19:04:12
350b0860-095e-497c-a655-2e7f957fe29f,Andrew,Owens,Male,1939-12-08,620-586-6478x635,parkcharles@example.org,9415 Diane Glen,26482,2022-04-15T11:19:47
3c00a0f0-dcf8-4878-b3bb-84e533f7d722,William,Cochran,Male,1937-07-05,+1-450-498-2216x2593,alan84@example.net,749 Alyssa Greens,10982,2023-07-02T18:31:01
6088825e-e382-4da1-acce-4c234e55f3fe,Donald,Sanchez,Female,1955-07-28,928-874-4029x13322,hensleybrenda@example.org,165 Paul Forest,82507,2023-12-12T16:01:53
4128d40b-5fc5-4ff4-97a9-98eaef7cdb39,Nathan,Rivera,Female,1944-05-07,(299)786-6318,lauriesmith@example.com,046 Mary Brooks Suite 731,72268,2025-04-08T16:57:19
4b88445a-1582-4e78-806a-5949226378ab,Amanda,Beasley,Male,1967-11-16,575.433.5940x953,erin33@example.net,69844 Jeffery Path Apt. 254,65906,2024-12-13T01:37:50
0a8857a5-957e-4c66-baec-eaf85a00d0f2,Christopher,Durham,Male,2000-03-09,+1-906-864-4856,raymondarroyo@example.com,27011 Robert Locks Apt. 705,44647,2023-01-29T13:28:51
737ea52f-6d15-4b06-961c-9af39f021a19,Michael,Page,Male,1949-11-29,341-542-3861x45094,erickelly@example.net,0101 Barbara Key,05054,2024-08-04T23:16:54
7f5efb6b-cdf4-4137-9e15-433b68b1211a,Kevin,Parker,Male,1958-12-29,+1-781-364-5808x10635,zcasey@example.org,455 Watson Plaza Apt. 476,73535,2022-05-07T19:12:43
71127f4b-2df8-4502-8653-ee8561e30fb4,Hannah,Bridges,Male,2008-07-04,259-272-2050x116,ronnieturner@example.net,7761 Brandon Prairie Suite 637,59012,2023-03-22T18:20:18
e6c71f15-5bed-43be-936d-6ccea535f9d7,Michael,Ward,Male,1996-01-13,+1-443-719-3667x116,matthewtaylor@example.net,629 Amanda Route,77158,2022-08-16T12:42:47
8bf160df-8346-452b-8073-aa66d7b4db17,Nicole,Harmon,Female,1999-04-26,293-972-7513x15862,hestermelissa@example.net,7854 Scott Green Suite 393,36360,2022-02-17T01:02:58
3a4d45fd-ed36-4bb7-86c3-c90cc92efe01,Dakota,Herring,Male,1991-04-18,662-985-0696x7206,adam55@example.net,75016 Marcus Overpass,98306,2021-12-14T18:47:47
8bc85d37-09cc-4f1a-9c38-7c2a1243e838,Joshua,Castillo,Male,1996-06-11,+1-812-637-2873x57685,cindybailey@example.net,547 Tyler Mill,33775,2025-07-04T20:36:04
40018cbe-5449-4845-acd3-d56f325769cd,Jessica,Henderson,Male,1993-04-06,244.689.9615x1600,stacy58@example.org,100 Caldwell Mountains Apt. 760,32789,2025-08-11T12:41:16
d86f4bb4-aefc-4ef1-84bb-4aced0c8da67,Jennifer,Baker,Male,1985-08-16,900.673.4152,joyzhang@example.net,30943 David Plaza,07694,2024-01-25T12:21:40
234b20fd-ff7c-458f-9aa1-f98bb4a4feee,Tina,Sawyer,Unknown,1983-08-24,001-837-341-2600x26745,david06@example.org,878 Paige Burgs Apt. 825,26054,2025-01-29T06:20:42
8b0a4802-bd64-48d6-b757-ec69c09c3207,Karen,Bailey,Female,1979-01-15,(520)253-8480,stephaniegarcia@example.com,1954 Bryant Field,78816,2021-10-31T19:15:35
482702f0-4caa-468b-8523-b4e9022f46bb,Kathleen,Ibarra,Female,1977-02-17,585-707-1138,greenjohn@example.com,5848 Tanner Trail Suite 620,56289,2024-03-07T17:10:38
f220eeb5-6760-4abd-bf31-0f21c87b17d9,Margaret,Mann,Male,1974-05-22,001-686-573-7021x97617,lauraturner@example.org,25514 Spencer Pass Suite 018,24286,2024-04-04T13:56:47
030b4532-a7c2-4c68-81ff-94279477d9d7,Brenda,Kaiser,Male,2018-12-31,201-302-6390,westjesse@example.com,0390 Rhodes Mission,86539,2023-10-16T05:19:42
f394c60d-c2db-4aab-bd41-1a05833cd4f2,Mary,Abbott,Male,2008-04-28,429.270.3450x588,johnknox@example.net,397 White Islands Suite 798,29496,2021-10-23T06:12:27
b92c8a72-3a17-479a-ba42-958b65c2e80d,Kyle,Schneider,Female,1949-12-17,553-882-3321x301,derrickowens@example.org,6119 Lee Courts,37571,2023-11-09T14:02:25
9645dec1-840d-414b-bbd5-48637974c90b,Lisa,Hughes,Female,2015-08-03,688.823.5531x844,evansalicia@example.com,47168 Daniel Village Suite 710,71943,2024-11-26T11:41:00
d07c5e53-b8f6-403b-b7ff-3c31c1f37837,Ryan,Wheeler,Male,1985-09-08,606-250-0235x641,qchavez@example.org,054 Mark Turnpike,11752,2022-08-01T12:25:41
d8867545-5025-4c18-95fb-f5dccabaef3c,Scott,Hunter,Male,1971-04-13,001-279-992-2910,xweaver@example.net,919 Willie Spring Apt. 176,77512,2025-05-10T11:48:17
6aed979f-b2ac-4768-b122-4f43c5274f35,Roy,Brown,Male,1966-09-12,+1-834-378-6264,pwilson@example.net,86050 Mark Bypass,96310,2024-12-26T15:43:06
07b4e684-8ef6-4ee8-9a5a-8bc373315c49,Cindy,Huber,Male,2003-08-28,+1-261-514-0767,susan70@example.org,3746 Brooks Dale,87378,2023-04-01T02:01:09
4e39f65a-20db-4294-9fae-180393d797e7,Bradley,West,Female,1997-12-31,(821)698-9383x59301,ebrown@example.net,7511 Jones Hill,91216,2021-11-16T07:10:48
a8aa454e-cf76-470a-bff2-e80a027a76dc,Morgan,Mitchell,Female,2008-10-21,256.473.1101x766,rsalazar@example.org,54098 Morales Ways Apt. 039,26960,2023-01-14T17:33:12
6cfbf173-6b4d-4d1a-b9b9-c13a56fe972b,Anita,Brown,Female,1968-10-02,445.439.3174,hamiltonteresa@example.net,57913 Bass Mills,87795,2023-12-28T15:54:51
b0c5d3d5-c755-4c99-8349-95ff67432c04,Desiree,Peterson,Female,1995-12-29,+1-328-906-3968x248,christiegarcia@example.org,582 Williams Highway,28400,2022-12-15T06:19:42
914cc11c-05f3-4bc5-9642-b0525379f279,Elizabeth,Davis,Female,1951-09-24,(618)728-8291,nicole70@example.net,3321 Malik Squares Suite 432,91744,2022-12-11T08:18:13
fa2c9e79-2758-4f1a-a39e-5593ec11a44d,Kelly,Lewis,Female,2018-10-03,(620)278-1050,sullivanyvonne@example.org,69351 Steven Passage,49523,2022-01-14T03:49:50
cc94d15c-a13d-4600-9174-f53b548b4c63,Logan,Mayo,Female,1975-01-20,+1-835-367-9415x4094,uhill@example.com,8018 Cordova Stravenue,43246,2022-02-24T14:14:15
641118ec-ddf0-4771-92e9-b7659b9b3926,Jeremy,Harrell,Unknown,1936-06-26,(534)809-6129x9262,danielsdaniel@example.com,6423 Moreno Parkway Suite 079,93074,2021-11-23T01:49:08
104f3fc5-6400-4b0e-b2dd-85f63446c0f0,Danielle,Howe,Female,1998-06-26,(452)230-3350x123,cobbkaren@example.net,9341 Jennings Drive,18727,2022-02-15T10:28:58
542ef29e-1bcf-492f-b98b-07573036f6b9,Michelle,Lin,Female,1986-03-24,710-288-0989,xrussell@example.net,6140 Amy Courts,39992,2024-08-22T13:27:19
4dfd3ecd-e50d-4de5-a395-b8677397d1a1,Michael,Macdonald,Male,2010-10-20,(606)789-2174x4707,dominiclawson@example.net,989 Ross Forks Apt. 600,59327,2023-06-14T02:38:35
2d798f3e-8d8b-4c60-acc5-4c621ab444a7,Ashley,Miller,Male,1992-09-01,387-801-5295x06354,ofox@example.com,44567 Newman Passage,89838,2025-09-23T21:03:58
06dee37b-7d15-4353-9a76-0ea9b063e9a0,Bryan,Everett,Male,1990-09-15,324.333.5085,ravengreen@example.net,2698 Thompson Burg,45031,2023-08-03T16:02:18
62c9f4fc-f686-4fa7-a94d-ed1e11ca2a0b,Elizabeth,Smith,Male,2014-02-08,001-793-821-9746,teresaschmidt@example.com,028 Little Course Suite 681,29499,2023-12-04T02:18:54
863ecbe2-a8d9-4292-8a85-e4433ba878d9,Anne,Lin,Male,1951-08-15,5208874028,deanna00@example.net,90857 Logan Groves,18956,2022-07-21T14:16:05
02d3fb7e-84be-4e1c-9e5f-feaa0eb54078,Andrew,Livingston,Male,1987-02-02,(520)977-4860x256,davishannah@example.net,097 Melissa Gardens Apt. 855,65015,2024-12-24T00:15:22
641f79aa-692e-43b9-a8e9-77f0dc15c7c5,Steven,Mcdowell,Male,1972-01-26,+1-340-485-2286,ythomas@example.org,7682 Ruiz Pike Apt. 419,60927,2023-11-26T05:31:55
6b1d20b9-8954-4c3d-a10f-2a8a1c59b736,Jessica,Powell,Male,1941-08-25,928-487-8925x986,david95@example.com,571 Graham Lodge,75145,2023-05-22T07:23:27
e75182a4-f481-48b5-a395-09c4119a7396,Steven,Thompson,Female,2008-06-28,001-625-876-5551,catherine83@example.org,09953 Curtis Ports Apt. 153,06625,2023-02-28T12:07:18
4f4c3f0b-34a7-4f9d-9ed5-c01721433dfc,Elizabeth,Griffith,Male,1987-07-25,001-954-683-3880x67191,michaelmiller@example.net,756 Barnett Mountains Apt. 752,39851,2025-05-29T11:27:19
28a5e34d-798b-4f02-aa2f-d9d1b5ad09f5,Lisa,Williams,Female,1997-12-13,001-758-261-3934x749,phillipsmichelle@example.net,006 James Parks Suite 363,36745,2024-01-03T19:58:45
33f60730-9665-4f7c-8f70-b88bf06c69d9,Reginald,Morris,Female,1994-01-28,688-379-3404x86938,tinawells@example.com,33014 Daniel Drive Suite 060,51418,2024-01-05T15:13:14
33a2ca5f-4683-4cc5-b57e-2b43af516850,Gary,Dawson,Male,1946-10-09,797.264.6705x7420,patelnicole@example.org,260 Lopez Crest,16441,2024-05-20T18:47:26
d317d8c9-1060-473a-b21b-770724877651,Carrie,Moody,Male,2008-09-24,+1-570-490-9042,afitzgerald@example.org,6450 Schroeder Squares Suite 942,84944,2023-04-06T22:14:08
54323b1c-869e-4836-bf30-ea12cebca264,Melanie,Thomas,Female,1937-11-08,(613)595-2076,ashley25@example.com,837 David Junctions,60020,2025-05-07T13:21:09
76733597-75cf-4755-bdaf-76e7e115d52b,Lisa,Torres,Female,1947-05-16,+1-366-821-4598x4847,robertchandler@example.com,8268 Natasha Green Apt. 550,11776,2024-06-20T15:57:40
a573dc30-49b4-4625-9752-815cbcbf1583,Kenneth,Baxter,Female,1937-08-27,3403173375,alisonfisher@example.org,88395 West Course,55546,2021-11-21T20:54:58
d7b73862-b347-41d4-98c6-b1c674d082c5,Colton,Miller,Female,2018-09-30,+1-259-642-5352x537,anthonyzimmerman@example.com,440 Jessica Prairie Suite 892,86297,2024-08-03T09:47:11
d2cc4853-9cef-4ef4-a41e-7f8c4c25998e,April,Roth,Female,2023-07-07,549-563-0839x77251,john91@example.org,3986 Vargas Land,39115,2022-11-13T06:24:07
2df8d4a8-3fc7-4cb8-aa40-e5cc2cd51392,Brittney,Lucas,Female,1937-06-04,255.345.3882x234,gjohnson@example.net,4382 Crawford Drive Apt. 759,68581,2025-09-21T21:12:16
627967a3-7534-49c0-ae9c-92babbb5e037,Shaun,Warren,Female,1941-10-03,498.510.5131x469,tiffanymason@example.net,5872 Patrick Gateway,86196,2023-05-14T01:19:48
1874ed7d-9190-453f-b2d2-570a2ef634f2,Edward,Rivera,Male,2004-03-04,898-211-4575x8738,brandon74@example.com,52471 Adkins Valleys,02937,2024-07-19T18:22:10
e2b2de4b-3d5c-4b0e-8b2d-983af2189128,Benjamin,Blake,Female,1935-12-04,8355275172,joshuatorres@example.net,836 Jennifer Canyon Apt. 984,94857,2024-07-04T18:28:08
89a92af3-a0ca-4f8e-a1ef-2dd3461633bc,Holly,Brewer,Male,2009-11-08,(281)346-1727,clarkangela@example.org,2836 Ryan Light,55859,2025-05-18T20:13:57
b9fe60c6-b2b3-42d3-9116-2039ea92659b,Amber,Wagner,Female,1972-12-18,001-248-879-4931x73322,joshuazimmerman@example.org,74358 Cruz Forest Apt. 874,92588,2022-10-25T02:49:27
69498671-7e55-43ba-a8a2-f417379e03dd,Patricia,Miranda,Unknown,1954-05-23,2505240905,michael37@example.org,92692 Terry Spur Apt. 617,49195,2022-02-15T07:35:31
5e653990-fecd-4ded-9f08-f8558d85ddf1,Michael,Scott,Male,2006-12-19,+1-522-887-0021,robinsonbeth@example.org,39874 Murphy Walks,21542,2022-05-23T21:45:10
c78e0272-c43b-47af-8120-053d1aefff21,Tanner,Curtis,Male,2025-07-07,6784660764,durhambenjamin@example.com,59923 Christopher Plaza,81839,2024-04-01T18:15:09
3516567d-40b5-4023-aa32-e55373708a7e,Vincent,Wilson,Female,2004-11-30,001-960-654-2311x2625,randall74@example.com,0575 Ashley Fort Suite 254,66205,2022-05-15T03:05:59
a38cc35f-12bc-4090-86d6-fba776509bcd,Cynthia,Wade,Female,2008-09-04,(711)554-9475x046,megan54@example.net,88032 Smith Port,63406,2024-07-09T21:01:22
57f9f3a7-6193-4947-b63f-56acbfeeb533,Joy,Francis,Female,1975-02-25,001-380-957-9687x33520,flin@example.org,3028 Coleman Stravenue Suite 358,10544,2024-02-09T22:28:55
09ab99a3-658c-42ee-b1c4-6ef9db13f2ec,Marilyn,Riley,Male,2010-07-27,(479)517-2148x688,michael51@example.org,6673 William Plains,01355,2022-11-16T04:34:59
22f06403-eac9-4d37-b587-8d331d5bd8b0,Amy,Smith,Male,1948-04-12,(372)374-6001,ryan63@example.net,108 Stephens Junctions,60313,2024-10-03T13:42:03
761b7e11-7c19-4e61-b6d8-cbc7bfa93b6e,Catherine,Ibarra,Male,2017-10-18,+1-638-612-4014x76696,vmiller@example.net,14529 Douglas Cove,60242,2024-08-04T04:01:33
b6ad478c-3e06-4427-a832-a2288c65d01b,James,Smith,Female,1961-04-21,+1-911-538-7509x31061,jacqueline99@example.com,7721 Reyes Heights,08244,2025-07-26T06:08:31
4775d7ab-d207-4bc4-b885-8b6d23e7cd20,Laura,Aguirre,Female,1959-12-27,595-934-5479x72808,manuelbailey@example.com,8983 Santiago Brook,14378,2023-01-26T12:52:53
9b639a38-049f-4b5f-96a7-aa062babba12,Angela,Martinez,Male,1942-01-10,(870)336-4657,warddonald@example.com,75435 Kennedy Point,90152,2022-01-03T09:06:33
bdcf6fd4-88df-42c1-9fc8-628d4b4d1079,David,Jackson,Male,2025-03-02,5749869935,seth16@example.com,144 Gomez Walks Apt. 231,20043,2022-11-20T23:34:40
02deb2e6-c37a-427b-abe0-5b2213dca154,Cynthia,Duarte,Female,2012-11-03,342-774-2589,vflores@example.net,3720 Wilson Parkways,77408,2022-08-15T13:39:34
2d8d7db8-5bab-46cc-b0ce-f646274b8b98,Chelsea,Adams,Male,1971-12-27,885-204-8900,hvasquez@example.net,2408 Anita Village Apt. 009,24448,2023-10-06T14:40:33
8844bc0c-accf-4130-a487-2e7708d16094,Jeffery,Meyer,Male,1956-08-13,+1-492-357-0267,michaelstrong@example.org,7317 Allen Lodge Apt. 978,50640,2024-07-22T14:12:20
a2819fce-d624-4055-8c39-bd0eb25db530,Brooke,Walker,Female,1951-08-14,343.796.8229x83369,jrodriguez@example.org,30564 Miller Plaza,78421,2023-06-28T09:08:17
a8f8687b-b766-4c85-a99c-37b3a4195fe4,Amy,Everett,Female,2001-10-18,282-487-5833x1839,nguyentravis@example.net,83616 Douglas Mountains,77782,2022-12-31T07:50:02
71a91c81-4eee-4680-b0ba-8fe363ff910d,Thomas,Rowland,Male,1944-07-01,3983204816,johnhinton@example.net,0158 Kennedy Port Suite 526,86119,2022-10-16T04:43:07
609cfe40-c5bc-4449-8c75-4a170131c601,Melissa,Smith,Female,1991-02-01,(298)303-2739x96662,stephencampbell@example.org,917 Contreras Lane,64143,2022-09-04T21:35:16
e8a44238-5fe8-4710-bfec-5325edc72f12,Karen,Morgan,Male,2008-05-05,(420)647-3019,charlesjoshua@example.net,1833 Barnes Drive,04573,2023-10-14T14:04:33
07275940-6bf3-4656-841b-1878176519e7,Erin,Fleming,Unknown,2023-08-07,001-401-447-3427,blacklisa@example.net,015 Steven Haven,87307,2024-01-25T06:35:09
ae11d3c2-3130-4c8f-920e-0734564d46aa,Susan,Watkins,Female,1991-07-12,(620)568-6736,caleb52@example.org,820 Vanessa Ports Apt. 166,48784,2025-07-17T05:46:52
18bafcc9-e1dd-4fdf-b570-543638772265,Daniel,Jones,Female,1971-07-11,672.834.3666x4798,lauren03@example.org,46801 Holt Mission Suite 509,52008,2021-11-29T13:38:12
b958d153-2afa-4f6a-aa03-081bd4986a31,John,Gibson,Male,1984-12-31,001-385-669-3963x229,heather63@example.net,39971 John Forges Apt. 619,29811,2025-09-28T10:17:11
d0ccc1a5-1b91-4adc-8333-34f66a6a0149,Lisa,Espinoza,Male,2026-07-10,001-370-861-9878x0187,kpena@example.org,105 Reyes Track Apt. 427,36385,2022-05-01T00:07:58
9fea97cc-3086-4fe3-a075-13728fe2c74f,Austin,Bowman,Male,1996-01-14,001-884-927-1713x75648,bakerjeffrey@example.com,1759 Nicole Passage,82672,2023-10-20T02:57:04
6d899035-f05d-45c7-a522-e8b98aad0665,Hannah,Rasmussen,Male,1943-11-16,(251)488-2816,rhonda34@example.com,02201 Anna Cliffs,54401,2021-11-15T23:42:33
52c83bfc-5b48-461f-9b1b-4cd736ba4918,Crystal,Berry,Male,1954-10-08,(489)837-0997,johncunningham@example.org,23285 David Grove,01597,2021-12-10T19:09:08
03113626-50f5-4e97-a76c-11cb66f29d1d,Paul,Taylor,Male,1972-08-03,474-686-0064,mvazquez@example.org,027 Willis Rest,76708,2021-11-11T03:28:27
a8702d97-10e6-4176-b858-3966757256f6,Maria,Hoover,Female,1978-09-06,4829026927,michellekemp@example.org,745 Scott Center,10345,2024-12-11T16:36:59
0b3f953a-5e75-488f-9fb8-86b2a662cb92,Jacob,Daniels,Male,2019-03-15,7855643206,thomasjoseph@example.org,9065 Rogers Freeway,35043,2024-08-16T10:50:15
c47dd678-4d31-4923-a93d-a46c37f39aac,Angelica,Murphy,Female,1951-11-03,423.566.1625,everettkatie@example.net,733 Gilbert Isle,19482,2025-01-20T05:53:05
b668705d-1a10-448c-bd8f-b938fbac9ade,Alexis,Kelly,Female,1955-11-18,920-852-6738x890,wrightcynthia@example.net,639 Roberts Canyon Apt. 220,93112,2022-06-11T19:56:15
91b76c45-d9b8-4389-ac16-ddb7fd93754a,Natalie,Kane,Male,1997-10-20,+1-786-995-1270,dawsontimothy@example.net,382 Brian Skyway,05448,2022-09-11T21:16:53
5308e1f2-9990-44a9-9841-2e07f5834c69,Briana,Skinner,Unknown,1950-08-27,2805092821,vhunt@example.org,78926 Mitchell Centers Apt. 624,18785,2024-04-19T02:14:07
ecaf8800-ad8a-4364-a379-064fb241b95b,Michael,Lowe,Other,1985-08-28,(438)270-9791x542,ana32@example.net,1587 Collins Turnpike,80459,2023-06-29T20:15:37
2ce27ec9-5501-40bf-a207-cb65b197aed1,Jason,Baker,Female,1956-04-03,266-204-7294x8422,rodriguezkelly@example.org,60970 Stevens Cape,33851,2024-10-29T12:10:59
fa5f9e72-5166-488b-b008-32dae24ba9d4,John,Martin,Female,1950-08-23,+1-935-608-0542x335,kellysusan@example.org,2881 Miller Harbors,58382,2024-11-21T09:54:53
0484a1b3-55c9-44a4-9148-90547b6ce596,Monica,Bradley,Female,2014-01-21,7539799915,andreawebb@example.net,181 Anderson Point Apt. 613,52132,2022-05-17T20:32:59
82d29bf8-61e3-478b-b2eb-de4e95c4fab0,Jorge,Chen,Female,2026-01-26,491-773-9593,joseph05@example.net,6321 Scott Branch Suite 268,55762,2022-03-04T14:05:29
b462931f-9664-46be-80e0-22c83b803c61,Mary,Grant,Unknown,1976-07-03,876-907-7989x8962,jeffery39@example.net,58804 Holt Knolls Apt. 558,04346,2025-06-25T21:28:14
c249f59a-9dc9-46df-856e-3d783b8c0f84,John,Rodriguez,Female,1980-04-26,495.331.3135,jennifer57@example.com,4319 Sarah Roads,54319,2022-04-26T15:13:31
6db2094b-bce7-4298-bc84-78214f10b422,Christian,Matthews,Female,1996-09-08,001-831-245-7265x42586,hudsonsandra@example.net,1160 Lisa Oval Suite 525,40387,2024-06-27T13:24:24
2336d60b-0f57-4d6b-9452-e1309ea8ffe3,Mary,Pace,Male,1990-10-16,250-585-5110,moralesdarren@example.com,05787 John Mountain Apt. 311,77290,2023-01-31T06:43:17
60310461-26d3-4222-b3b7-0b634beef160,Danielle,Kerr,Male,1997-10-28,500-436-6606,jharvey@example.org,456 Phillip Roads Suite 599,14597,2023-03-05T14:18:17
b9add00a-ec64-4a9b-bcf1-c29e09b4413c,Gregory,Stephenson,Female,1960-04-24,550.390.1615x3644,amartin@example.org,04520 James Alley,81604,2023-05-19T17:50:19
e098d2e3-bd3f-4b62-b198-0a55f224f64c,William,Friedman,Male,2005-06-26,+1-683-611-4963x86768,cameron21@example.net,0622 Victor Prairie,40864,2022-04-22T17:02:21
c976ec61-a4c3-4af7-914a-36bf47334b73,Rebecca,Gutierrez,Female,1936-04-15,320.703.9029,derek94@example.net,398 Daniel Crescent,04844,2023-03-13T10:34:19
6a367425-fa41-4d2e-8ab2-14388557ec6c,Brittany,Russo,Female,1947-06-08,(844)923-6025,traciwhite@example.org,1232 Natasha Rapid,94826,2023-02-22T13:45:16
3aa06694-0610-442d-8024-1ac149d83188,Maria,Wilkerson,Female,1936-01-06,+1-234-536-8869x148,myersrobert@example.com,09038 Flores Isle,54919,2025-03-12T12:15:41
34b0738e-3e04-4782-97bd-0ca854ce20ea,Nicole,Cole,Female,1946-09-09,542.282.3344,thomas42@example.com,051 Carrie Knolls,37871,2025-02-25T16:44:17
fd063a58-aa3d-4585-aaec-f4e0e81909ce,Corey,Hudson,Male,1950-11-09,001-461-511-2842x56196,cynthiagarner@example.com,1377 Thomas Skyway,79301,2021-10-15T03:18:50
38f217f0-b831-4c26-b23f-4738aff628bc,Michael,Howard,Female,1937-04-14,948.631.0344x69430,brandonsweeney@example.com,127 Patricia Cliff Apt. 269,74612,2023-04-09T23:48:19
2efcd60c-5256-4d59-857f-2f3e61a90fb1,Christopher,Rich,Male,1942-09-13,(929)344-2052x03065,anitagomez@example.org,480 Charles Mews,07875,2025-04-02T22:27:32
7ddc44f5-deaf-4631-908a-bb5c018c0313,Robin,Meyers,Male,1975-11-14,242.614.2548x2718,stephen69@example.org,625 Gill Route,02936,2023-10-25T17:30:20
fdf48930-a265-4f65-8d56-e00031456a6c,Gina,Wilson,Male,1993-12-09,+1-399-959-0530x443,megan63@example.net,070 Claudia Heights Apt. 733,75022,2023-11-04T20:19:03
2c7604c1-177d-4b26-a024-c4073447c34a,Jeff,Murillo,Female,1939-02-12,001-390-693-3186x83985,zmontgomery@example.com,91890 Brandi Parkway Apt. 732,12913,2023-12-23T18:07:20
3451cf94-ee8b-46d3-8b94-6541d4cae432,Brittany,Mejia,Male,1984-02-07,241-997-3486,gibsonjessica@example.com,0756 Dunn Hill Suite 790,94088,2022-01-05T22:06:45
77922d9e-b998-42d3-ad1e-0d7d140296ee,Christopher,Burch,Male,1961-08-18,+1-385-597-8719,calebcompton@example.org,466 Rodriguez Via Suite 797,88217,2024-03-05T05:21:33
6c8c5d0e-3eb3-46fd-b291-bc95b8bf9cae,James,Hicks,Male,1954-08-22,(294)781-3352x9540,mark04@example.org,3166 Wilson Ramp,77326,2025-01-21T12:10:46
93906193-490c-4315-8d98-02023fbc75e0,Samantha,Hanson,Male,1939-02-04,964.502.9816,jacobmoore@example.org,85894 Anderson Crest,43997,2023-05-07T14:54:24
dcc7eb51-4598-4b17-b38f-0430a2b6eddc,Craig,Ortega,Female,1950-01-22,001-983-462-3081,esmith@example.com,42044 Marvin Plains,90612,2022-05-08T03:44:28
5c0d8fcc-f8f9-40bd-b375-99aa147bed20,Megan,Wong,Male,1943-12-01,427.899.9949x9401,xwhite@example.net,674 William Mall,48705,2023-07-06T22:14:21
6c35e33c-70fe-45a1-b880-adc62af2b718,Victoria,Williams,Female,1958-03-17,001-629-357-0349x3553,eprice@example.net,7993 Acosta Trafficway Apt. 952,06302,2024-04-05T16:20:17
27e7a6bd-c2a4-4fd8-aef5-4ceebc243f9f,Melanie,Parker,Female,1969-01-26,377-274-1546x3344,thompsonanthony@example.org,3942 Paula Green,66168,2022-01-04T12:08:55
c30dcc74-0512-46b8-bb64-665ccb26a809,Carlos,Ward,Male,1998-02-06,(405)865-2271,marshalltiffany@example.net,670 Patricia Pike,69646,2024-10-13T09:41:40
e80d9169-c244-49e1-954e-bf91daa282b4,Sheri,Smith,Female,2012-05-19,433.582.8789x917,tanya88@example.org,36992 Garcia Squares Apt. 023,76285,2025-02-03T17:45:50
8d87b7be-271d-40f1-8985-c98d985defc4,Thomas,Chavez,Female,1937-12-12,531-434-5516x388,ushelton@example.org,7549 Darrell Throughway,70574,2021-10-29T22:05:38
4e4c01f6-76b1-48fa-a165-2fd341dddedf,Christina,Davis,Male,1995-03-05,+1-608-598-9112x81471,teresa11@example.com,33596 Bruce Well Suite 055,27187,2021-11-03T10:45:29
7b189d5d-9b24-4a55-8fe8-8b776009a05a,Christine,Hutchinson,Male,2002-09-05,918.869.8683x017,richardcarr@example.com,745 Terry Landing,99415,2024-07-07T17:30:30
321a6d71-7821-42e0-b701-492522fbe906,Richard,Wilcox,Male,2010-08-14,(360)969-2804,angela30@example.org,0037 Long Bypass,24053,2025-04-14T09:21:46
dc956e31-0349-4b41-8111-fa05308b5146,April,Edwards,Female,1943-12-27,984.571.0689,everettjohn@example.com,10109 Schaefer Village,76174,2023-09-30T06:31:30
6790eee0-7dcf-4924-9fcf-5c22b9b03c1a,Michael,Garcia,Female,1939-12-05,520-673-0816,millerkathryn@example.org,2577 Ryan Walks,79740,2023-02-14T18:04:18
be006ccb-f872-4487-a507-c321f0b6844f,Amanda,Parker,Male,1968-10-03,(412)473-5858x2434,mathewswilliam@example.com,36239 Robert Cove Apt. 502,41194,2024-01-14T20:51:17
fcce3ef8-a41b-44c2-8ecc-b0ab7d5338ca,Michelle,Luna,Female,1982-07-06,425-468-7088x06357,nortonkevin@example.org,282 Gregory Corner Suite 431,82802,2023-06-25T09:45:57
fe12ace5-09f0-4f24-a28f-553768a64d97,Christine,Schaefer,Female,2023-04-13,+1-200-468-4116,atkinsjulie@example.org,12584 Saunders Freeway,69130,2023-09-24T07:11:49
299094c0-90cb-4982-aea0-0af96283f50f,Lisa,Robertson,Male,1974-07-30,793.969.8022x50913,lewisheather@example.org,1570 Anderson Crossing,08483,2024-12-26T07:09:16
c571f9ab-4158-4d90-b504-4d156fb138c2,Joseph,Lindsey,Female,1982-06-19,+1-889-392-6110x447,ashley43@example.com,0136 Marie Inlet,89310,2025-01-12T14:04:10
b589717e-8275-418a-993c-73f2b8e51141,Samantha,Wood,Female,1978-08-06,752-235-5897x295,lori24@example.org,87154 Kristin Ridge,74436,2022-06-28T18:18:44
0ec5bad7-b24a-46e3-9e41-1475b040d75a,Gerald,Frederick,Female,1962-04-29,766-729-7254x8354,nlopez@example.com,0023 Chelsea Run Suite 296,90168,2023-09-18T06:40:24
3f2dbf97-bc54-4d54-ac8d-e840ed305556,Kimberly,Mcdowell,Male,2009-07-02,(461)298-2859x0406,wendy34@example.org,30130 Laura Gardens,18679,2023-06-04T14:32:36
5c85a58c-d029-4d6b-abe5-5cc408d57cf7,Stacey,Wright,Female,2009-01-16,+1-868-949-6668,tammyhill@example.net,3912 Paula Common,79110,2021-10-30T17:06:35
aa69b7f7-b28d-4cb8-873b-ca43ad2a3a7c,Jonathan,Hale,Female,2025-04-10,(605)669-0436x4446,deborahbaldwin@example.org,0990 Clark Way Apt. 326,82644,2022-02-24T15:21:36
f1bb5d9b-7499-4b6b-9afd-d46442e6918c,Michelle,Davis,Female,2011-05-11,410.440.4464x638,benjamin14@example.net,979 Heather Shoals Suite 735,66885,2022-01-12T12:19:07
940e3521-9a26-455a-bf56-938141190559,Martin,Burch,Female,1972-05-28,263-218-9275,kbarrett@example.org,3900 Calhoun Station,55103,2024-10-14T22:16:02
1de20f2d-0328-4b00-a953-4ea7d76d9612,Timothy,Zimmerman,Female,1974-08-02,001-981-779-8903x30393,parsonsjacqueline@example.net,17099 Campbell Islands,61143,2022-01-25T02:42:56
62649ce8-eab8-45be-b62c-09bfa4f73a30,Amber,Clark,Male,1951-04-17,7295061691,dbarajas@example.com,76967 Jacob Station Apt. 271,62126,2023-10-26T05:23:04
1491b51d-e6a7-46b0-b961-9ae2960e9c1a,John,Patton,Female,1989-12-02,+1-657-381-0528,solsen@example.net,18552 Perry Lane Suite 879,87038,2021-10-12T13:50:16
2a736a67-6c46-4d48-a041-f0a33056b87f,Manuel,Figueroa,Female,1952-06-23,266-791-1534,katrinataylor@example.net,969 Jenkins Meadow Apt. 078,23402,2023-11-29T01:46:37
802a63cc-4d5e-42e8-b11c-377f40bc2b56,Linda,Wilson,Other,1937-05-16,513-579-6404x970,cody31@example.org,5770 Amanda Bridge,90585,2024-07-27T02:05:57
960952eb-61fe-4f28-a2fb-8d66a8928ad4,Thomas,Torres,Male,1938-07-08,424.456.0943x20130,ashleyfowler@example.net,0357 Jesse Flat Suite 472,82612,2023-10-03T15:35:00
eca04629-e05b-47ea-80a1-5dbc695f34ff,Andrea,Anderson,Female,1950-11-29,+1-865-873-5154x960,westvictoria@example.com,1243 Simon Lodge Apt. 485,39304,2024-04-16T06:14:31
9296ae08-a2dc-4574-9bf9-62a516c068e8,Stephen,Rodriguez,Female,1980-06-25,898.200.5832x6973,oblanchard@example.net,79821 Christina Road,23770,2023-11-23T05:11:03
44de950f-2488-4ee3-9071-3f73582a2099,Angela,Sanchez,Female,1967-07-12,(385)396-8345,ebruce@example.net,5151 Zachary Track,22901,2022-06-21T11:14:39
b2f240e3-65e1-405b-bf8f-f33eee1595cf,Robert,Mendez,Male,1962-07-24,(658)483-4996x0520,dustin79@example.org,851 Shaw Ports,37862,2025-07-01T03:00:09
7de1936b-d0fe-44f1-ab1c-2d3dfcadb3fd,Benjamin,Evans,Male,2005-10-23,818.882.9917x807,hojonathan@example.net,618 Williams Common,28664,2023-07-12T12:26:12
6af7895b-b241-4fd3-8614-101711e121c7,Lee,Thomas,Female,1936-11-26,863-657-6913,rwhite@example.com,8421 David Rapids Suite 354,13880,2022-11-17T20:19:13
6e52b671-bba8-47e5-89d0-aac1a78eb37c,John,Davis,Male,2014-03-01,326-273-6325x153,deborah08@example.org,3100 Mario Cape Suite 754,92294,2025-02-20T13:37:50
2263960a-b43c-4fef-afb7-e9bd5fe92750,Timothy,Harper,Male,1999-02-26,335-995-1846,williamkennedy@example.org,1992 Jackson Hollow,11763,2024-05-05T01:27:54
1c3892e8-f2cf-4d63-80ab-4b7f2e968660,Margaret,Warner,Male,2009-01-09,933.830.6559,allenmatthew@example.net,22796 Donna Motorway,87847,2021-11-20T05:44:27
3370dc1d-2f85-499d-b66b-3575d07a9518,Austin,Li,Male,2008-06-06,5855517294,daviswilliam@example.com,4052 Day Turnpike,33802,2021-11-09T22:30:49
311f5d4a-c258-4de2-8f26-54892ec75a83,Judy,Hughes,Male,2021-10-28,364-732-9008x89509,fsutton@example.com,3622 Michelle Estates,43580,2021-10-27T06:57:51
70d3b5f7-68a6-4e71-9f22-3246e6fb61d3,Michael,Hicks,Female,1979-04-18,412.235.8484,christopher44@example.com,204 Kyle Street Suite 972,59212,2022-08-02T22:16:16
a2ed50b9-de4c-48bc-9bf4-3b9f9fda15ac,Katrina,Lindsey,Male,2019-03-05,(211)980-8293,jason57@example.org,21651 Beard Meadow,84445,2025-05-23T04:20:23
1feb21c7-60b2-414b-95f0-e5ea4b0a4742,Tammy,Young,Male,1961-08-02,961.507.2778x765,kellyjohnson@example.net,50211 Mark Stravenue Suite 836,93882,2023-12-27T09:36:58
3c1a8ce2-95ec-4c2c-8798-3bc0579744ba,Michelle,Murphy,Male,1944-08-12,502.645.5267x469,jake22@example.net,2130 Emily Fords,24947,2022-04-21T09:45:40
026f05f6-19ce-40c3-82b2-547dac3cebe3,Kimberly,Turner,Male,2010-04-03,900-404-5344x4622,snydertimothy@example.com,47720 Boyer Place,92900,2022-11-21T14:28:19
aa528f85-01d9-4b33-b488-e328c075e119,Justin,Benton,Female,2002-04-26,(928)725-5994x8482,mdiaz@example.net,9413 Aaron Union Suite 106,19742,2022-09-14T19:02:41
36089374-18ca-40a9-8ab7-4b5dfcd49681,Matthew,Franklin,Female,1950-09-05,(893)718-2446x4956,awolfe@example.org,6245 Wendy Freeway,96217,2022-01-09T00:28:58
852393d7-9a5d-476e-a02b-a25601dbeb73,Bonnie,Rodriguez,Unknown,1954-12-05,634.685.7949x418,ryanlowe@example.net,70575 Montgomery Corner Suite 874,36081,2024-04-21T18:55:07
7c65a804-ee9f-473c-840d-d09fc2e8bfc2,David,Wade,Male,1959-04-30,(929)851-8589,jonesjacqueline@example.com,891 Larson Vista,69211,2023-08-24T19:13:26
56282768-6df0-4c3c-9ab8-180f56479889,Robert,Elliott,Male,1986-04-14,448.800.4869x080,jchandler@example.org,093 Anderson Ville Suite 497,66562,2023-01-10T15:30:43
50b281c0-ffdb-42ee-97d3-ec63e3e103bb,Stephen,Jackson,Female,2004-05-21,555-915-6249,brittanystewart@example.net,43016 Keith Village,54797,2025-06-01T12:12:03
660237ed-aa42-4203-9c78-4ca4f0e4ca0b,Jerry,Atkins,Male,1986-02-24,+1-997-829-8468x585,watsondominique@example.com,9975 Jill Estates Apt. 881,81982,2022-11-06T23:46:42
df8200b8-5b24-4b54-b9ad-97ae0ea761a6,Billy,Ramirez,Male,1969-12-19,(252)991-8935x80583,icervantes@example.net,4260 Karen Harbor,17010,2024-10-09T07:21:43
dedbcef9-74f8-4913-80ca-280f19a53942,David,Webb,Female,1966-11-09,001-284-996-2743x68485,jonessherry@example.com,35504 Mooney Streets,03821,2023-05-08T11:04:42
eccf3b91-e352-49a0-95de-293bb9a807ba,Vincent,Erickson,Male,1942-12-01,+1-762-808-0201x10412,carterdiana@example.org,250 Stephanie Burgs,16781,2022-03-20T15:58:33
87d75309-de77-4156-9f76-043f9a16b853,Christina,Shaw,Male,1981-07-01,(461)872-8270,andersonanne@example.com,0402 Rodriguez Way Apt. 010,07008,2023-12-18T08:10:13
3fa029a6-d0a7-4b72-805e-5adeb3030188,Elizabeth,Nelson,Male,2015-02-20,(525)640-0351x889,trevor49@example.com,979 Paul Terrace Apt. 161,54312,2024-09-20T20:38:02
deaeb0c0-a8ac-4ab1-afa9-d02c9e4c4be7,Elizabeth,Price,Male,1989-04-02,+1-832-466-3188x29787,mitchell48@example.com,6263 Gonzales Islands,39348,2024-09-17T19:20:35
00cd11a8-301c-4108-a904-babd69c2aa17,William,Carter,Unknown,1959-04-24,605-941-6833x1421,dianamarsh@example.org,70554 Smith Oval,39274,2025-08-20T06:00:29
527a9f7b-d007-4d41-b122-d458f521cf35,Sarah,Bullock,Male,1959-05-10,632-405-8920x790,rfitzpatrick@example.com,367 Forbes Inlet,82446,2025-07-28T14:52:10
f8378be2-0bb6-4d75-9f99-67265c366f5c,Aimee,Anderson,Female,2008-12-28,829-758-0312x01327,kelli65@example.net,17780 Gary Creek,07671,2023-02-17T18:37:11
3bca7ff6-71be-4c72-ad8c-c85c53559e80,Teresa,Stuart,Female,1964-08-16,+1-603-406-4167x021,hoganwilliam@example.org,10772 Rhodes Curve Apt. 098,44872,2024-04-02T06:52:05
cb40fcdd-9cd2-4a08-bd3c-83c3667139de,Jeff,Schultz,Male,1935-12-07,943.482.9135x39411,mnelson@example.org,75613 Rollins Walk,15658,2022-04-03T10:29:45
f104ad27-ee75-434e-b067-dba16d8bebc3,Michael,Hendricks,Female,2023-11-29,+1-755-949-1780x885,hyoung@example.net,53164 Deborah Square Apt. 739,28996,2025-08-25T12:47:05
b3126a11-db6a-47db-a888-e7affca39bae,Brian,Adams,Female,1998-09-18,712-698-6037x790,luisrobinson@example.org,027 Stein Extensions Apt. 788,86361,2025-08-07T22:13:37
9b6fbe20-4b3a-4a83-a286-16f4bbf9a04b,Lori,Barber,Male,2009-04-02,001-578-826-5003x12354,omoore@example.net,1832 Brianna Flat Apt. 215,44621,2024-03-10T23:22:40
e050df24-8522-496a-9eaf-0fa924a63a6c,Michael,Moore,Female,2016-05-30,+1-931-459-1051x8507,williamgarcia@example.net,870 Williams Causeway,29427,2024-01-05T16:19:44
08207d4e-812f-4d98-b777-6609db576a7f,Amy,Mccoy,Male,1949-05-31,232-503-6096,trevorelliott@example.com,69072 Sara Rapids,33154,2024-09-21T11:11:19
d51528af-4d25-498f-964b-85f0cbfc721c,Justin,Carter,Female,1994-03-31,+1-969-209-1023x193,joseph60@example.org,194 Jason River Apt. 027,28082,2024-08-10T06:00:17
77806788-dff1-45e3-bcba-6c808c7aa939,Latasha,Brown,Male,1977-10-16,001-697-680-5501,adamgarcia@example.org,0512 Brian Island Apt. 535,89486,2023-01-07T08:08:17
7b6f65df-1d9d-4d80-b47e-3ca0723fd85a,Faith,Jackson,Female,1969-04-06,(653)475-5849x12826,ashley48@example.com,89465 King Mill Apt. 989,32230,2024-07-12T03:15:03
2ba17f78-362e-47d4-be4c-943a3dabba61,Alexis,Sheppard,Female,1951-12-14,(379)324-2628,mary07@example.org,923 Kim Crest Suite 114,50157,2025-09-16T06:03:24
1b000f9f-16e5-40e5-b32d-3c81a8e50e05,Steven,Stewart,Male,1940-03-20,657-505-5701,thomasscott@example.net,9918 Joshua Harbor Apt. 428,30005,2022-04-26T00:42:45
edd32be9-2905-4dd7-877b-1426b73c62ab,Jon,Andersen,Female,1941-05-18,+1-954-810-8429x796,donald33@example.net,32562 Nicole Roads,61500,2022-12-09T00:08:43
47c58839-c42c-40ba-a22c-636fe713f930,Christopher,Mcdowell,Male,1978-01-14,4553162977,wmartinez@example.com,9617 Foster Plaza,59671,2024-06-06T07:14:15
f395c213-79ee-42c0-aa7a-907d41f3f1b9,Jennifer,Gordon,Female,1943-06-07,595.920.7570x4648,roachjason@example.org,6317 Lamb Cove,94552,2023-07-04T12:36:55
ec38704b-22c0-4ee9-aa5c-a8cd1f835b8d,Stephen,Perez,Female,1955-08-11,582-672-5967,mstewart@example.net,8416 Murray Street,44860,2024-11-26T23:48:36
cba88a28-1727-40d8-bdf1-02c2b9b4c225,Nicholas,Roberson,Female,2018-05-15,857-354-1579,karla82@example.org,82097 Kaiser Drives Apt. 534,95671,2022-07-14T10:08:19
9372e80d-ee89-4190-b94b-5d35df377ff8,Edward,Walker,Female,2023-06-02,(786)887-9732,bishopkristin@example.org,5859 Kevin Garden Apt. 801,78599,2022-11-10T06:58:42
57dda51e-a4dc-4d4e-908e-04ac99c6207f,Emily,Montgomery,Male,1985-06-28,677-690-1715,brian36@example.org,0768 Michelle Forks,58867,2022-12-22T21:06:40
b99b70d6-bc6a-48a7-be33-2380b7aa53b6,Shirley,Smith,Male,2004-02-13,001-659-764-6521x572,ulove@example.com,3989 Parks Forge Apt. 700,37358,2023-06-17T12:06:05
f75c0751-8fd8-4cb4-88fb-2050a460cf44,Robert,Brown,Female,1984-12-31,+1-822-661-2471x30520,blevinstiffany@example.org,706 Hart Island,39401,2023-12-09T15:44:06
4253fb27-393a-40a9-bbbd-f80ccef66a14,Chelsea,Bush,Male,1938-12-01,(311)840-9155,hwinters@example.org,970 Austin Path,26040,2023-02-16T14:45:58
5719d3e4-16d1-4768-9c83-90ba1672380e,Rickey,Friedman,Female,1960-11-08,470.736.1932x8875,zsimmons@example.net,2643 Schaefer Springs Suite 975,18522,2023-03-14T21:41:47
f1276a5c-be9f-44cb-b02b-0401efed098b,Kevin,Garcia,Male,1998-06-05,491-868-4959,samanthaosborne@example.net,590 Horton Way Suite 549,80187,2022-01-01T16:41:41
50392a8c-da73-4ae0-a09e-6e485e24038e,Joshua,Chen,Female,1951-12-31,001-214-710-1089x87269,shannon37@example.org,6695 Debra Flats,62405,2024-10-26T12:57:15
4f908490-006e-4070-bca6-a6b093b0d27e,Adam,Riley,Male,2003-02-27,001-931-825-4970x7514,dcollins@example.org,4160 Allen Course Suite 047,70179,2024-02-26T06:05:08
635d8150-d8dc-43a5-b09a-8327891d47fe,Donald,Morgan,Other,1988-03-23,+1-661-228-2408x28727,zcollins@example.org,44916 Timothy Field Apt. 275,84658,2024-01-14T03:48:15
cc2a261d-5d72-43db-8572-aa5b51d41f72,Tyler,Scott,Female,1961-10-18,(805)700-0943,fgarner@example.com,4223 Michelle Branch Suite 943,39519,2023-08-28T05:01:44
a9eb0bf9-850e-4d30-a055-adeccbebb43f,Dennis,Rhodes,Female,2014-08-16,001-932-215-2995x961,lisa81@example.net,4909 Miller Falls,49135,2025-07-20T03:39:38
025a2dd4-6533-4140-9b49-371038de44f1,Kyle,Taylor,Female,1993-08-24,630.534.5840,huntersarah@example.org,6470 Collins Mountains Apt. 996,15944,2022-09-22T18:00:00
d0ef1299-250b-4c5a-90e0-8a8175ea1023,Karen,Russo,Female,1942-01-24,(795)470-7130x80287,ubenson@example.com,69535 Tyrone Mountain Apt. 188,17225,2022-05-18T12:19:01
ae133adc-7ff5-488e-b80a-1bb7d653d4bb,Chris,Wright,Male,1952-02-01,723.661.3280x001,boydhayley@example.com,503 Jonathan Mills Apt. 577,26916,2023-06-10T23:22:37
bf3f51d5-2557-482c-888c-6ea499f9a338,Elizabeth,Rodriguez,Female,1974-04-12,6226695620,umiller@example.net,88239 Lee Mountains,16942,2022-03-18T17:10:14
08cac260-b3f5-421c-93e7-8237cd2174d3,Charles,Harris,Female,2023-08-16,985-417-5309,greenjasmine@example.com,204 David Track,78618,2024-11-24T19:04:14
b04816fd-fd86-4a13-809b-d8134f13823b,Margaret,Rivera,Male,1992-04-02,001-883-521-4456,collinsstephanie@example.com,1151 Mccarthy Prairie,44817,2023-02-07T15:55:19
92efd363-b4de-44a4-9900-da4bff317846,James,Taylor,Male,1947-06-14,+1-211-924-6488,porterlaura@example.com,98392 Henry Drive,16341,2024-06-21T04:41:44
4a9f6c5c-7eb9-4e2d-b738-7270d424d9f3,Susan,Smith,Female,1951-10-05,(423)748-4171x932,cbarajas@example.com,506 Rodriguez Motorway,91711,2023-11-20T08:50:35
cf69ef2d-fb2c-4c83-8f0e-5767606ffa15,Jeffrey,Johnson,Male,1989-07-17,9716498703,nathaniel67@example.com,41319 Christina Turnpike,27985,2022-07-24T17:36:49
d91b1cb6-35ea-4d3e-b77d-ff3ad3f04058,Gregory,Perez,Female,1976-07-25,001-878-500-0506x7156,upatel@example.com,09997 Jose Spring,24823,2024-05-27T13:42:35
bc5882ec-b34d-4663-b99e-4d08cf7798cc,Brandon,Ramirez,Male,1937-03-22,(973)426-6305x625,melissaharris@example.org,4288 Dickson Views,71446,2025-07-29T17:28:51
db55daf5-2dd4-450c-86aa-7991dd8cf1ca,Jason,Blanchard,Female,1994-02-09,2499609133,zjackson@example.net,287 Brown Hill,47422,2022-10-04T19:23:20
d0a4a31a-fc00-43e7-8c91-ef0e644d852c,Laura,Bush,Female,1955-09-16,001-782-548-5802x576,gmoore@example.org,4172 Cohen Course Suite 539,37243,2023-03-30T11:06:51
05855672-fdb6-41a6-a8c0-e305d9387dfb,James,Reed,Female,1963-12-27,652.414.6111x05597,robinbrady@example.com,24262 Nicholas Crescent,81141,2023-04-03T20:44:48
793228b9-ad8a-44bc-ac24-dcaa566082e1,Robert,Love,Unknown,1984-05-25,001-860-635-6619x739,mendozamelanie@example.com,0779 Perkins Extensions Apt. 032,48715,2025-07-19T19:30:03
126301a0-641c-4619-a430-58d9c1f98e90,William,James,Female,1962-03-25,802.916.9870x9126,howethomas@example.net,37971 Monica Burg,21423,2024-06-17T16:55:52
ec4de885-b245-47d9-8849-032c48754d16,Theresa,Jones,Male,1983-11-20,933-526-9018,ysanchez@example.org,2086 Benjamin Cove Apt. 241,53479,2024-07-04T06:36:49
18e9ef77-64ce-4589-8c4a-62badb335860,Justin,Nelson,Male,2023-09-30,396.988.2489x323,mary48@example.com,52031 Marshall Inlet Apt. 617,40396,2023-11-07T10:20:58
dda8b391-9494-465d-8a91-28fbc0948932,John,Allen,Female,1989-06-30,(694)971-8344x99856,michaelsanchez@example.net,5560 Archer Throughway Apt. 338,76564,2024-11-25T01:44:52
4dd7cb5c-b5a7-4756-af40-55ddd98d213c,Devon,Rodriguez,Male,2015-04-22,430-768-3129,allenlisa@example.org,070 Marshall Knolls Apt. 525,92698,2024-10-15T22:19:18
711f4ae4-2337-41e0-93c0-968729e7e176,Katie,Oconnor,Female,1960-07-07,470-308-7813,cameronmarisa@example.net,798 Brown Rue,66221,2022-05-13T18:05:33
35b33f54-2513-4cd4-a5b0-15b44a84525f,Travis,Ramirez,Male,1985-09-16,+1-798-465-9898x920,kathleen55@example.org,163 Timothy Stravenue,31589,2022-08-26T18:17:26
a6b78891-bc3d-4bfc-b216-7340bf95ff33,Michael,Garner,Male,2009-03-19,475-412-2537x69848,michele04@example.org,710 Tiffany Road,45912,2023-07-21T03:18:46
1a1940e4-935f-46e2-9b2c-1379b9d859f5,Jeffrey,Carpenter,Female,2006-12-15,001-507-557-6449x3229,wadevictor@example.com,28931 Lance Track,74038,2024-01-27T07:10:27
6065f5cf-25c9-48b5-9bc2-1e42fd0d4cb1,Brian,Cunningham,Female,1972-08-01,3637721366,jessicamartin@example.com,82569 Davis Rapid Apt. 755,88340,2023-01-04T06:47:58
2b10a823-d777-4933-adf0-1fe06d572692,Lisa,Sanchez,Female,1940-02-11,315.311.3001x05899,linda34@example.net,9415 Martinez Lake,40920,2025-04-11T07:25:17
794febef-f962-47e5-9b07-8b1118969587,Patrick,Gonzalez,Male,1937-12-22,438.675.6561x911,phillipsbobby@example.org,41975 Edward Point Suite 338,09085,2023-08-29T19:22:11
83f38f4e-faf3-4aec-9e0a-71570d6ed01e,Jose,Torres,Female,2008-10-12,001-456-327-5777x783,nchavez@example.org,65683 Jackson Center Apt. 451,52106,2025-01-26T09:05:06
260892d6-f840-46f2-af0e-ebef97e89057,Mike,Carson,Female,2018-12-22,751-278-2733,danielmartin@example.com,99898 Jeffrey Villages,58512,2022-05-09T00:25:50
1e69d7ef-08b3-4111-beb8-62c6676c269f,Edwin,Anderson,Male,1955-02-09,444.529.0712,moorematthew@example.net,72324 Adams Glens,36954,2022-01-09T23:38:47
989da530-b01f-49f3-8d7d-10f37d169638,Renee,Garcia,Female,2025-11-22,748.987.0554x800,michellecannon@example.net,9309 Laura Flat Apt. 153,87771,2022-06-25T15:03:49
c69e17c9-6018-4b17-bec5-715ca71db3a6,April,Oneill,Female,1965-02-21,820.618.6162,virginia09@example.net,8721 Jeffrey Underpass,73137,2023-01-21T12:54:33
16f0c19c-a894-411e-abb5-58e1cb9a6ed5,Tom,Pittman,Female,1977-07-26,5224749300,nicole36@example.net,57370 Angela Plain,44913,2023-09-08T18:07:51
61d15db2-a67a-470a-9175-3cd1dd69cf6b,Scott,Rios,Male,1992-05-29,2338360635,afowler@example.org,175 Natasha Courts,02650,2023-02-18T08:54:23
02f86044-5e08-4249-b1f3-4593a737d19b,John,Taylor,Male,1949-11-14,(622)996-5221x19864,leejeremy@example.org,91686 Wendy Falls,43124,2025-05-17T09:09:21
a43366c9-7d3d-4b72-9f3e-c5721527b2ac,Jason,Butler,Female,1945-06-30,981.984.8786,bjones@example.net,933 Alex Mission,82713,2023-06-18T10:45:32
963bd564-05e5-44ff-b995-57cb827ee0b2,Victoria,Diaz,Female,2001-04-16,316.895.6285,howarddiana@example.org,03667 Avery Canyon,83625,2024-01-28T19:36:35
b198047f-4612-4424-bac0-67a69297eaac,Henry,Woods,Female,1965-09-05,779.997.9315x8936,dawn58@example.com,732 Alvarez Wells Suite 338,61826,2024-09-25T22:50:45
624b31d7-2e5c-48ad-97c6-eb3ccb5a1c0e,Misty,Moyer,Female,1961-08-04,814-429-3991x196,davisrebecca@example.com,648 Curry Bypass Suite 797,86962,2022-06-25T22:01:01
4c618a43-6f04-4c76-b3e6-922da5044925,James,Campbell,Female,2005-07-01,001-218-326-9549x00103,codylindsey@example.org,463 Brian Ports Suite 399,45177,2024-04-06T08:05:02
b6b98240-1041-4cbc-9342-34cf1974fb71,Barbara,Park,Female,2002-06-13,001-240-833-9213x2839,lisa05@example.org,3935 Lisa Alley Apt. 994,75177,2022-05-11T22:01:02
67c3bd9e-2f54-40e5-899a-5349cb93dab6,Jessica,Graves,Female,1944-12-05,730.334.2289,madisonwalker@example.com,0948 Ortiz Shores Suite 556,78249,2024-04-13T17:58:38
d1453eb7-8e59-4579-a4cf-d9b9050e1961,Jennifer,Lewis,Female,1962-04-15,(954)753-1574x3479,pphillips@example.org,32999 Brown Walks Apt. 206,15961,2025-02-23T16:03:27
105dd35c-7d12-4b6b-87b3-d329cfec1804,Christopher,Martinez,Female,1997-09-03,001-904-437-9650x8433,whitney74@example.net,782 Jenkins Plains,13548,2025-09-27T17:08:54
d19eaf98-b6b8-4329-89fa-b5cc95b04f8a,Timothy,Compton,Female,2025-02-27,(642)407-4375x17778,david81@example.com,887 Jones Ports Suite 747,60015,2023-03-22T03:43:56
351c586a-c0c3-459e-80e5-ea1a1fc45171,Mary,Andrade,Other,1987-11-17,(779)770-6699,rogersjustin@example.org,926 Kelly Isle,32080,2025-02-20T14:30:18
dcac41f8-2e40-41c1-9e09-14d2e5c943b1,Richard,Jenkins,Female,1991-01-06,+1-702-789-4614,nathan11@example.net,5958 Vanessa Shores Apt. 157,02590,2024-04-15T13:46:45
727dda84-8e02-4ef0-815c-e9f42e106355,Rebecca,Fowler,Female,1977-06-26,(629)556-7230x8554,tayala@example.com,4790 Paul Station,56818,2024-01-26T16:42:22
933882b3-20fa-45b7-8a05-49501f7fe5b0,Amy,Harris,Male,1972-07-30,001-416-697-1576,sandersjohn@example.org,186 Jennifer Tunnel Suite 778,72472,2021-12-30T00:00:51
41bb0e0d-8fff-406d-967b-6ea029451370,Autumn,Harris,Female,1995-01-16,566.217.7200x231,brandonbean@example.com,16244 Smith Union Apt. 903,61827,2022-04-25T01:44:25
1fed7603-fadc-4704-95a9-05b408f61b3f,Natalie,Turner,Female,1957-09-15,424-530-5696x0580,johnsonsteven@example.net,846 Beth Isle,44616,2023-03-22T22:09:38
2bee2fff-8b5f-43fe-b75d-dff45d123e9b,Patrick,Petersen,Male,1955-07-01,(208)617-5970x1190,tgreene@example.net,1584 Patricia Parkways,92488,2022-01-23T09:56:08
3f9304fa-0005-4b9d-a87d-21fff1fa7e6a,Pamela,Saunders,Male,1943-07-25,001-227-825-8114x16895,paula31@example.org,515 Taylor Mountain,35222,2024-06-06T15:10:41
e79524eb-84fa-4889-b21f-9823f23b1efb,David,Myers,Female,2000-06-11,219.902.3368x287,jimenezbrandi@example.com,52917 Bell Bypass,71174,2023-05-31T01:24:10
23cd8a44-71e6-4bce-88ba-ef4aa8be8d1f,Jerry,Harvey,Female,2003-06-19,869.284.3112x409,john68@example.net,0411 Perez Manors Suite 231,52143,2025-06-26T14:59:07
e92915a3-85cd-44bf-901c-93a3b1f22be5,Victoria,Thompson,Unknown,1952-05-27,+1-863-246-1087x598,amedina@example.org,40579 Misty Plaza,18792,2024-09-15T01:58:59
82b60c8e-89c8-48d7-9b2e-18c05a24591d,Robin,Caldwell,Male,1972-05-26,737.951.6061x40351,benjaminmontgomery@example.com,2483 Weaver Shoals Apt. 145,02678,2023-06-22T19:57:19
0b73ca1c-d1dc-41e5-a9a1-44751958a981,Kyle,Hall,Male,1976-07-13,001-895-669-2401x385,srose@example.net,852 Amy Expressway,39991,2023-12-16T01:03:45
db2865da-4cb9-4e7b-a444-4f6430259856,Timothy,Fields,Female,1961-07-25,(736)729-8259,daviskathleen@example.net,8400 Peter Ranch,37818,2023-10-03T14:05:53
8d548038-9a26-4279-a25b-74adf519ab52,Heidi,Rivas,Male,2013-10-01,+1-712-701-1162x820,mcampbell@example.net,397 Jody Ridges,63222,2024-12-08T14:11:03
baa6961c-20e4-4bfe-8703-67f75bebb1c7,Melanie,Miranda,Female,1976-06-18,+1-922-710-5612x199,michaelking@example.net,8835 Nelson Crossroad,87771,2023-05-10T01:52:05
42bb8f63-4145-4abc-8cc2-e0f013093c17,Corey,Anderson,Male,1952-03-27,(208)965-5099,garciakevin@example.org,847 Richard Harbors Suite 151,30673,2023-06-03T17:49:15
74c0db3e-666a-4a82-a9cf-4c70e75641e0,Lauren,Pacheco,Male,1956-10-23,001-340-936-0127x8270,rwilliams@example.com,63568 Garza Turnpike,49531,2023-03-22T01:05:26
f0b0e729-6ce3-4d67-ad30-c94b4111e681,Eric,Willis,Female,1940-04-03,2625916967,vanessadaniels@example.net,0834 Kim Causeway,11631,2025-05-18T14:28:53
a12b61ae-1210-4787-b429-ce3b89310697,Taylor,Collins,Female,1990-05-09,300-438-1606x0326,jose37@example.com,8896 Timothy Fork Suite 707,18759,2025-06-01T07:46:32
a54427ec-b261-4d5c-a214-245cfecfdd72,Tina,Hamilton,Male,1980-11-15,+1-799-779-8968x620,graydonald@example.org,0835 James Forest,78273,2022-02-12T14:24:50
a5d453c4-a845-4ee9-904a-da375f44b716,Brooke,Munoz,Female,2006-01-27,(527)370-2874x89282,christianleonard@example.net,912 Bryan Roads Suite 533,46761,2022-03-20T20:19:50
d2524487-6b70-4287-a9fe-ba149adda7c8,Shane,Lin,Male,2015-03-13,(546)784-6719x4714,kellerpamela@example.org,40539 Bryant Drive Apt. 133,94200,2025-01-21T03:33:31
61025637-6f02-4006-89ac-376cfe11230e,James,Garcia,Male,1965-03-08,956-548-6711x5395,sanfordjason@example.org,46290 Johnson Junctions Apt. 142,62999,2023-02-11T10:04:05
4526ed62-13d8-46e6-bf5c-022a9a86013d,Michael,Maddox,Male,1958-12-03,(635)540-5701x3632,jacqueline57@example.org,669 Maria Radial Apt. 504,53815,2022-02-09T01:56:53
6822d128-8c61-459f-af19-43901c285022,Virginia,Rodriguez,Male,1946-03-30,727.814.7118,tabithasmith@example.net,6131 Danny Crossroad,76646,2024-02-19T14:39:26
e8c44e4c-5ce1-4cc2-96c7-02a1a3e2ac17,Latasha,Ellis,Male,1970-06-03,(468)835-1612x34611,jamieblake@example.org,5822 Michele Avenue,01342,2024-03-22T00:56:58
cc501bea-de6d-4e25-a575-dbd145f3e8a4,Lauren,Hughes,Male,1976-12-19,618.269.5596x16891,bryanwilkinson@example.org,273 Montoya Flats,86494,2023-05-24T11:24:20
fabf8aef-608d-4b54-9913-0b900286675d,Matthew,Ruiz,Other,1986-08-31,(796)254-2095x8227,justin56@example.com,62998 Preston Hollow,81226,2024-08-09T21:43:03
c8613afa-1ae1-4565-b3a8-0aa060ee0cbc,Charles,Haney,Female,1984-06-07,949.514.4168x60525,cassidy85@example.org,83892 Adams Station,76619,2024-11-28T20:16:47
e0218caf-ba73-4a4e-86c7-1c162cfcbb3f,Valerie,Olsen,Male,1936-11-25,+1-215-942-2184x323,nicole87@example.com,40107 Hudson Village Apt. 257,25429,2024-09-22T23:06:24
1875589a-7d57-451f-8e8a-5306d2438d1b,Donna,Perkins,Female,2021-02-04,(680)546-6746,michaelbennett@example.net,2701 Stevenson Valleys Apt. 985,68283,2023-09-16T17:19:32
4830effe-dd8a-4f0a-9278-f380b3510ddc,Anna,Robertson,Female,1990-05-17,(865)952-4885x30346,angelroberson@example.org,95365 Harrison Parks,25054,2024-05-03T23:22:57
0c475261-e585-40a5-995c-663b9b82f430,Laura,Gutierrez,Male,2002-09-28,(812)288-4414x2533,rebeccafarrell@example.net,887 Stewart Views,65370,2024-01-12T03:30:12
2e408d57-63ba-4c3d-807a-be48f24e7fd6,Valerie,Gonzalez,Male,1986-08-09,001-544-763-4285,xparker@example.com,66527 Mark Ranch,85612,2023-05-21T23:09:44
c9eb597b-f7ce-4dc4-ad85-1456bdc5a633,Marcus,Moore,Female,2012-09-03,500.217.6966x67156,xsmall@example.net,7977 James Points,06900,2025-01-21T22:22:04
6714272a-d981-4a41-a1cc-233c9838d168,Arthur,Lang,Male,1938-05-21,(373)413-7265,larry57@example.net,2340 Madison Corner,16306,2024-04-30T11:45:54
afc8d769-026e-4d11-8251-d2f020a89260,Cheryl,Hendrix,Female,1990-04-06,436-297-7944x7749,benjamin18@example.org,69219 Hannah Stravenue Suite 710,69227,2023-06-16T09:41:26
248607c2-2059-4d46-a856-0b7427ce46ce,Ralph,Johnston,Male,1973-06-15,393.980.2839x278,emily78@example.com,300 Reed Extension,77355,2025-05-19T11:24:56
eb1efddc-0d88-4933-8472-5ab7bc44a417,Rose,Drake,Female,2016-08-18,367-316-1370,johnsonsean@example.com,78451 Scott Squares Apt. 053,88421,2023-11-25T01:08:22
c70c15e3-b51e-40dd-9ec2-322ff978d269,Helen,Harris,Male,2019-05-27,+1-287-878-9415x67978,steven25@example.net,2334 Valencia Cliffs Suite 891,64903,2023-10-18T20:09:00
75318081-b4ef-4a29-ab12-05aa9bd3f580,Christopher,Mathews,Male,2023-07-15,(603)978-6411,thomas79@example.net,868 Ferguson Plain,54615,2024-12-23T11:25:56
77fa7bbc-cc68-453e-9a9f-d637fc7aa2dc,John,Martin,Female,1988-11-21,+1-987-916-8551x312,christopherflowers@example.org,9043 Bowman Streets,18890,2024-04-17T13:09:24
8545b11f-6d82-4335-b3de-a9dc469c558b,Maria,Garcia,Female,1980-02-17,001-316-539-4512x858,shawpatricia@example.net,791 Melissa Squares,43276,2024-05-08T15:41:20
3a9048cc-d063-43e7-ac7e-f0abe1a29ffa,Elizabeth,Griffin,Male,1971-08-26,334.530.6741x67123,hsalazar@example.net,997 Kristin Flat Suite 243,57409,2024-12-04T04:14:27
4e3fd50b-f28c-435f-9641-d960dba0bdec,Steven,Rogers,Male,1963-05-11,001-856-337-1089x7335,cynthiaortega@example.net,47195 Michael Fords Apt. 772,16133,2023-12-15T11:46:09
a27a2bda-1713-442b-9862-042e500f86b1,Steven,Gray,Male,1962-06-19,757-584-8399x7413,patrickdavid@example.net,9297 Scott Causeway Apt. 247,16156,2025-09-12T11:10:08
17f85f5b-f1e2-4ce7-bd73-0c3bbade33a0,Brian,Salas,Male,1948-04-22,9389333112,mary52@example.com,966 Diana Hollow Apt. 823,64509,2023-08-16T02:16:25
492d85a7-be50-4500-95a7-5ed90eb2858f,Richard,Cole,Female,2009-08-02,001-831-630-6671x2378,jameslee@example.net,454 Scott Roads Suite 481,54868,2023-06-18T00:44:04
02bce2e0-dfd5-488e-8eef-d2c97e2b73ce,Clifford,Elliott,Other,2000-07-18,001-710-282-9682x924,terrance15@example.net,3252 Delacruz Station Suite 821,19152,2024-07-25T10:22:54
eeb47b07-8239-41c4-ad52-09e76c8a30c1,Keith,Thomas,Female,1964-09-20,314.404.9098x73133,wendy68@example.org,48936 Johnston Highway Suite 570,11000,2024-10-27T19:03:10
af642572-83d7-4afc-bf70-29737acabb76,Kimberly,Murray,Unknown,1999-12-21,453.898.7457x36414,donna18@example.org,29002 Anthony Port,55154,2024-07-18T17:19:16
1febc9af-b2a8-4456-884b-fa8ce3593ee9,Robin,Reilly,Male,1989-03-09,+1-302-405-1093x282,dennis55@example.org,98135 Angela Gateway,32738,2023-12-23T09:51:38
d4d6761c-e92f-49fd-b0af-e6139dc4f583,Amanda,Daniels,Female,1981-08-23,878-267-9630x23598,brownandrew@example.net,352 Dillon Court Suite 076,47569,2022-06-12T00:33:01
88c982ec-b3dd-4cfb-accb-6ae1b6d331ca,Heidi,Stevenson,Female,1964-09-04,001-235-870-1916x5092,sarah15@example.org,12740 Dustin Ranch Suite 764,18102,2022-11-25T16:24:20
a942b4d7-bd2d-4fff-be85-544c3e859c67,Carmen,Rojas,Female,1976-08-29,567.419.2247x8221,amy07@example.com,292 Smith Shores,49609,2025-01-26T07:44:22
f1e7ada0-e15d-4e51-bfc9-77e4d2c7f176,Tonya,Walker,Female,1988-01-27,(212)411-2379x2814,kathleenhanson@example.org,874 Phillips Grove Apt. 240,37191,2022-10-26T02:15:25
72dadc21-9b7c-4539-8ad7-d77c9bf41cc6,Amanda,Lopez,Other,2007-08-03,001-683-735-1158x2702,alejandraelliott@example.org,4633 Christopher Club,81380,2025-01-02T21:31:39
c3828725-e1c6-4384-ae20-a0b5acad7c07,Jon,Johnson,Female,1945-05-24,423.596.3190x1076,xmosley@example.com,1230 Ryan Inlet Apt. 021,99402,2022-04-24T19:02:51
5df70cc1-133b-485e-acc0-9f87399e1823,Valerie,Wall,Female,1990-09-21,626.573.9589,abigailbennett@example.net,1266 Anthony Ramp Suite 832,69243,2022-05-31T20:07:21
0d08367e-f3d5-4737-9a71-504b8380d397,Jim,Brown,Male,2000-01-14,736.749.3354x6817,uhickman@example.net,806 Hunter Lane Suite 096,85889,2024-02-16T18:35:29
f8401eea-5f8f-4538-aba4-d656610c5ade,Jessica,Mcclure,Male,1939-04-12,356.263.8623x3884,sheaashley@example.com,495 Estrada Center,29079,2023-02-11T12:42:19
d4ec0595-3ff0-4d13-add7-1599e9fedd48,Ronald,White,Female,1961-12-28,+1-580-425-5578x17946,dave46@example.com,0237 Avery Locks Apt. 904,24587,2022-12-14T07:15:13
4a41aed8-1e2c-4d4b-9b99-2f51c433b3bd,Jose,Wong,Male,1990-11-22,(741)567-4974,qwilliams@example.net,182 Mary Plains,16485,2023-01-14T18:29:57
00926d61-368b-4d68-83c6-b5324b25c483,April,Watson,Female,1993-05-20,287-899-6344,mosslori@example.net,7922 Christina Park,70267,2025-03-03T14:09:11
ec4d6c00-37ab-4af8-a4c4-6086919fa02e,Jamie,Smith,Male,2014-07-27,+1-717-792-2939x890,fernandocrawford@example.com,55037 Regina Club Suite 247,56544,2023-07-04T06:04:03
83f9b580-a499-4b92-b589-de14eee06433,Erin,Zimmerman,Female,1936-10-29,634-797-5744x51015,michael56@example.org,17914 Dale Path,85319,2023-05-29T07:52:07
e47a7b03-768a-46fb-af77-51240911e215,Jonathan,Love,Female,1999-08-26,961-470-2972,randallstephanie@example.net,5469 Jackson Corners Suite 244,68678,2022-09-01T08:52:26
0182144d-5b12-4b1b-8eb8-1b177cff07e3,Sarah,Scott,Female,1997-04-22,(672)630-8961x269,xbailey@example.com,3723 Anderson Fort,66946,2022-05-24T22:15:14
1b6f1a9e-5a98-4715-8c60-b543541bf89c,James,Carr,Male,1981-03-03,(458)746-6376x82874,james35@example.net,158 Natalie Trafficway,33805,2024-04-10T08:12:28
66edef30-2fa8-4808-b8f1-6861e3e3e73b,Gina,Ballard,Male,2016-01-20,876-562-7387x248,elizabeth92@example.org,9337 Ortega Route,25141,2023-07-01T09:34:33
329245ba-7df6-4c1d-ae49-28ac19f145cc,Regina,Adams,Male,1959-02-19,(399)653-7688x2409,archermichele@example.net,470 Jonathan Plaza Apt. 192,52951,2024-09-20T05:40:07
6924e248-2759-4511-a604-bfbe83aa622f,Kyle,Bass,Male,1958-03-26,+1-698-721-7449,kwebb@example.org,21961 Lopez Wells,04539,2022-01-09T05:16:18
c4fa84a4-27d7-44ce-81c4-e2297cc70b17,Charles,Taylor,Female,1960-12-03,718.222.9094x467,wdiaz@example.com,22471 Miller Locks Suite 396,94000,2023-01-27T07:08:39
5fd2bec3-6536-4c77-b87f-b57839e1609d,Matthew,Foster,Male,1994-08-19,846-511-7769,rodriguezcheryl@example.net,973 Moore Forge,97582,2023-07-06T18:54:56
89534e15-2ea3-4b78-a466-c9376da7c95b,Timothy,Davis,Female,1941-12-28,001-545-904-7442x438,brandypratt@example.net,1365 Courtney Centers,57145,2022-03-20T06:26:34
a801f15e-7046-425d-bd47-4d951bd36f41,Alicia,Cook,Female,1982-11-23,596-794-4710x792,manuel07@example.org,457 Garrett Springs Apt. 921,40855,2023-09-16T07:56:13
bf415c98-5a8e-4f05-a3ce-cf1e296df91f,Omar,Moore,Male,2020-04-24,+1-889-392-4280x31084,lbailey@example.com,938 Bowman Pass Suite 882,72160,2022-04-10T21:45:58
b58f67b6-deda-428b-a232-0dc95bf6f06d,April,Matthews,Male,1987-12-14,727.218.5081x463,coxtim@example.org,39282 Charles Loaf Apt. 438,03332,2024-09-26T09:36:29
2238dfc6-0a4e-4ccf-88ef-30ff308777b4,Rachel,Davis,Male,2004-08-01,8388650306,denise75@example.org,238 Kristopher Brooks Apt. 666,32226,2024-12-22T08:33:20
08175dd0-e6a7-4af7-94ca-6897be71cd60,Jennifer,Anderson,Male,2009-09-11,660-722-3779,doughertylindsay@example.net,22498 Hanna River Suite 220,47874,2024-09-06T17:13:52
f5aed2e9-7ab3-437c-b2c8-c25e32f1227c,William,Cowan,Female,1958-09-15,475.313.0937x3297,bryan22@example.com,146 Stephanie Islands,43744,2025-01-23T10:59:08
7d338ca2-6bcc-472a-9e69-2c3f440b71a6,Andre,Foster,Female,1994-03-02,(554)407-9137x05711,rcurtis@example.org,6625 Grant Ferry,97234,2022-01-21T21:25:47
209f839f-b6dd-4d11-ae86-4837ccc10250,Kathleen,Navarro,Male,2007-08-26,745-965-5201x3320,theresarodriguez@example.net,20712 Flowers Mountains Suite 191,08057,2022-03-09T22:04:05
665e467f-e1bb-4399-87c4-32a0c3af3d93,Ronnie,Curtis,Female,1941-07-20,428.521.9272x65755,tracysnyder@example.org,29308 Hurley Unions,45028,2024-12-23T04:45:51
d35d1936-d7d2-488f-bdec-b67aec6e8294,Christopher,Villegas,Male,1946-09-20,(408)986-2164x9420,dixonjeffrey@example.com,4853 Victor Fall,56446,2024-02-14T08:51:30
caef3c9e-1b9d-4f1b-b52a-6cbf1c17729f,David,Mcdowell,Male,1946-10-19,(656)671-9201x248,ramossara@example.com,3961 Tracy Plains Apt. 152,31743,2022-11-06T05:45:24
037e7f60-8000-4fac-9818-48c527d19990,Anne,Greer,Female,1962-05-31,+1-772-569-9519x13205,hbaker@example.com,8276 Hernandez Flat,86536,2022-08-01T10:53:44
d4701dd2-ada5-4eb9-8d52-7b893c8b966c,Ricky,Harris,Male,1936-04-22,+1-714-972-0080x912,tylernichols@example.org,6733 Robert Isle,16894,2023-04-17T06:02:17
020e2e6a-bcc8-409b-98da-ae8cf9f7e004,Robert,Ruiz,Male,1982-06-07,001-953-343-5356x5026,john45@example.com,404 Lane Estate Suite 110,87002,2023-12-13T14:38:55
15263fef-7c65-4bfb-883f-ca724a1a7c2e,Kristin,Olson,Female,1944-03-31,779.880.4186x56738,tiffany88@example.org,25390 Rich Forge,24993,2025-07-08T22:12:59
bab008df-2709-45b2-9e1b-e56d3f6c5de5,Michelle,Rodriguez,Female,1984-03-12,001-996-336-0402x451,ashley52@example.net,153 Wayne Loop,01957,2022-03-19T17:10:19
1d71f339-c448-42af-87f8-b6f13fdd0e2b,Tiffany,Johnson,Female,1959-05-31,+1-922-775-3495,towens@example.net,363 Rebecca Falls Suite 032,91029,2025-05-31T13:18:44
aa94a1d4-3f52-4dae-b371-d64dfe87a17b,Keith,Sanders,Female,2000-10-13,917.532.2657x11418,kaitlyn77@example.com,65979 Perez Trail Apt. 017,13320,2024-08-18T17:30:35
c86022c4-b4da-4f04-b951-0a4532cb28ba,Rebecca,Jones,Female,1970-08-31,(830)281-8372,jenniferross@example.org,8902 Richard Overpass,32273,2024-06-16T13:58:12
9c711439-8098-450d-baff-361ab37e3c41,Brittany,Hendricks,Male,1965-12-23,(799)569-1787x00174,davidrangel@example.net,0282 Chase Grove Apt. 035,91523,2024-03-16T04:18:09
a1001bc8-9758-425f-9ad8-e2dafe17ddb3,Brian,Pierce,Female,2005-08-13,502-310-5025,francessmith@example.com,9795 Williamson Square Suite 654,46823,2023-02-21T20:30:13
66ba7e51-21de-4360-9ed6-8b713ab8ec3f,Patricia,Jackson,Male,1944-12-10,308.559.5448x63487,brittneycooke@example.org,081 Theresa Prairie Suite 527,54835,2022-02-21T13:57:11
256df639-edd9-436e-b132-8995fd8ac696,Cassandra,Warner,Male,2009-06-12,001-680-424-2743x418,jeffery50@example.com,8539 Khan Flat,11255,2024-02-08T07:21:36
dd460c91-1747-4b5c-b31b-d6029dd0ce04,Michael,Jackson,Male,1973-10-29,+1-834-573-7257x730,michael61@example.net,063 Martin Junctions,72348,2023-10-14T10:25:10
b33d9c7c-4e73-4dcc-8664-82ee6844a0e3,Melissa,Harrison,Female,1957-11-12,(325)476-2297x8248,marcus53@example.net,42009 Susan Station Suite 952,71040,2021-10-17T13:17:45
6d134ea8-560f-4071-b8c6-430f3b3ed7bd,Victor,Johnson,Male,2026-01-12,518.781.5858x227,vthomas@example.com,5434 Ford Centers,80811,2025-04-18T23:52:13
0d394b57-a4d4-4f15-ad54-a50182866d40,Doris,Perez,Male,2018-06-11,391.212.8110,hallsara@example.net,2063 Simpson Shoals,36195,2022-10-27T20:43:14
f1685db8-47d2-4391-9d13-539c44ed4fd5,Kelly,Johnson,Male,2008-11-05,001-602-617-7207,panderson@example.net,6439 Daniel Falls,22299,2024-02-26T20:39:55
e525aeaf-51e1-4799-bf39-562d6b06e92f,Jesse,Curry,Male,1996-06-14,519-982-8704x85959,yhernandez@example.com,697 Jennifer Pines,58939,2024-10-04T01:31:15
a911fd6d-0d58-4ee2-8023-1f700a77b5cc,Tyler,Cooper,Female,1951-11-20,684-976-2974,sullivandaryl@example.org,76309 Daniel Tunnel,82980,2025-01-27T10:49:42
47b885fa-78d8-4dd6-890a-886c36442939,Michael,Perez,Female,1937-02-23,652-831-9134x3757,ygreer@example.com,09866 Ballard Key Apt. 707,26261,2022-04-02T10:51:59
40944f95-2f51-4ca6-ae4f-f4a419cb84c8,Tiffany,Holden,Female,1977-07-01,621-502-0901x674,nlyons@example.org,85824 Ryan Junctions Apt. 813,44300,2025-09-09T13:59:27
1c8d23b4-4dea-4200-9593-83cf5d13a906,Kimberly,Pacheco,Male,1970-04-09,(524)870-2177x0253,lschroeder@example.org,922 Anna Lock,75512,2023-04-27T11:25:03
c53d1af9-8d40-4eb2-aed6-90cc037f5347,William,Acosta,Female,2021-05-21,(517)649-1455x925,ismith@example.net,95236 John Throughway,58038,2023-02-11T15:05:51
cf5e7840-bdc5-41bb-9c4e-3b0054ca4adc,John,White,Male,1983-08-22,+1-512-353-6858x643,adamsnathaniel@example.net,207 Brown Underpass,26311,2024-04-28T07:50:09
9ace8631-8763-4104-96c2-e045c75ffb36,Michael,Douglas,Male,1936-08-01,(535)216-0984x14548,amberbrown@example.com,512 David Pines Suite 076,53639,2023-11-16T00:17:44
959677e9-35c4-4e08-86a4-7588a676ace1,John,Lowery,Male,1940-01-25,890-578-2433x6160,huertagregg@example.net,6824 Paul Track,27999,2024-11-28T21:16:02
a12ac11c-2167-4dca-9b3a-c54ce31f2212,April,Hall,Female,1974-08-27,001-966-911-7495x3876,nturner@example.org,254 Craig Light,02836,2024-02-12T11:26:40
f7e47c8c-9628-4429-8a81-870a1ecf8aec,Andrew,Chavez,Female,1966-04-25,+1-776-222-4141x98102,ycasey@example.com,3350 Kayla Meadows,62968,2024-11-04T08:21:18
3163b274-30c0-41a9-9141-b9e4a783d1c8,Jessica,Hernandez,Female,1963-02-23,+1-682-578-1469x67671,jparker@example.net,873 Megan Port Suite 657,55122,2025-09-18T10:21:45
f11afc00-132b-4f36-9940-4d24eced9c30,Donna,Brewer,Female,1954-03-25,391-824-6902x596,aturner@example.org,8909 Darius Forges Apt. 287,90913,2025-07-08T00:21:11
796512e3-b9b0-44ac-8d2d-8efd57c8294c,William,Perez,Unknown,1962-07-08,(506)371-4670,williamsaunders@example.org,214 Quinn Walk,22232,2023-03-29T11:08:02
27571245-b884-4902-8897-3a4a33b636dc,Hunter,Hunt,Male,1966-07-29,001-986-732-2217x050,across@example.com,941 Kimberly Grove Apt. 887,74829,2023-09-10T15:00:29
b62b9f62-8ced-48ea-ab0f-fa793113b13a,Brett,Rodgers,Male,1967-11-15,(868)866-7901,stephensjanice@example.com,22147 Dakota Ports Suite 266,46112,2022-07-26T18:20:41
d89939ba-da7a-4e9f-8265-1976e0880267,James,Long,Female,1995-08-24,739.654.4755x682,taylordavenport@example.org,516 Cooke Canyon Apt. 184,71995,2022-12-18T09:11:04
5db2f6ce-e519-4530-98eb-3e59f9a1de3f,Michael,Carter,Male,2020-11-27,903.556.7611x56405,harold25@example.org,81731 Mckee Center Apt. 206,67373,2022-02-03T21:05:15
6fa5f03f-e92d-4961-9e0f-d29bb7a2ab33,Angela,Patterson,Male,1952-01-11,(948)497-1373,courtney02@example.com,40504 Cory Turnpike,70286,2021-12-21T03:45:01
f3d36295-ee6b-4b89-8615-50f66b43db40,Kara,Daniels,Female,1945-07-13,+1-481-837-9724x1742,johnny85@example.org,02113 Joseph Canyon,59532,2023-12-02T22:57:57
462e9af3-9962-4263-aabc-42b1059997f6,Bryan,Mcmahon,Female,1994-03-30,+1-763-727-5934x87553,cryan@example.net,23866 Jackson Motorway Suite 224,41239,2022-02-24T14:41:32
f4af8005-0ba2-4c4f-8a26-eb592101d598,Michelle,Griffith,Female,1983-06-04,396.277.5362,veronicawashington@example.net,107 Edward Oval Suite 670,92173,2023-10-07T03:50:05
30b05a0b-b19d-4860-b8f4-0e49cb5d2aff,Morgan,Webb,Female,1960-12-10,001-914-574-5501x48234,fergusontara@example.net,4317 Stacey Park Apt. 676,02716,2024-08-30T19:32:49
884ff1a7-af48-4fc0-beba-046465c227c0,Peter,Patterson,Female,1997-09-14,001-792-586-3082,smithjoseph@example.org,704 Joseph Port Apt. 224,06766,2025-06-05T05:28:07
70100d7e-2a5f-46e4-9332-406ff8b6bdee,Robin,Flynn,Female,1995-02-03,(860)564-0646x27886,smithjames@example.org,8780 Chavez Mills Suite 583,14918,2022-08-22T07:55:55
63e73896-c784-4f4b-8fff-e8456257ae9c,Emily,Reid,Male,1955-06-03,001-578-855-2964,goldendaniel@example.org,4340 Adams Shoals Apt. 625,47626,2024-10-15T06:39:33
00ebf725-2f1e-48dc-b4f9-02b74580a4ae,Angela,French,Male,2005-05-31,978-569-7728,gjohnson@example.org,353 Hart Freeway,80935,2024-05-20T09:55:16
0244bc44-b25c-4b50-9794-b38937c23f27,Mark,Morris,Female,1944-02-01,8095631800,jessicaleblanc@example.com,373 Williams Bypass Apt. 800,52846,2022-03-05T05:20:47
80fa3363-7497-47d9-8346-93d1ca67d562,Hannah,Rogers,Female,2000-04-27,401.592.4418,amanda22@example.com,55151 Mercado Estate Suite 489,47004,2024-05-24T00:58:37
da3bce8e-4dac-49f6-8242-fc5c866b329a,Alexandra,Barber,Male,1947-11-11,+1-369-502-1386x861,jennifer75@example.org,129 Juan Heights Apt. 827,37816,2023-05-25T02:25:10
1e7d8f7b-8d59-434d-84bd-604fb5502e2b,Daniel,Rice,Male,1993-06-23,443-337-3090x0906,chelseagreen@example.org,63314 Hess Parks Apt. 009,14097,2023-07-01T01:44:06
4ab63e0f-3cfb-4642-8897-c4970bad4234,Kelly,Reyes,Male,2019-09-19,001-515-385-3089x6746,matthew23@example.net,19036 Jennifer Isle Suite 384,33724,2022-04-13T06:17:51
471b0cc7-e233-4597-b129-ed2f25ec77e4,Susan,Anderson,Female,1966-06-02,(862)437-6345,xharris@example.net,2277 Salas Walks,05399,2023-10-31T07:10:50
0d3069bf-ca66-48a8-9f96-048a453b37f5,Ronald,Gutierrez,Female,1942-02-09,001-996-854-5925x44951,garrett49@example.org,3848 Barnes Avenue,07915,2024-07-26T02:16:24
35c0c003-d2cb-43eb-bd52-3fad3fbefe33,Samantha,Dean,Female,2008-12-25,(570)369-0871,gmoore@example.com,08206 Hughes Brooks,99885,2022-04-27T21:06:42
a1f78157-58f3-4359-a60d-a1aa005bbf73,Alison,Stone,Female,2021-06-26,768.257.8601,john39@example.net,869 Harrison Viaduct,01202,2023-01-14T04:36:24
f2491816-154f-4eb4-9316-7cb55e7e00e5,Kevin,Mooney,Female,2021-11-11,001-430-977-2078x028,ashleywilliams@example.net,77476 Anthony Tunnel Suite 105,70752,2025-07-10T00:44:16
22345eac-b8da-4559-8398-018f8c9d4a84,Jennifer,Tucker,Male,1978-01-06,+1-886-200-5425x188,michael77@example.net,99509 Amanda Highway Apt. 502,56117,2025-01-14T19:42:59
fc3a156a-531b-49d8-8b7e-42df9c8a1631,Michael,Khan,Male,2000-12-02,001-905-397-3077,patelandrea@example.org,7541 Albert Courts,54615,2025-10-05T09:24:55
5b00f1a0-d2ed-4196-82aa-1c76d0e04655,Brenda,Gamble,Male,1957-01-09,339-623-8165,crystallewis@example.net,92840 Carter Ford Apt. 845,21753,2023-01-15T14:48:25
418860b9-2d3e-454b-8799-c04bf71925ae,Shannon,Rivers,Other,2018-12-31,+1-741-597-3571x8828,loriharris@example.org,21548 Weaver Rest Suite 087,41329,2025-01-29T19:07:30
de34106a-fa90-4bfb-a845-f72389924e2d,Marissa,Freeman,Female,1971-08-07,5903614356,medinajoe@example.net,15082 Becker Ways,67423,2023-07-22T05:30:11
b8fc7513-1b3f-44b0-9550-9b75c7cfb659,Debbie,Reid,Female,1976-03-08,663-355-5788,michael74@example.com,5878 Jimenez Neck,10726,2023-05-31T15:06:46
41e15f65-a761-4e80-b216-880d61c9815e,Lisa,Morton,Female,1966-06-13,747-979-8733x1197,john45@example.org,74713 Jon Village Apt. 969,20277,2025-05-10T01:57:29
34c6d620-8d06-43e2-9ab6-2311a261d918,Robert,Bradley,Female,1953-02-25,927.693.0750x47570,bakerdavid@example.com,11595 Charles Plaza Suite 719,95589,2023-08-28T14:44:51
343402ef-44cf-46ba-9302-e6e2387bccda,Luis,Miller,Female,1972-01-26,478-358-9443x976,robertsonmegan@example.net,8542 Vincent Ville Suite 813,75515,2024-09-30T19:01:56
653d171f-c0bd-4748-9bb4-64a3cec79642,Sandra,Webster,Male,1981-03-17,990-547-7186,boydjulie@example.net,62392 Miller Knolls Apt. 340,11420,2023-09-27T08:46:26
6f144dc6-b9ed-433f-bad4-f3e03b523525,Joshua,Estrada,Male,1998-08-31,736-241-2541,frazierraymond@example.net,739 Walsh Tunnel Suite 517,75886,2022-08-27T20:13:34
7ef74fdb-17fc-4335-baa0-3208e6f47dcf,Sheila,Newman,Male,1954-09-05,(527)947-0465x717,rwalters@example.org,8729 Aaron Avenue Apt. 920,78788,2025-07-01T11:39:10
2d1594cb-dcc3-4cb2-90cb-079f2f5dff13,Jake,Jackson,Male,1993-03-16,955.232.5878,dennistaylor@example.net,6416 Diane Light Suite 594,66841,2022-08-27T13:03:00
2e2f2127-babf-4375-b17f-b7867d929cc0,Katherine,Johnson,Female,1973-02-21,439-991-4542,jason47@example.com,611 Wilson Street,31617,2024-05-18T14:38:49
e29ff19c-29b5-4942-8f66-a91405635b30,Peter,Gaines,Male,1962-03-12,592.816.6224x16567,nguyencarl@example.com,75626 Jamie Trail,73726,2022-09-13T21:47:48
3016cecc-9b9a-4a55-aff7-45a064ea1dd3,Jessica,Sanchez,Male,1955-12-01,267-667-7379x8890,williamramirez@example.com,9698 Jason Curve,22362,2024-08-11T03:28:14
747c7690-3ec8-448e-ad28-39891271c873,Caleb,Mitchell,Female,1984-12-03,632-699-0325x361,mckenziecaldwell@example.com,8952 Olson Tunnel,29393,2025-01-01T13:43:59
b96c2da0-19a8-4c19-a70a-858cf86b2e95,Kelly,Kirby,Female,1991-06-17,(250)846-3828x23266,fharris@example.com,717 Gutierrez Heights,57207,2023-06-06T04:05:48
030492b3-ced8-4c97-801d-1c62ba0d3f1f,Gary,Steele,Female,1940-12-30,956.760.9446,brandon47@example.net,62578 Russell Route Suite 829,53684,2024-02-26T14:07:59
1c2b498f-054d-4360-a24d-347360bc6cbc,Cheyenne,Barron,Female,2011-08-23,992-881-0871,ninarivers@example.com,868 Eric Manors Apt. 471,36426,2024-07-27T02:53:47
ef470a44-a4fc-479c-949c-c547c3712e42,Danny,Miller,Male,1967-08-03,(931)677-6260x1835,bartonstephen@example.net,14506 Grant Avenue Suite 695,62526,2023-03-03T05:07:18
44852295-1566-4483-8526-6dc83f936724,Vanessa,Stewart,Male,1960-02-21,(266)964-1557x0991,michael17@example.com,818 Johnny Cape,02139,2024-04-15T21:51:59
cadac122-0374-4864-9981-d28fa09c4325,Mark,Norman,Other,2021-02-04,001-644-353-2217,christopher66@example.org,9631 Robert Harbor Apt. 962,14444,2024-06-26T05:13:54
8ad8c568-1b39-4777-8aaa-4685f5266edf,Catherine,Vasquez,Female,1971-07-13,3396327275,codyking@example.com,168 Maldonado Keys Apt. 086,23883,2021-12-04T19:52:35
15c04765-b51b-420f-9a4b-df2d56a0b8b4,Shane,Hamilton,Male,1972-06-06,(617)900-0188,shannon86@example.org,081 Allen Lock,05409,2022-07-01T08:09:59
e473b0b0-9017-44a8-8279-d9137afd2923,Adam,Ball,Male,1952-10-20,+1-968-760-4409,dhobbs@example.com,516 Thompson Inlet,28352,2024-06-26T14:52:52
7a99bd76-54ed-4b70-8eb0-c86629c3d598,Shaun,Robertson,Male,1948-01-12,+1-958-714-1088x26525,ccarlson@example.net,94480 Schmidt Forest,36235,2021-10-26T12:52:57
447809c0-b129-4cb7-8b24-8c7e0e4ddb72,Leslie,Wiggins,Female,1997-10-12,679-885-7539,justinbrown@example.org,258 Dawn Curve,77859,2024-02-16T12:09:49
0b660bcd-d32e-4757-856d-e1951f81e097,Donald,Miller,Male,1992-10-26,001-228-216-7279x6641,andersonjesus@example.com,207 Melissa Brooks Apt. 708,80862,2025-06-10T04:25:49
e2eed64b-82f4-4196-9a41-c57f4bf70dc6,Adam,Winters,Female,2003-03-20,799.685.1965x2844,reyeshelen@example.net,6897 Jason Stream Apt. 848,15573,2024-03-24T16:29:27
396c8f79-e983-462e-804f-5362244f4ce3,Mark,Smith,Male,1937-01-24,559-469-3541,eatonangela@example.net,5955 Jim Manor,23042,2023-07-02T12:43:46
5a7284a2-25ba-4795-a2a8-76d76d58bf63,Jennifer,Meza,Female,1996-10-20,001-971-457-8993x703,handerson@example.com,314 Hansen Mission,94763,2024-09-22T03:07:25
af35fbc0-e105-4ec8-abf3-ef9939d38f2b,Tara,Downs,Male,1978-03-11,269.432.5726x044,emily28@example.org,098 Eric Rue,31328,2025-08-31T22:07:50
e6d037c6-d2a2-4765-b700-7ce3e25c7f9c,Michael,Wright,Male,1977-09-15,+1-947-912-4497,ryanhoward@example.com,052 Young Branch Suite 434,20171,2022-12-10T01:11:32
397a4dc8-1c31-49b9-bda2-f9a02b6838e3,Robert,Goodwin,Male,1957-05-25,(503)394-8053,kelly37@example.net,625 Glover Place,87991,2022-07-29T17:01:02
1387bcda-5b78-47ed-8824-faf3f4b28643,Amanda,Houston,Female,2023-08-20,421-649-5795x76760,brent11@example.com,05488 Sheryl Neck,22014,2022-03-20T17:42:17
ecb948f7-ec5e-4c70-9c49-4d631e4c3fdf,Travis,Peters,Female,1995-06-05,+1-444-815-0568,esparzathomas@example.net,98675 Mitchell Estate Apt. 924,64470,2024-12-14T15:45:03
26aeaf29-9ac0-4e26-8b18-c73ce545281b,Jack,Guerra,Male,2021-10-12,+1-608-417-2755x25893,ashley23@example.com,11213 Bond Crescent Apt. 673,58436,2022-11-18T14:35:58
2e6df7e8-9980-4368-95b8-572087cd9444,Rhonda,Hoover,Female,2003-04-07,(522)602-1544x23899,rrivera@example.org,0278 Noah Crossroad Apt. 922,58252,2023-03-15T11:50:29
afe9c3dc-aad2-4db6-a4a3-5a102674d1ff,Craig,Hawkins,Male,1981-09-27,001-852-530-4514x2469,ldavis@example.net,1249 Price Plain Apt. 911,14487,2025-01-31T06:07:07
e01a5b5e-592f-4dc6-8979-3220d14bc771,Donald,Jones,Male,1996-12-22,826-894-1117x234,halladam@example.org,17187 Alyssa Fort,55024,2025-03-18T10:35:31
5e7e2813-a967-4fe1-bfce-e629ea8e55a5,Jason,Jones,Female,1971-10-18,392.719.0328x717,tjohnson@example.com,8981 Meadows Squares,31007,2022-07-20T17:05:36
cc76864a-b618-41c5-a830-257dcf8b4eb2,Anthony,Garcia,Male,1999-07-26,+1-335-858-3106x21288,barry96@example.org,0882 Jamie Crescent Suite 090,76631,2024-07-16T11:26:33
fa61726a-eedf-4f78-9c99-4976008ec990,Daniel,Price,Male,1988-04-20,(250)285-6245x55381,eric85@example.com,513 Davila Wall Suite 275,33671,2025-03-08T03:31:01
25d4ec19-51fc-4c23-a586-dcd1a7e60e4e,Michael,Decker,Male,1974-03-19,402.934.5999,kayla66@example.org,7855 Chang Ville,55238,2021-10-17T08:35:56
f9f15e65-c919-4c69-8bfe-68f0b8a9f704,Mark,Kennedy,Male,2019-06-09,676-239-0296,codyramirez@example.net,806 Larsen Unions Suite 996,30879,2022-03-01T17:15:08
6d6d91e1-93ed-42c5-9cf8-5164113b776e,Stephanie,Compton,Female,2002-05-12,+1-218-779-8823x5196,vbullock@example.net,5814 Lane Springs,14134,2022-06-06T23:10:51
52b3a0d1-1727-4924-a508-f357474a3674,Ivan,Wilson,Unknown,2000-09-14,338-209-1588x49028,cory10@example.net,293 Michael Island Suite 040,98777,2025-01-20T01:55:03
5a449143-6290-4017-847d-336f2e8f2f7f,Betty,Guerra,Male,1995-08-17,926.408.0828,amandawood@example.net,6548 Brady Circle Apt. 636,99137,2024-05-07T04:20:39
f90c9f84-b184-471c-bb35-b9f96c80423a,Matthew,Williams,Male,1937-05-26,+1-348-391-6858x4165,qreilly@example.org,97330 Hicks Garden,82232,2023-10-28T11:49:35
23627835-555d-48c6-a2f8-7deacb22eb8d,Trevor,Schwartz,Female,1976-08-01,(551)299-5290,xcallahan@example.com,597 Fuentes Crescent Suite 518,64917,2022-09-12T14:51:07
62186d10-3ef3-45be-abee-4c80a7698b2d,Randall,Rodriguez,Male,1986-08-05,454.234.5920x21348,juanrobinson@example.net,80287 Marcus Shoal,79258,2022-11-10T01:34:17
7e1b2034-88a5-416f-89eb-56c17f421889,David,Ramos,Female,1995-09-10,878-445-8758,thomas43@example.org,64789 Tapia Centers,44326,2022-07-27T04:13:53
1567f88e-6276-4e87-bae8-c8f8d2478bb2,Jennifer,Kane,Female,2002-04-23,233-698-9980x9075,jessicadavis@example.net,46281 Morrison Forest Suite 883,06466,2022-04-04T08:20:09
c6cec51b-93ef-45c4-86e5-edf46bfdc189,Ellen,Rodriguez,Female,1991-08-13,001-506-341-6681x3576,bradleyscott@example.net,183 Heather Camp,67084,2024-01-20T03:30:38
165607c0-b3fd-4c76-b826-45adbf8f81ea,Steven,Ward,Male,1968-08-15,(918)478-6385x847,wchavez@example.org,5889 Dawn Forge,26062,2022-06-17T17:55:16
d9c099f6-fe70-4416-b40a-22d700bbd543,Luis,Simpson,Male,2018-09-04,448.687.6970x4220,kristen89@example.org,370 Stephanie Grove,04475,2022-05-21T16:26:04
2233212a-f526-4ea2-b953-3cb78ef1a114,Susan,Spence,Female,1951-01-25,379.687.8592x86867,hensonbrenda@example.net,59885 Aaron Cliffs,83758,2022-03-15T21:42:26
5c613985-596e-471c-a94f-03ec0f4076a2,Amanda,Christensen,Female,1956-01-18,(426)340-5179x589,welchmichael@example.com,46209 Hood Roads,79698,2022-03-16T00:09:34
23ac64e5-d1aa-4b53-8755-66c2dde4cd87,Paula,Clements,Male,2000-08-14,(964)400-7203x22585,willievaldez@example.com,15785 Williams Inlet,69661,2023-06-12T16:25:53
8d2f2114-da72-4b37-95d3-18cf24e65ffd,Ana,Roberts,Other,2019-08-26,+1-475-309-4216,ykennedy@example.com,1759 Antonio Springs Apt. 617,65718,2024-01-19T17:44:22
35f2e254-3e14-4f6a-abcb-b347e9b758ee,Debbie,Hood,Female,1977-05-18,551-370-3036x873,cookkimberly@example.org,31348 Hobbs Falls,17621,2023-11-13T07:50:10
1e032a65-2346-426d-bf3b-16810e4d364e,Joseph,Silva,Other,2018-07-11,652.241.4398,johnsonsara@example.net,4488 Daniel Fall,60823,2023-07-27T01:56:32
bbab3b0e-60a1-451d-a4a0-aaadb436e8fb,Jesse,Waller,Male,2021-06-27,762.482.5099x42414,scotttammy@example.org,0638 Rangel Shoal,77940,2024-09-11T05:23:46
0dd867e5-5f26-42a6-acb9-b655f7048d14,Jennifer,Mckay,Female,1977-09-20,559.751.8656x140,debra06@example.org,3258 Massey Plain,52891,2024-06-03T01:44:16
7a114e56-12e2-4c2a-94e4-339da9a9cef7,Troy,Martin,Female,1936-10-06,(498)935-7739x78341,meyerjohn@example.com,07110 Mark Squares Apt. 965,59452,2024-08-15T08:36:52
259a5d6c-07ba-408b-a87e-09f1ded7945e,Jeffery,West,Male,1962-05-08,817-820-5046x5784,cthomas@example.org,24013 Randy Gardens,58902,2022-10-09T09:42:36
0331bd0d-13ba-4d24-bebb-527c1438e799,Vicki,Perez,Female,2012-09-09,685.403.7523x355,palmersteven@example.com,93344 Emily Land,90974,2024-02-29T06:17:16
c3f26a39-2653-4e2b-aa9f-687ad04f6197,Tanya,Fischer,Male,1965-10-06,(376)639-5685,sarawebb@example.org,855 James Village Apt. 843,93421,2025-09-10T21:53:29
8706f724-bf83-42d4-a3de-67fcbe59d035,Riley,Jones,Female,1946-01-20,758.288.4577,crystalchavez@example.com,11181 Bruce Lake,22924,2024-01-27T06:29:54
b8f985fc-6959-4983-b85e-02ee4cac895c,Matthew,Hansen,Male,2015-09-02,208.921.0791,jmatthews@example.org,5634 Welch Vista Apt. 728,31901,2022-01-10T20:18:37
0361b157-b1fb-4587-a514-b3fcc809a0b4,Benjamin,Clark,Male,1940-11-21,(333)986-1602x22742,heatheralexander@example.org,0183 Michael Island,12376,2022-06-01T23:21:41
a477e25a-e193-43a9-8f5c-365a27e83b87,Christopher,Higgins,Male,2010-01-19,808.433.9334,robertking@example.com,17425 Juan Greens,63446,2022-10-14T09:30:44
290c9e51-80d7-4805-ac6f-c084c04a3f68,Andrea,Miranda,Male,1964-09-06,(770)476-2809x9560,tami40@example.net,7100 Sean Street Suite 898,54718,2025-09-10T04:36:43
f2bffc3f-ae0e-489b-ac72-6915d52a85c8,Amber,Lowe,Female,2009-12-16,516-849-0248,pcook@example.com,3072 Anderson Throughway Suite 731,73479,2025-06-14T03:07:15
420fd9a8-d45b-4e9b-b61e-c0ed8ddd2994,Gregory,Figueroa,Female,1950-05-07,001-431-433-8607x92746,dereknelson@example.com,639 Nicholas Port,13953,2024-04-28T19:04:46
3a314e67-b598-4577-8e58-3dde807ab658,Timothy,Kane,Male,1989-04-09,630.624.1598,lellis@example.com,1675 Armstrong Heights Suite 648,33264,2025-02-18T06:46:53
178926f3-f91e-4b9b-8596-7e762824162d,Tiffany,Smith,Female,2004-09-29,890.481.5506x40335,xhuber@example.com,595 Davis Terrace,99378,2024-04-28T07:21:54
be3e1402-2008-4d4c-b379-85dffa59607b,Michael,Taylor,Male,2022-10-22,+1-328-816-0596x05267,vellis@example.org,7314 Eric Turnpike Suite 956,05793,2023-02-24T04:22:13
646d2e33-380a-402d-8e55-ced39e79a6fe,Emily,Smith,Male,1956-10-21,6653157202,bellnicholas@example.com,638 Simon Rapid,06204,2023-04-24T11:09:26
9ae6befe-8f2d-4908-b9da-4f55bef99394,Deanna,Gray,Female,1982-10-22,(465)348-1901x17078,cordovarobert@example.org,67524 Holt Lake Apt. 712,81366,2023-09-01T03:16:06
7a37f3d6-77eb-4d89-b142-de87d109ffe5,Diane,Jackson,Male,2009-10-13,001-287-213-2287x5428,randall41@example.net,943 Mark Harbors,36069,2024-01-25T09:08:03
61667c7c-d3c6-45a0-a7b4-a019a452f530,James,Jones,Male,1961-08-19,001-300-786-5787x9704,iking@example.net,21596 Berger Plain Apt. 927,28267,2021-12-26T21:45:22
6c99ce56-a58a-4bb5-9f19-30e0cda7a451,Crystal,Booker,Male,1969-09-05,001-693-270-7348x5675,mckinneybrittany@example.com,5792 Andrade Station,66793,2023-05-12T05:23:23
5cda0385-13eb-4358-9ab9-f6621bc02912,Micheal,Mclaughlin,Female,1987-07-22,(950)943-4484x6611,russelljoel@example.org,298 Jason Ways Apt. 027,19754,2025-08-08T06:23:13
3d51d528-072e-45dd-95e1-7880d8bb62b7,Jessica,Le,Male,2001-02-09,522-262-5548x31522,daviscarol@example.net,45085 Hanson Club Apt. 486,57255,2024-02-25T19:22:09
363fbae9-10b8-41c5-9b41-42aa8aa431e9,Patricia,Watts,Female,1950-08-18,463-214-3770x14389,lisa63@example.com,11017 Brian Neck Apt. 577,95780,2022-05-25T19:14:03
300ffa68-4f22-4efa-a8e1-3f98c1ab6398,Whitney,Harrison,Female,1961-10-28,635.865.7329,martinezedward@example.net,2969 Jeremy Ridges Suite 726,77315,2025-05-19T13:57:43
3d869ad2-0849-40a1-ade0-2d33a36d7567,Julie,Williams,Male,1960-06-29,001-779-208-7333x81697,shoffman@example.net,558 Cristina Ville Suite 466,84908,2023-03-26T11:53:42
0b7ce5c6-9096-4629-91f3-90f4fa069889,Rita,Taylor,Female,2013-01-02,453.739.6886x010,lcraig@example.net,976 Schroeder Haven,57363,2023-12-20T03:42:23
0c4ceedf-0bb1-4984-bbda-c670ca4c3b4d,Pamela,Nichols,Male,1989-06-27,+1-532-677-5405x5508,aaron62@example.net,4447 Amanda Rapid Suite 092,97617,2023-06-27T09:53:20
fb04c6b1-022b-4960-8f00-ba6af189d0b1,Alexa,Hebert,Male,1952-09-28,(511)485-8853,samuel86@example.net,95256 Brian Pines Apt. 000,31709,2024-09-15T03:19:24
800e2952-65ec-4424-b56f-ebb1484b824b,Amy,Rodriguez,Male,1997-05-08,212-960-0910x312,brookepham@example.net,474 Clements Estates Apt. 696,37792,2021-12-02T02:07:30
5b182716-b9c6-426b-a401-118dc078bc3e,Tyrone,Sanchez,Other,2009-12-09,(831)286-3455x5470,xporter@example.com,1298 Knight Coves,11075,2023-11-09T17:57:15
54d144d5-18ed-4297-acb8-3fceb3e1511b,Jennifer,Thomas,Male,1981-06-05,787.431.4503x31523,james22@example.org,74993 Laura Center,01408,2024-11-27T09:17:51
808eadf2-19db-433e-80ea-83afbdcfc159,Sarah,Nicholson,Female,1948-05-30,(684)801-7234,stucker@example.net,68908 Victoria Lodge Apt. 542,31617,2024-01-29T11:25:43
cbcb3293-9651-4240-8610-3d842672a20c,Hector,Miller,Male,1992-06-17,+1-288-304-9198x170,cassie97@example.com,4434 Burton Parkways,19159,2022-02-19T17:20:45
099396ff-da1e-42b2-9e6a-7c6e961b9221,Lori,Reilly,Male,1965-03-11,+1-691-445-5056,andersonjoseph@example.com,595 Janet Expressway,89407,2024-03-22T17:41:56
142925a0-768e-412d-aeb0-0fb926cb2e99,Jacob,Mack,Female,1954-05-13,001-309-504-2584x329,clin@example.com,24414 Barry Field Apt. 788,92821,2024-11-28T17:25:02
3b482d28-b7ed-4c13-b3eb-e65817e1e8f6,Kristina,Flores,Female,2020-10-03,705.706.9987,staceyfreeman@example.org,259 Butler Brooks Apt. 696,34090,2023-08-17T04:23:17
240f92a4-a77a-48cb-ae74-2530ceb6bfdc,Christina,Wilson,Female,1991-06-01,742-337-0141x5510,vfreeman@example.com,23587 Reyes Lock Apt. 911,80897,2025-08-05T10:41:26
806a29ad-f6b2-4778-be50-8d4d293a60be,Ryan,Miranda,Female,1967-07-12,(325)837-8630x7013,prose@example.org,16495 Scott Tunnel,75754,2022-02-06T06:27:31
85f62467-a6c1-4136-9bd6-5068ba8d6f8c,Lori,Massey,Female,1940-10-03,780-930-7146x01099,josephbrown@example.org,97303 Lindsey Land,13226,2025-02-10T04:32:33
21962a11-c90c-41d3-b28e-10025766fe0c,Barbara,Chang,Male,1947-03-03,001-646-491-0764x32631,jeffrey82@example.net,4295 Tara Landing,32001,2024-02-04T03:23:04
f0ad16f7-db1f-44d4-9f9b-c7bd5c3db15c,Kenneth,Williams,Male,1959-10-17,309-375-2606x6543,daniellewise@example.net,77401 Thompson Estates Suite 220,41313,2025-02-09T03:54:54
aed0cbcf-c630-4536-b677-9a11e403999b,James,Zimmerman,Male,2022-06-16,4629305047,vgonzalez@example.com,346 Thomas Meadows Suite 499,72901,2023-12-19T22:24:52
9b5c4b58-9c42-4665-bf3c-03a6357544ee,John,Franco,Male,1948-01-20,+1-791-577-3766x062,shenry@example.com,4153 Mcintyre Bypass Suite 048,78799,2024-03-20T08:14:45
fe914b95-a0b6-4265-9120-6a372703c75d,Jonathan,Walsh,Female,2011-11-25,(714)896-8736x894,blackelizabeth@example.org,9316 Wood Square,04475,2024-06-30T17:14:47
c42d5f03-2482-48d1-83d3-3907ce028d60,Jared,Tate,Female,1950-04-30,8935888295,ewilliamson@example.org,8988 Sarah Prairie Suite 223,12967,2022-11-21T16:22:05
cc214b4e-f80c-4b1a-9e16-afca8c111ba4,David,Nixon,Female,1949-04-18,+1-325-334-0444x40721,luisgray@example.com,561 Jason Field Suite 301,76799,2022-09-09T23:48:04
746e49a8-1817-4ac5-bfb8-b6c616509f14,Kristin,Rangel,Male,1965-04-09,995.997.5778,cgarcia@example.com,49241 Bruce Ports Suite 900,36162,2022-02-17T05:44:26
11730df2-2956-42c6-8bac-fa4aef1e4acf,William,Jones,Male,2021-10-06,266.420.6661,millerjacqueline@example.com,88934 Ellis Cliffs Apt. 110,53714,2021-12-26T22:43:54
1235d52e-16d7-4a54-9a76-5b485d0314d8,Aaron,Smith,Male,2008-01-21,797-337-0612x45551,tinaknapp@example.org,266 Williams Plains,03898,2022-04-14T15:15:16
fc73e358-4208-4fc8-b5f3-21cbc59de4aa,Timothy,Decker,Male,1943-01-18,+1-956-394-9045x7884,crystal51@example.org,45158 Julia Inlet,29523,2025-03-26T10:17:35
7129e2f6-e06c-4678-835d-8f64418af089,Philip,Hamilton,Female,2004-09-25,001-358-369-7443x0278,tbarber@example.com,85120 Green Grove Apt. 457,56218,2025-09-24T19:36:40
f8c01007-1fbc-4004-b098-aa1f23f459be,Sharon,Medina,Female,1982-07-16,613-521-4607x7818,christinarichardson@example.net,847 Camacho Alley Suite 476,65480,2022-11-22T19:54:07
496042b0-dbe7-4333-9d0c-82050a22be56,Laurie,Pearson,Male,1964-11-11,438-967-8236,jessica23@example.com,51717 Olson Shoal Apt. 228,25797,2023-08-12T06:29:12
ae3acdf2-eac9-41cc-9ea3-93eadb646a33,Daniel,Meyer,Male,1977-10-03,(500)828-7340,timothyrogers@example.org,24293 Ruben Green Suite 208,17958,2023-07-27T12:20:17
9fe7e068-d847-460b-8331-d7115de22a7d,Erica,Johnson,Female,1983-02-16,+1-281-573-1160x124,abrown@example.org,8157 Wolfe Harbor,77024,2024-02-27T18:29:34
69c718ee-aea4-47d6-955f-a2f45fa9b21a,Thomas,Robbins,Female,2021-11-10,(581)809-3199,michaellopez@example.org,58626 Smith Villages,71018,2023-03-01T13:45:38
fdc2705c-e023-482a-a09d-d9e84348a887,Crystal,Smith,Female,1974-01-05,286-201-0163x290,erin21@example.net,607 James Falls,48717,2023-07-21T14:04:47
0e9b65bb-a4d4-4431-ba38-f5a09ee08a70,Heather,Myers,Female,1971-10-06,(506)621-4024,danielsimpson@example.org,2231 Amanda Views,38966,2022-02-25T10:44:57
8f909d9d-d23c-4585-b322-81f33eac5015,Lauren,Diaz,Male,1960-09-23,776.655.9253x242,uhoward@example.com,49298 Barrett Pike Suite 528,74061,2024-08-18T10:05:11
6035d9af-4a68-4bad-9af4-cf72da622059,Nicole,White,Male,1952-07-21,502.362.4585x224,irusso@example.org,888 Norris Meadow,12031,2024-08-07T03:10:21
3919e3be-12ae-4b0e-9a94-8cdf66373dc7,Andrew,Russell,Male,1960-09-24,(759)719-4066x94250,lbarrett@example.com,9338 Wilson Square Suite 219,67460,2023-03-29T17:32:52
5953ff90-17ef-4203-ab4d-738c7657e37c,Jillian,Rodgers,Male,2021-01-03,955-738-8469,alexamarshall@example.org,9276 Bender Crossing Apt. 176,16402,2025-05-01T22:49:14
d17b6fc6-e66e-40e2-88fd-5890a479dce2,Mark,Prince,Male,2003-12-17,001-265-304-8708x7284,vangtaylor@example.net,5405 Williams Expressway Apt. 187,27547,2022-06-02T23:40:57
1bbcb748-bb55-4fa3-ae26-651915f87768,Patricia,Wilkins,Female,1989-11-19,280-590-5380x53465,kellyjohnson@example.org,0308 Day Summit,84445,2022-07-23T06:28:24
6ee095d5-c4a9-48ac-a59e-2debec285a93,Jesse,Booth,Male,2022-04-14,989-583-7638x9560,fpeterson@example.com,0110 Liu Road Apt. 163,47012,2023-12-22T08:47:16
57a911b3-5139-44a1-9081-34dc54270925,Tyler,Garcia,Unknown,1989-06-25,6022530095,deborahadams@example.net,954 Darrell Mission,60918,2023-01-06T15:42:56
bdc4d680-b3c9-4502-b66f-42687c7dd490,Stephanie,Howard,Male,1961-10-30,344-492-5305x81355,rbuchanan@example.org,938 Bell Road,72259,2024-06-10T07:58:56
8b8a7166-09cc-4f05-b45f-44334743968f,Kimberly,Zuniga,Male,1944-01-16,(466)943-0673x8750,mdavidson@example.com,84817 Barrera Glens,44124,2023-02-13T22:07:10
36a5faba-a3e5-4892-a540-647b784fcb14,Marie,Carter,Male,2011-12-04,001-491-316-6173x4742,robertscorey@example.org,71020 Dawn Forge Suite 925,05827,2024-05-15T17:19:48
c632554b-99e0-4598-bce1-2a250804ccea,Tammy,Powell,Male,2010-06-18,303.586.2898,amyscott@example.org,8269 Tammy Springs,28906,2022-06-30T02:54:47
ca208c07-5c8a-4a1b-8efc-0e85efbbd216,Laura,Beltran,Male,1950-01-02,001-810-502-2591,melindacrane@example.com,421 Nathaniel Plains,91836,2025-07-13T11:42:07
362465c1-0dd8-463b-b6a2-bf6979315fc6,Teresa,Dillon,Female,1945-05-28,+1-683-610-3052x703,nicholsjoshua@example.org,80755 Choi Tunnel Apt. 555,73473,2023-05-14T10:52:25
6c44821e-af05-4764-8234-af07f3e08b1f,Martha,Baker,Male,1955-05-04,(346)850-7231x3419,tinarobertson@example.com,7531 Tran Village,01088,2024-01-02T14:00:51
2448ef43-1566-4d1a-ad15-420ba2bc6715,Corey,Hanna,Male,1990-05-20,(533)232-9619,andersonsean@example.org,7395 Andrew Plains Apt. 744,09773,2024-11-19T09:51:59
dfafc6cf-4c5f-4cfb-94ea-e37c67b2916c,Christopher,Williams,Female,1999-04-13,(430)389-4666,mdixon@example.com,41765 John Brook Apt. 919,28739,2021-11-10T11:46:53
36cf9429-8657-48ff-ab72-e451df0ccde7,Michael,Martinez,Female,1999-02-20,898-710-9844,kevinclayton@example.net,5234 Brian Canyon,50962,2025-06-28T11:13:14
0dc20df3-d49e-4d91-af1f-c132426b2236,Jeffrey,Bailey,Male,1955-06-23,001-656-391-0352,justin79@example.net,185 Danny Brooks Apt. 892,13341,2022-01-22T11:32:07
f69f239b-578e-411f-adb4-6c7fe6d1fe21,Robert,Lee,Female,2003-02-03,6164541838,courtneyroman@example.org,619 Robinson Creek Suite 111,06442,2025-03-28T06:17:27
f123167e-596a-4b36-b2d7-cc222a1eda7b,Christine,Phillips,Male,2016-09-16,299.905.6798x58649,twilson@example.net,2116 Jeff Shore,08203,2022-04-16T18:54:59
c8aae0c8-b057-41fd-8916-f0b779ba547e,Ryan,Wright,Male,1948-11-11,693.637.3617,nathanconway@example.com,531 Joseph Circles Suite 591,89875,2023-07-19T13:48:17
e9a002a4-5acd-4e90-afd1-134eb25a4809,Kelly,Gill,Female,2012-02-23,+1-597-504-6400x1491,owilliams@example.com,62163 Matthew Mountain Suite 157,38280,2025-06-14T19:53:35
8f97b21d-028a-4f1c-92b1-2838639e8bbc,Laurie,Bell,Female,2023-02-20,636-749-3016,ashleenash@example.com,243 Rios Way Apt. 149,22980,2023-09-07T06:38:29
b9046b52-13eb-4599-b2d4-d3a598dd6c3c,Ashley,Krueger,Female,1957-12-03,001-669-874-2890x6690,marilynhamilton@example.org,4979 Cantu Road,65803,2025-09-20T04:33:13
aa000756-52e0-434e-a505-a2b69dd3c15a,Rebecca,Lucas,Unknown,1948-07-23,676-506-7001x28002,burchangela@example.org,98253 Larry Locks,44915,2025-08-30T06:48:09
d34298be-be2a-45c6-bbfe-cb11f06046a1,Molly,Salazar,Female,1974-09-26,802.981.6236x595,tbrown@example.net,574 Rogers Path Apt. 508,29439,2025-06-09T20:37:32
e58118d1-2687-4443-83a1-beac5107256e,James,Ashley,Male,1989-11-01,980.992.2735x587,sharonrobertson@example.net,56937 Gutierrez Shore Suite 398,36849,2024-06-18T02:42:07
51001ab9-dd42-4a67-bfdb-abc125c1ae41,Barry,Stewart,Male,2001-12-16,(685)283-9313,heidigalvan@example.org,377 Matthew Causeway Suite 138,07061,2025-01-28T04:33:29
43470982-6808-4471-ac87-ae14f8505ae9,Patrick,Ritter,Female,2016-12-22,5022880733,brandon79@example.com,1236 Martin Road,26453,2025-01-02T17:47:39
f17daa26-7357-4500-bcfd-348c00f0f7fe,Chloe,Perez,Female,2026-08-26,975-974-4582x57423,anthonyconrad@example.net,5303 Garcia Harbors,51697,2025-09-14T17:45:13
a3900655-7307-43d5-a261-078d202f00a8,Amanda,Mills,Other,1998-10-15,001-813-895-0385x433,sandra81@example.net,09667 Sonya Manors,22805,2023-02-05T21:53:40
bee6b06e-37f7-496a-8957-251718f23999,Erin,Benton,Other,1982-01-28,288.843.4758x508,johnsonemily@example.org,528 Foster Common Suite 965,39909,2022-09-27T04:17:36
c63e0e47-8bcc-4e8d-b24a-4a6d6b90a95b,Autumn,Stevenson,Male,1983-10-27,506-456-8867,paulkelly@example.net,12993 Pamela Street,47112,2022-07-12T09:15:54
35b30874-591c-428f-b754-c5ec60a78c20,John,Fischer,Female,1936-12-24,+1-805-716-6523x43194,ncarter@example.net,4846 Joseph Forges,92535,2025-03-09T19:37:38
f481b9cb-93ab-4d5e-adfc-1dc4f8c43f7a,David,Beard,Male,1980-11-23,(403)241-1462x59541,laura30@example.com,40094 Gibson Pine Apt. 411,40209,2023-02-15T02:40:39
4d4c3b80-0425-4c71-9d21-a235d053d7f4,Stephen,Richardson,Female,1964-09-08,895.915.7460,yorkjames@example.org,5307 Joyce Extensions Suite 521,41689,2023-09-01T05:42:51
1fef4fb0-de25-45fe-91ad-5c228088a7de,Stephanie,Hendricks,Female,1967-06-29,848-689-7555,lopezashley@example.org,6999 Rebecca Street Suite 692,07138,2022-06-04T01:48:48
69ff6cc0-74bc-405c-bfc1-9ef6a61f135f,Amanda,Little,Male,1962-03-18,628-376-7566x73158,rgarcia@example.com,519 Steven Station Suite 152,03856,2025-05-31T07:55:09
6d0473e7-8adf-4e46-9403-fd025a2a83bd,Kimberly,Murphy,Female,2004-11-10,668.860.6784,christopher35@example.net,700 Carlson Tunnel,20198,2022-02-19T19:15:42
ed2532e5-1d06-48b7-95f8-bbb8c3dc5b92,Carol,Lawson,Male,1956-06-15,350-776-2486x4499,corey77@example.com,0219 Lara Extension,02843,2023-07-14T21:54:06
8d814215-2d49-4058-9f84-e3c56daa8c7e,Samantha,Jacobson,Female,2006-02-18,723.448.6341,clarkjill@example.com,71448 Mcgee Branch Suite 138,33278,2023-03-10T09:37:01
48f79726-61ae-4255-af95-94898af2820e,Lauren,Boyd,Female,1984-11-25,+1-561-562-4843,pearsonmelissa@example.com,818 Houston Creek Apt. 386,60125,2022-09-14T07:34:17
a254da12-6fff-45cc-ae26-f348b044db1b,Sherri,Murray,Male,1988-03-27,2085607804,franciscoquinn@example.com,25177 Harper Fords,88343,2023-07-02T05:32:38
e7e7eec3-ecd5-4fa3-b01a-50979ed0fe5f,Michelle,Beck,Female,1968-05-04,001-408-685-0854,wilsondylan@example.net,3154 Christopher Curve,47346,2023-12-17T22:08:25
d655005d-ce52-4176-966e-46aefed01fca,Amanda,Williams,Male,1979-10-16,302.744.5209x814,amanda50@example.org,68505 Kayla Ports Apt. 541,03429,2023-09-12T09:01:53
eeb81b7d-9dc3-4d41-8434-86c3a64dcc1d,Patricia,Walker,Male,1956-02-24,7886225746,alicia63@example.net,6802 Kelly Overpass Apt. 267,94998,2022-05-05T20:41:08
9fb30a4d-c071-4a38-bffc-4f097f1464b3,Kathleen,Patterson,Female,1950-07-02,480.638.1459x09707,phillipskelly@example.org,64964 Valdez Prairie,88546,2025-05-28T14:33:41
80dc4cf9-71b0-41fa-a22e-b45b1986133d,Taylor,Lambert,Female,2017-05-15,(549)765-4590x00807,mccluremark@example.org,429 Stephanie Points Suite 839,03865,2024-05-18T20:09:50
da095b0c-4a37-4da3-aaef-0d3e085acd62,Aaron,Johnson,Male,1951-04-22,902.290.2801x332,millerashley@example.org,837 Davenport Ford Suite 671,82390,2025-07-04T19:04:31
8d34dd83-7462-4fb5-86e1-9fd7390e9f57,Kenneth,Lindsey,Male,1981-12-17,968-721-0690x88403,ericapittman@example.com,35467 Pham Trail Apt. 779,17572,2024-11-26T10:23:09
f35757c5-7836-4477-9b39-455032103c49,Ashley,Wells,Male,1940-09-29,001-257-293-7602x88552,pamelaolsen@example.com,1225 Jonathan Shores,67079,2025-07-31T21:04:07
76c53d2b-e9fd-4358-8b33-478af7b5b05b,Jose,Knight,Male,1951-03-21,905-659-6728,connersarah@example.com,8863 Jennifer Loaf Apt. 392,55619,2023-04-10T22:27:04
c8ddd9bb-b42e-4714-a515-81bad206e99a,Dawn,Henry,Female,1960-11-30,001-744-243-8077x44214,emily94@example.net,644 Michael Center Suite 958,42974,2022-08-08T20:55:00
c83e0032-5fe8-47f4-b08a-ba2101f268f5,Drew,Donaldson,Male,1988-05-03,(652)687-1694,debrascott@example.net,635 Holmes Lights Apt. 138,34578,2023-02-06T13:34:07
a89f5f9d-e12d-4f58-8482-0852489a4ca4,Monica,Mckinney,Male,1961-06-26,9294990303,beanmichael@example.org,57521 Carroll Green Apt. 106,87349,2025-03-01T10:00:53
e8ca5b2e-cb8e-4d61-a715-94ffd6a6e618,Ronald,Myers,Male,1994-03-08,676.407.6069,schwartzedwin@example.org,852 Tonya Harbor Apt. 649,59279,2024-03-20T07:36:18
e8b81813-e672-4bf5-8110-783e3dd6831b,Andrea,Parker,Male,2022-02-10,201-580-7681x301,paul14@example.net,923 Wilson Unions Suite 774,59234,2025-09-09T15:24:13
ca5edf38-2743-4b53-86b8-1c8a03f9c74d,Lisa,Clark,Male,1966-01-15,+1-734-911-7027x2935,ericmcdaniel@example.com,77502 Wagner Rapid Apt. 206,88377,2022-02-03T20:39:15
bdc242a8-d1ed-4618-84da-c679d113b5ff,Erica,Morgan,Female,2018-03-11,792.383.7752x23565,sarah19@example.org,541 Robert Knolls Suite 883,36498,2023-05-22T05:35:54
927ae04e-f58b-4c61-aba0-09ec55c87441,Eddie,Murphy,Unknown,2008-03-16,2414911168,thompsonbrenda@example.com,0434 Taylor Skyway,16898,2021-11-12T23:18:32
64305373-f936-4968-8e44-f2f83de8a4cd,Joseph,Davis,Male,1975-01-22,+1-790-580-4947,jimmy30@example.com,6045 Karen Fort Suite 923,70270,2022-06-16T06:53:26
0d346977-d41b-48bf-a4b0-78a7a4f9a67f,Kathy,Johnson,Female,1986-05-08,8255802894,bauermatthew@example.com,98668 Cassandra Loaf Suite 864,87484,2023-08-10T09:36:20
f07bf9bb-20fd-4784-add9-a87993ee36ee,Ryan,Carroll,Female,1962-11-18,(223)385-7121x227,duncandebbie@example.org,3739 Rebecca Land Apt. 192,21166,2023-10-16T12:21:48
6732ceca-2c78-4c22-ba65-983dfa33fa98,Donna,Davis,Female,2013-12-27,(470)231-0537x18098,sonia33@example.com,3128 Rivas Street Suite 331,48356,2024-12-15T03:47:56
3b20d154-6ff9-4cf7-a88f-c36a846c454c,Colleen,Miller,Male,1994-11-06,544-250-7421x787,cooperthomas@example.org,5836 Jacobs Union Apt. 896,53293,2025-07-01T10:40:49
1e4dacd6-8116-4d6c-a057-2e73cd199b5e,Karen,Grant,Female,1936-11-14,(430)307-2182x65353,johnsonstacey@example.net,2943 Christian Greens Suite 493,95624,2023-02-28T17:58:15
c31db215-d7d0-4c99-a45a-e8eec8c6a8b1,Jonathan,Torres,Female,1936-05-08,+1-275-987-7698x796,bishopchristine@example.org,2762 Christopher Roads Suite 077,17545,2025-02-14T06:10:17
28b7b541-8d8b-4728-965b-c676429e70e0,Shelby,Guerrero,Female,2020-05-03,001-366-794-1620x3159,tgonzalez@example.org,9616 Pamela Burg,47865,2024-09-01T16:51:33
06905ba5-17e0-4df5-97df-85b33429c8cf,Anthony,Cook,Male,2006-02-02,486.404.0081,amysanchez@example.net,65564 Joshua Trafficway,69920,2022-01-23T07:35:52
272e31b1-97e1-4c36-8520-d50fa0ff3498,Candice,Moore,Male,1967-11-14,001-361-824-2226,zyoung@example.com,3894 Stewart Hill,80986,2024-07-19T20:52:29
f8ef32ee-ebac-42ef-8b2e-1eb3b523b1f3,Andre,Morris,Male,1975-07-22,001-513-623-7153x5795,denise59@example.org,515 Kennedy Garden,50510,2025-07-25T18:33:07
bbf282a9-be09-4835-8679-65ab61e548ca,Michael,Davis,Male,1968-01-20,866.352.0354,zacharyhoward@example.com,132 Mike Isle,56024,2025-01-02T03:27:10
c7101f3d-a1aa-49f0-a26c-2d5a742617e7,Heidi,Horne,Male,1942-06-05,801-645-4783,stevenromero@example.org,32986 Angela Parkway Apt. 863,46581,2025-01-11T15:08:39
38c4f346-e5dd-414c-a70b-ba9c3d5e69df,Carol,Downs,Male,1955-03-01,270-343-1240x214,laura21@example.com,1019 Kristina Tunnel,42270,2022-12-23T21:45:46
b9ef9fa8-3ec8-4e58-9728-2d3089111a42,Brian,Preston,Female,1972-10-06,+1-806-542-0488,elizabethsmith@example.org,8397 Anthony Field,35735,2024-03-04T19:05:06
42aecc90-c538-4208-a0cb-9e17c93a7471,Marvin,Herrera,Female,1951-04-11,6139611506,omar61@example.org,10764 Perez Bypass Apt. 618,34627,2021-12-02T00:46:10
24ce1460-ef5a-4491-953d-165346641858,Richard,Hill,Female,2008-04-23,+1-254-560-0811x8465,stephaniewiley@example.com,261 Reynolds Plains Suite 933,15036,2024-07-11T10:04:04
ddefb7bb-9450-44c8-bc1b-b61aa36d4d54,Justin,Ramos,Male,2007-02-08,001-346-638-8348x630,marvin02@example.com,431 Kimberly Port,49161,2022-12-05T12:36:17
1f683d6f-988c-49db-ad5c-ea4e758964f5,Jerry,Perez,Male,1940-12-10,252.294.7239,lholder@example.net,2442 John Track,12422,2024-07-14T03:23:32
2e3d9de2-e504-41c6-8312-153d484f7f7c,Christopher,Lopez,Male,2001-07-13,942.217.6979,michael20@example.com,884 Edwards Estates Suite 305,68310,2022-03-28T16:43:15
e9a7f5e0-5c84-48db-9839-40c97e86d7f8,Robert,Hall,Female,2021-06-10,7819832815,ryanmcbride@example.net,876 Matthew Course Apt. 797,18552,2023-11-24T22:03:16
cba20d38-7db4-490d-99c5-9f2d640b7b85,Andrea,King,Male,1994-02-15,758.759.3210,emorris@example.com,78292 Hunter Plains,94415,2025-01-29T11:40:06
a02cbed2-f58f-41b0-bc8c-65ab12d5dfe5,Christina,Richardson,Male,1983-12-23,(419)565-7816x917,wrightanthony@example.org,54813 Williams Meadow Apt. 005,72572,2022-06-24T01:42:34
e3c443f1-6010-4b93-ab7f-0864aff54774,Brent,Allen,Male,1982-09-11,344.618.1469x507,frenchkatelyn@example.org,5721 Andrea Unions Apt. 884,27339,2025-04-10T06:22:08
293e16b3-cefd-4224-b36c-c67ee886818e,Martin,Mcdonald,Male,2026-04-24,8352651169,ppacheco@example.net,31059 Woodard Gardens Apt. 508,88792,2023-04-20T17:33:34
a8dfe59a-2dbd-47cf-a754-d4c302988dd2,Alejandra,Baker,Female,1954-10-28,(672)869-6682x4947,markkim@example.net,6584 Jason Isle,19165,2023-07-05T13:04:25
1e014975-080d-4370-9ad4-c20f9b4dbb90,Donald,Hurst,Other,1943-07-02,707-584-4371x0031,hernandezmary@example.com,806 Kristen Lock,29469,2022-01-26T08:42:18
feb2d172-7be1-4731-98c6-d166fe65b782,Matthew,Perry,Female,2017-01-10,3455132931,rgarcia@example.org,308 Newton Neck Apt. 126,65656,2024-11-10T05:21:48
85915036-288c-4222-8148-a2458be64b98,Connie,Smith,Female,2017-08-25,614-828-2488x314,yvonnevelez@example.net,0180 Salazar Ranch,67309,2021-10-22T19:16:49
9b2a1376-315e-4e80-9f20-c257ed348e32,Erica,Smith,Male,1992-01-01,(595)834-7957x651,davisclinton@example.org,70324 Anderson Motorway,91213,2022-04-07T00:59:53
c2ce56bd-8301-43a6-849b-50bc05e5d461,Laura,Fowler,Male,1976-09-11,(539)748-4184x9869,thomasmelissa@example.net,14689 Kim Forge Suite 368,56144,2024-09-07T23:09:39
e608d6d3-1d62-46b5-9d69-7934ddeb78a4,Omar,Aguirre,Male,2017-08-03,(617)502-7759x11072,daniel67@example.org,37756 Schmidt Meadows,88052,2024-06-04T03:53:10
155c8139-3842-43b4-a378-ff4453d9a4dd,Jennifer,Chapman,Female,1973-01-18,(773)285-2219x7664,wmiller@example.org,5700 Joshua Drives Suite 668,03759,2023-04-20T09:29:11
460f01a5-4480-402d-a067-902bf099e2b6,Charles,Bolton,Female,2021-07-06,001-947-825-9487,sloanryan@example.net,14000 Jesse Mountains Suite 736,04274,2023-05-03T22:22:36
b544f70c-593a-4b51-978b-55e7f406d6e0,Christopher,Jones,Female,1988-08-29,745-392-3649x9798,kennethjones@example.org,9569 Rhonda Gateway Apt. 831,94139,2024-12-14T07:04:09
cf1b6490-bec5-4040-b790-2ddf4b589ceb,Joanna,Adams,Female,1959-07-26,(360)635-1837x339,bjohnson@example.org,048 Parker Neck Suite 390,04475,2024-11-28T00:37:33
ec1f0155-6662-4bd2-b243-b5c6833d7595,Wanda,Rojas,Male,1943-10-17,691.340.9646x64249,melissaalvarez@example.com,71417 Porter Coves,48408,2023-09-24T12:35:00
d895ccea-afe2-4f5c-b2a8-07cc2c471336,Joshua,Watkins,Female,1990-02-15,001-947-223-6611x7614,meganlynch@example.net,049 Jones Cove Suite 247,89633,2024-10-23T23:05:09
1a574cee-6490-4d65-b63d-329547f50a35,Kristin,Daniel,Female,2010-10-16,+1-214-265-3461x924,ramseybrandon@example.net,4817 Richard Spurs Apt. 129,27567,2022-12-23T09:06:47
2a683e18-4fc4-4b0a-966b-91e7c435fe28,Bradley,Gibson,Female,1948-06-13,374-656-0267,moralesandrew@example.net,317 King Rapid Suite 143,79108,2023-08-15T18:47:18
6ef7ffc3-7ce2-4b5b-b8d8-f272f429c05d,Robert,Strong,Female,2023-01-24,+1-500-298-6780x0013,kellyaustin@example.org,5108 Brenda Shoal Apt. 901,88365,2023-03-28T23:48:53
458c6c02-bf40-4640-98a9-11876c7a0c9d,Kirk,Johnson,Female,1989-12-19,(769)559-5197,teresa76@example.net,415 Braun Cove,76162,2023-05-03T11:54:08
620f4af4-9b77-4a46-9b88-fe699f7717ca,Mary,Williams,Male,1982-03-24,690.462.2481x3929,fanderson@example.com,14020 Jessica Shoal Apt. 106,88133,2023-04-27T15:11:00
e5dc6ce5-5fbb-4fd7-9a58-abba91303877,Frank,Castillo,Female,1990-10-07,263.891.7104x341,williamterry@example.com,17611 Alexander Ville,83612,2023-12-22T14:40:48
e3b2f985-2ad0-457e-b30c-19bc1073c0c3,Xavier,Torres,Male,1970-10-15,+1-815-664-2643,carol51@example.net,1314 Neal Summit,75431,2023-03-04T15:19:16
68e931d8-963d-401f-80c8-c7a382e847ae,Matthew,Rodriguez,Male,1987-09-06,(530)413-7189,xsanders@example.org,530 Haney Hill Suite 014,93504,2022-07-30T17:50:21
f34bfa59-a525-43e3-a093-97d5d3a1b88a,Richard,Wade,Other,1970-07-06,001-969-302-4666x4502,johnburke@example.com,52488 Tim Court,80704,2024-08-24T14:18:53
1d59b308-07aa-4515-a5f7-6d065a2d465b,Ellen,Powell,Male,1948-05-25,629-518-5168x6212,waltersdarren@example.net,324 Gina Ridge Apt. 594,24893,2024-03-15T20:12:59
2f981e44-ca78-4f58-adec-4b0d529b3b96,Renee,Payne,Male,1974-05-19,(972)299-8726x071,ihodge@example.net,32909 Wilson Mill Apt. 884,79668,2023-02-14T23:04:51
5f25210e-a82e-4d61-b716-4f3112988e9c,Sandra,Lee,Male,1970-10-12,358.549.7277,michael09@example.com,61676 Rogers Place,63295,2024-12-20T20:14:52
02774ef3-1f4f-4a0f-907f-fc32c78e4415,Karen,Callahan,Male,1989-12-14,+1-257-767-8634,karisalazar@example.org,46832 Steven Springs Suite 947,11603,2023-01-28T08:35:55
36b9ca35-5430-48c3-b780-606a02ca68d5,Elizabeth,Garner,Male,1968-05-02,+1-240-910-9986x6479,taylorbenson@example.com,48750 Kara Wells Apt. 965,44847,2024-03-09T11:42:14
3b8ede31-e614-45dd-9251-d645cb94cf8d,Arthur,Thompson,Female,1944-08-02,+1-968-351-6357x72089,robertreynolds@example.com,398 Charles Corner Apt. 995,68612,2024-10-21T18:08:06
36511c93-9a0f-40b8-889a-f19562b61594,Zachary,Stuart,Female,1957-10-02,727-581-0830x007,sboyer@example.org,6903 Jackson Valley,36437,2022-12-08T10:30:50
b75d2f0c-472e-4f3b-8f9a-fd511a58fa44,Jeffrey,Briggs,Female,1953-05-15,988.955.7492x627,andrewanderson@example.com,16508 Hutchinson Key,10585,2023-11-19T11:57:29
abdd439a-dc23-4c06-8eb3-80ace223e389,Jeffrey,Ray,Male,1953-11-06,+1-605-617-7188x8749,javiermahoney@example.org,0731 Jane Spring,77808,2024-11-14T02:29:33
aea03292-6bf7-4125-a571-f542e485a118,Rebecca,Ramos,Female,1992-04-12,001-883-526-7045x6987,zachary65@example.com,223 James Throughway Suite 938,73110,2023-11-21T08:18:58
32b9fc56-51f3-4a1f-903a-9ed2515a3eea,Benjamin,Pugh,Male,2001-10-29,(980)220-3472x33122,smithanna@example.com,44480 Mckee Fields,66172,2024-10-02T15:35:40
0bfa8cd5-7fa7-4708-be72-79cecd7f65f6,Jeremy,Roberts,Unknown,1961-06-25,(253)759-6856x8389,floresnicole@example.net,7656 Johnson Avenue Apt. 930,32704,2023-10-05T05:21:07
73e9b99b-1fc4-49b3-9e87-c27e6bd63443,Kyle,Carrillo,Male,1941-09-26,001-306-539-2494x8403,abigailwells@example.com,84285 Scott Park Suite 656,43949,2024-01-21T21:15:42
3c862582-6202-435d-9756-fd3353ae1065,Zachary,King,Female,2015-09-30,001-718-416-5463x680,mark95@example.org,64952 Gray Lights Suite 532,97017,2022-07-17T02:53:18
c886b7c6-a4c7-45b0-8490-eb6848f82df6,Cynthia,Powell,Female,1970-04-22,(465)819-7621,uorozco@example.org,0591 Gordon Oval Suite 634,24186,2024-02-06T01:16:26
7636ae1c-e961-41f3-8130-8be0fcea9a96,Lindsey,Harris,Male,1964-01-17,001-483-256-2737x1191,wsmith@example.com,682 Denise Village,08589,2022-01-17T08:56:13
09795e75-671e-4bb8-b783-b6f6d775e809,Kelsey,Clark,Female,2009-10-08,(565)651-2878,mayrebecca@example.com,6397 Cathy Flat,43915,2025-04-14T21:14:02
565f2ea8-0a03-48cd-870b-230ceb044ecb,Sheila,Craig,Female,1958-07-02,+1-597-509-6501x7727,garyzimmerman@example.net,113 Alice Plain Apt. 365,93767,2024-02-15T19:27:23
d471104f-1859-45ae-b84a-ee4311c7beb2,Cassandra,Hill,Female,1956-09-18,383.681.6453x766,grantjennifer@example.org,4258 Miller Loop,65594,2022-03-04T20:01:42
5133577b-4651-4173-8d0e-391db9272714,Kevin,Anderson,Female,1996-09-25,(641)409-5975x685,ortizscott@example.org,9443 Hicks Islands,35144,2022-05-24T23:17:24
c64d10e3-8e73-4520-946b-9fbc667cf788,Anthony,Wise,Male,2012-09-13,+1-560-497-8483,eric81@example.org,362 Amy Drive,66863,2024-01-10T20:47:13
4c66d04f-64b1-4c49-8c0c-f61e9cc10bd8,Shawn,Freeman,Female,2003-04-19,513.550.3574,nicole03@example.net,863 Stacy Wells Apt. 741,78399,2023-11-29T11:39:31
a41ef111-d942-46b6-be4b-4f10745f780e,Vincent,Warren,Other,1989-09-22,(631)683-6746x3303,zford@example.org,768 Danielle Mountains,05002,2022-11-21T01:28:23
f00d5a65-5fb8-4f18-97d3-ce211f14eb34,Anita,Gonzalez,Female,1964-01-07,930-469-0355x6416,howellryan@example.org,18980 Donna Mews,29013,2022-01-15T07:12:26
d3511e95-0c3e-4d5c-b959-0149077f6e36,Alexis,Sweeney,Male,1969-09-03,380.486.2966x29231,richardramos@example.com,83735 Carlson Stream Suite 346,70406,2024-10-13T01:56:39
dc83f96f-52a6-43d4-be58-a9701aea2c2c,Cindy,Singleton,Female,1968-04-12,+1-518-852-1479x599,angelalarsen@example.org,547 Zachary Village,49578,2024-05-20T16:12:36
16884399-2b91-4ace-b9f1-80276f88e2c0,Elizabeth,King,Male,1954-08-02,914-258-5619,nicole81@example.net,90181 Melissa Glens,05184,2023-09-20T21:32:31
d0ef0cd4-5e6e-4398-8ff1-b675e6fb976b,Deborah,Brandt,Female,2013-01-12,988-531-8100x705,mcastillo@example.net,40961 Sanchez Street Apt. 203,21534,2025-08-19T07:49:32
b0309415-ef21-4b2c-8143-d636fd54225b,Michael,Phillips,Female,1940-12-25,+1-313-372-7763,bryan36@example.com,30679 Lisa Forks Suite 346,30096,2024-08-01T09:33:21
0b070a68-c8f2-47a3-a221-3776427ae472,Chad,Paul,Male,1996-01-22,(612)240-6293x7895,todd77@example.net,08284 April Point,75429,2022-12-13T01:51:48
43839f12-1335-46c3-8de5-f4aff27815f6,Natalie,Riley,Male,2010-04-04,+1-347-313-6864x36812,erobinson@example.org,15627 Chad Crossroad Apt. 429,89986,2025-04-04T02:27:16
612a9cc6-cfff-4d34-8aa8-1f139cdd39a7,Dana,Martin,Male,1970-06-04,969.565.0301x8507,olivermatthew@example.net,1436 Sandra Cliff Suite 912,07936,2022-12-20T17:08:55
955d3078-2344-4519-acc3-85552b9b4ffc,Stephanie,Parker,Male,1975-10-30,(527)641-3974x6699,mwaters@example.org,752 Shawn Extensions Suite 863,14501,2024-08-02T02:00:29
25e36ccd-dca5-44f2-91bf-c946205474fa,Rebekah,Allen,Female,1963-04-06,981.832.0160,pauljohnson@example.com,68406 Martin Knolls,89460,2023-09-26T20:48:49
e53dfc49-f741-4b94-99a3-ac28e346c1b7,Jacob,Davidson,Male,1952-12-04,707-326-4272,rjohnson@example.net,7716 Clark Harbor Apt. 469,79835,2024-08-19T16:06:30
85924e5f-1f53-4b6e-ab11-77367260282f,Kristopher,Mills,Female,1980-02-18,818.518.7817x7097,cherylsharp@example.org,23514 Joanna Summit Suite 443,24549,2022-12-28T11:55:16
7d7771f8-a948-4c66-ba59-697d93f040c7,Alex,Barker,Other,1968-12-06,(483)916-8268,hendrixwilliam@example.net,21360 Sierra Cape Apt. 174,83937,2024-08-26T03:22:35
7b92a41d-bb19-40fe-85cb-fedd5268c879,Derrick,Washington,Male,1974-07-22,899.488.1688x34842,jennifer41@example.org,6576 Shirley Plaza Apt. 883,34461,2023-08-05T02:27:23
b61d170a-4bd6-40e6-8425-d02043892f66,Ashley,Jacobs,Male,1987-01-01,+1-855-345-6335x252,barbara26@example.net,056 Matthew Meadow,49788,2024-02-06T13:26:01
3e0c5ec5-df74-4fb5-95e6-162f8efadaa1,Blake,Mccoy,Female,1942-10-21,(565)416-3537,lindseywhite@example.net,04766 Moses Rapids,21043,2025-07-27T15:06:40
b1e93b1a-34b5-49be-9b19-de67bc3a8abb,Ryan,Johnson,Male,1998-12-25,809.509.5233,scottjoseph@example.com,2255 Garcia Prairie,86047,2023-06-09T04:11:32
3664cafa-0f6d-4751-be9e-7b8af8c59ac6,Tyler,Burns,Male,1994-03-22,264-280-4210,hhensley@example.net,58636 Jessica Plains,58768,2024-02-13T16:09:51
62934e8e-d189-4750-b7d8-b4283754a771,Audrey,Miller,Male,1972-03-25,001-689-704-4952x666,jbrown@example.net,914 Jonathan Landing Suite 127,29641,2022-08-26T19:26:53
d06200e3-356a-4651-9727-bd831ac2c99a,Justin,Richardson,Female,1985-02-07,(435)838-4762x3622,marshalljerry@example.com,9943 Long Tunnel Suite 139,39559,2023-10-01T23:22:30
50384c0d-dbc3-4559-8390-bd948713b81f,Sandra,Wheeler,Female,1967-02-04,996-577-8737x152,traceypearson@example.org,77271 Crystal Islands Suite 947,92242,2024-11-14T14:33:10
a7c10adb-743a-4892-b561-10f64fd3ca88,Carlos,Hamilton,Male,1966-03-24,(850)573-3140x74900,ryanwilliams@example.org,230 Nancy Meadow,15006,2022-06-11T07:12:09
214ba540-ea04-4d0b-9b0c-90928127a8f7,Allen,Gardner,Male,2012-02-24,806.756.3353,bobbyvillegas@example.net,86572 Ryan Village Apt. 306,64956,2023-02-19T10:18:02
73d2939e-f99d-46d5-a2b5-17815d17c25d,Brian,Burgess,Female,2017-04-18,001-819-575-5549x0476,ferrellhannah@example.com,526 Nathan Center,36924,2022-08-16T07:27:31
6673d42d-c7af-45de-b3f9-2a8783726123,Sally,Anderson,Male,1939-09-18,257.376.6130x306,paul73@example.org,24789 Bryan Port Apt. 905,98449,2023-05-13T09:09:55
afaf20ec-2a08-4526-ac4f-e33d47206b6c,Kelly,Harris,Male,1945-05-25,(285)282-9438,michelledavis@example.org,035 White Route Suite 958,05592,2025-04-12T04:11:18
1a20e3ba-a5fc-4d09-93c6-267ddead44fc,Victoria,Lopez,Male,1988-10-28,847-739-8470x974,patriciadavis@example.net,2799 Patrick Falls Suite 480,15663,2024-06-13T04:28:49
1c36036f-beba-4619-9b6f-b706e04e6585,Haley,Perez,Male,1947-04-01,548.270.4187x786,hporter@example.org,9733 Kevin Valley Apt. 597,26853,2024-09-24T17:07:23
444a2a48-2fe1-4ed8-b5fa-0ebee4e39c20,Jennifer,Reed,Male,1946-11-23,455-724-1577,jason09@example.org,6582 Rachael Vista,66486,2022-04-02T08:06:51
5a19d7ab-73e0-467e-87e8-1b25a9715404,Nicole,Adams,Male,2016-11-07,228.795.5791,kaitlinkennedy@example.net,122 Jessica Lakes Apt. 564,54631,2022-01-11T10:54:10
5abbb78f-1585-465d-8ce0-bd8fed4b229f,Alexander,Ward,Male,1951-03-10,610-848-8689x6571,jennifer72@example.net,08121 Cole Gardens Suite 126,28220,2023-10-24T13:46:32
6e4c1501-808f-4cb9-a59d-12db268f090a,Paula,Gonzales,Female,2001-02-12,201.740.8507,bryantstephanie@example.com,610 Todd Mill,76382,2025-07-29T16:20:49
5ea9f259-45c8-4249-b0fb-b28e0d9bb3b5,Anita,Romero,Male,1982-02-12,239.961.9381,kimberlysanchez@example.com,120 Berry Port Suite 093,21322,2022-03-20T04:21:48
ed92b753-bb64-4511-a1ec-ff07a60c1329,Joseph,Pierce,Male,1947-03-18,+1-984-439-7901x74039,johnthompson@example.net,4380 Lisa Curve,88156,2025-03-25T23:40:14
2d389d1f-6716-4461-b07f-c5764b43f873,Lynn,Taylor,Female,1993-02-10,(479)489-1468x564,qhuff@example.org,2540 Jonathan Points,57277,2022-03-11T22:20:49
84c42de1-7e5d-421a-9b81-b89887916cbe,Stephanie,Gonzales,Male,1967-09-27,001-790-553-6261x7713,bradleykendra@example.net,469 Hernandez Drives Suite 058,87319,2025-07-22T17:09:39
3fbacf5f-a576-4b48-8cc4-6000ae608948,Brent,Moss,Female,1968-07-23,(356)711-8740x74991,james01@example.com,64350 Williams Crescent Apt. 950,84364,2023-04-11T06:01:19
e5228d31-0d9a-4fce-9d7c-f46d3836613c,Melissa,Cabrera,Male,1993-02-06,(210)791-6504x9398,turnerkyle@example.org,20362 Downs Terrace Apt. 365,56018,2023-01-03T17:35:24
8839c8e4-10db-4fdc-bd1f-d7c0442441ec,John,Knight,Male,2023-04-21,(507)654-2552,jennaanderson@example.com,6880 Thomas Isle,57292,2021-10-20T00:29:54
b3133c8e-9ec6-495e-a1f2-17be39f99c64,Anthony,Robinson,Female,2008-02-15,+1-550-318-0510x511,leslie41@example.org,228 Lawrence Knolls Suite 702,74238,2024-02-20T19:05:14
384a9967-19ef-43bf-a494-23aa645416be,Dana,Dudley,Female,1951-09-02,+1-356-505-2856x255,amcintosh@example.org,97245 Mosley Drive,12858,2025-08-25T02:04:00
7ec391ef-44ad-4484-b112-3048e128b9a8,Devin,Dalton,Male,1949-12-30,956-731-4404x56847,nmartin@example.org,29271 Paul Ramp Suite 675,96440,2025-04-02T19:43:21
a30bd3b5-58fe-4bd2-b41d-85cdc9257285,Matthew,Holmes,Male,1948-11-15,508-412-3489,peterlittle@example.org,659 Stuart Trace,56991,2025-09-09T15:30:16
00cb9caa-bbdf-4574-89b8-f7ba98a7fea2,Adam,Luna,Male,1942-03-28,494.466.1303x0356,lopezmatthew@example.com,2095 Powell Springs Apt. 213,90734,2022-09-19T05:47:48
9f4325f4-b352-4505-a864-6e0c80d458b9,Brent,Morgan,Male,2026-03-08,451-795-9337,clarkjeremy@example.com,975 Hamilton Drives,92149,2022-08-02T21:00:24
b01c9191-e81b-40ff-9a41-a15f4e29b9da,William,Wells,Male,1952-03-28,(557)233-4053,robertobrien@example.com,0937 Stephanie Cape Apt. 163,72893,2024-01-31T07:27:34
2aa946d4-11c7-476c-ae73-03c050ab3660,Veronica,Wells,Male,1953-07-30,+1-920-610-3283x11103,zhernandez@example.net,4694 Haynes Cliffs Apt. 072,02994,2023-07-24T06:40:54
f6558f35-244f-45c6-b489-0e8ce65dd443,Daniel,White,Male,1968-08-25,596-206-1648x312,lromero@example.com,110 Matthew Overpass Apt. 612,18926,2023-06-07T01:56:58
0554e88b-5584-42ba-ad8c-5504797f6e4d,Mary,Shelton,Male,1948-09-12,324-558-6414x5823,frederick73@example.org,77375 Kyle Groves,61540,2022-12-13T17:19:22
2bb4a408-13b4-44f6-a19a-17f6438a819e,Lauren,Phillips,Female,1956-03-27,605.454.1212,masonlittle@example.net,1060 Patricia Causeway Apt. 367,56475,2024-04-15T12:04:49
5a2615f8-9810-48c1-827d-eb45da6415b5,Jennifer,Taylor,Other,1983-06-30,+1-879-410-0331x67590,henrynicole@example.net,9514 Jennifer Circles Suite 585,42016,2024-11-25T13:28:57
df8b4008-7d01-45a3-8041-f5d49549e631,Samantha,Mathews,Male,2002-11-30,+1-775-844-8160x71721,blee@example.org,549 Brian Center Suite 487,10544,2021-10-25T13:19:50
0473b982-d1a5-49db-8b90-b03d1c00b895,Douglas,Singh,Female,1972-05-22,+1-639-264-1177x449,velasquezomar@example.com,5991 Lauren Burgs,07921,2024-10-24T00:28:02
3a710f9e-d5da-46fd-8a68-998ffd8bb697,Janet,Jones,Female,1955-05-15,001-783-870-2562x0283,tanyabrown@example.org,05413 Paul Pine Suite 120,46870,2021-12-30T15:34:52
c67736bc-2586-45e9-8147-2ff22ad47bba,Daniel,Thomas,Male,1963-07-22,(871)832-0904,taylorrichard@example.org,56971 Terry Mall,17513,2023-07-19T06:33:45
55eef366-bc76-4752-8dcb-e8184dfa6a17,Victor,Grant,Male,1946-06-11,856-374-7502x615,pjones@example.com,76137 Kane Mountain Suite 495,79053,2023-10-21T22:34:19
8bb3fbb2-fd63-44f2-99cc-c94abc1cd60d,Jeff,Peters,Male,2025-06-28,(865)591-1799,jonescarla@example.net,888 Joshua Skyway,24421,2024-07-29T15:10:54
7570b0ac-5d42-40d5-80e7-ca767c8ad37a,Connie,Wagner,Male,1958-01-24,(938)508-6927x32108,thayes@example.org,3564 Timothy Ports Suite 062,57885,2024-03-18T16:04:29
556fe90e-b5cc-4be6-8d17-1ebc5a45b8ea,Jeffrey,Gallegos,Female,1999-02-03,+1-464-638-8733x462,iramirez@example.net,23130 Stout Alley Apt. 512,96866,2024-05-20T02:04:20
dd7902fc-db61-4a80-a9f7-c6d1c6475ae2,Jonathan,Rice,Female,2019-07-06,250.549.5364,erik03@example.net,36136 Reginald Ports,71464,2022-10-08T13:28:31
451a9ec7-1cdd-48ca-bbfe-add19882a61a,Katrina,Shaw,Female,1961-02-01,481-820-0895x4135,lisahicks@example.net,85000 Jessica Oval,51743,2023-03-13T14:51:38
25dccca2-054e-4210-a3c9-f400ba6c557c,Taylor,Phillips,Other,1942-10-12,(903)419-7111x708,melindapalmer@example.com,6847 Castillo Way Apt. 634,33635,2023-10-04T03:51:53
fe7c7d6e-a8cc-4515-b862-abcfdb3437bb,Alan,Nelson,Male,1974-12-08,827-340-7664x4410,brandonpalmer@example.net,22203 Cohen Meadows Suite 384,18485,2024-04-03T09:13:24
93dc8eea-3e8e-436a-87e9-5e6d7f71eef6,Jessica,Hicks,Female,1987-07-16,001-812-723-9182x45140,kennethmartin@example.org,7316 Patel Route Suite 043,65362,2025-06-29T02:38:09
34d091d1-5c02-41da-ae43-b319f9299271,Theresa,Baker,Female,1968-04-10,497-254-2397,baldwinkaren@example.com,2845 Donna Crescent,47216,2025-01-11T20:58:07
60b61367-f46e-4787-abaf-89c7319fa2f7,Allison,Williams,Female,2017-05-23,348-213-9829,rwilliams@example.net,9385 Melissa Plain,09766,2023-12-30T03:22:46
a07bf99b-e08c-42ea-861f-e028f727ee90,Carlos,Richards,Female,2012-12-07,(645)533-7159x74333,chad82@example.net,148 Rodgers Glen Apt. 229,34862,2024-07-04T01:27:23
fcc1c48c-7303-40ca-a992-6bade6335f58,Warren,Brown,Female,1956-03-03,+1-520-748-7287x4394,iabbott@example.org,184 Patricia Points,05723,2024-11-07T12:51:51
e90b3651-43eb-4ff0-acc9-abb686e35e9b,Timothy,Reid,Female,2012-03-27,6983865985,lparsons@example.org,251 William Mews Apt. 755,55308,2023-02-27T19:30:44
96d26487-641a-4b74-94c9-3d44e353a243,Calvin,Harris,Male,2020-07-26,726-420-6194x348,townsendalexandra@example.com,085 Wilcox Cliffs Apt. 447,68930,2024-02-18T02:38:20
30c95ec4-4f2f-4fd6-86b8-21c7fe731856,Samantha,Clark,Male,1938-03-24,+1-450-773-5353x24449,msexton@example.com,128 Smith Forest Suite 222,48847,2023-05-30T23:24:46
d58c449e-57e0-457b-b3ab-800b8523d070,David,Hill,Female,1990-06-27,001-977-451-6663x031,montoyaronald@example.net,421 Moss Ports Suite 176,05768,2021-10-12T08:12:29
9110c9fd-747c-418f-8b9a-efff6ef735aa,Tammy,Smith,Other,1976-06-19,8834936666,gbarry@example.net,588 Courtney Mountains Apt. 035,82933,2023-03-02T20:33:12
1c35730b-49d5-4453-98d4-d949cad6d3ef,Ann,Howard,Other,2003-10-06,497.334.1740x4715,heatherwright@example.net,870 Harris Village Apt. 804,55651,2023-12-21T06:35:25
25aa620f-af7e-4d9e-ad5f-24c37fb9ae49,Michele,Carroll,Male,1944-03-26,5986865673,brenda40@example.net,75247 Harper Viaduct Suite 020,01538,2025-03-27T08:37:49
4a2f2373-f777-4816-85ef-875e26755363,Lori,Morris,Female,2016-02-26,864-326-2458x61347,kelly01@example.org,43418 Justin Field,72954,2023-12-22T22:17:54
7ca08cde-4dbb-47cd-a9a0-99deaa10e595,Aaron,Ford,Male,2001-01-14,(724)633-9069,gabrieldavis@example.org,512 Jeffrey Valleys,02786,2024-10-05T09:54:19
74300ccc-03fd-4d08-8b73-361fccbeb6db,Scott,Morton,Male,1940-06-09,302.824.2793,syoung@example.org,80814 Frank Spring Suite 152,31274,2023-04-17T15:23:16
1f997c80-97d3-4ab9-9352-0a914873d252,William,Moore,Male,2004-01-04,3319243870,hlawson@example.com,78491 Brittany Forest,63791,2022-06-27T10:05:27
5a2d6aee-6e29-4319-814d-98294e4a516f,Kim,Aguilar,Female,1976-08-27,(693)955-0629x420,aclark@example.org,05144 Anderson Park,72583,2024-02-28T20:16:44
234189c5-405d-4186-8cc6-6163002a0e3d,Nathaniel,Jones,Male,1951-10-15,(373)897-8645,hgamble@example.com,1809 Williams Forges,83873,2022-02-09T05:23:57
8082a0ee-dbe8-4d7a-8907-03e848841707,Nathan,Johnson,Female,2009-06-03,001-406-427-2974x12782,justinwhite@example.org,30970 Jean Lights,72470,2024-12-19T15:27:23
f424b79c-27b0-416b-8f8d-4107c4d5ac13,Linda,Duran,Male,1967-10-03,442.537.4362,timothysmith@example.com,439 Schultz Greens,18300,2022-07-19T10:58:16
bba95ec4-fef4-4c9c-a484-557f454a8e82,Samuel,Lopez,Male,1975-12-17,001-962-390-7522x7758,jesus65@example.org,7970 David Plains,39126,2024-11-19T05:25:08
4a720071-14a9-4e59-ab13-13b795d14b6d,Brandon,Hines,Male,1994-04-01,(665)794-8367x920,jrodriguez@example.net,75791 Roger Springs,16305,2023-10-16T04:37:09
3facabcc-5ac9-4db2-aed4-d00579222d87,Bryan,Walsh,Female,1992-12-12,453.900.4652,angelamurray@example.com,9482 Jones Trail,84893,2023-05-22T09:17:41
662c4f00-6c2d-4b96-a2e0-adf7a3155bbb,Angela,Martinez,Other,1967-02-14,685.516.6318,david45@example.com,177 Frazier Forge,38694,2022-08-29T04:28:14
eb91d7bc-42e1-4eb9-a49d-da44191f9e05,Jeffrey,Campbell,Male,2000-05-26,001-599-245-5309x52761,fletcherrobert@example.com,3828 Mason Rest Suite 854,46595,2025-02-23T11:23:01
6f91a7be-905c-4fd9-ac5d-849c4f8c61b9,Michael,Smith,Female,1977-12-15,858-279-0480,qmcdonald@example.net,4939 James Point,18095,2021-10-19T14:16:21
23a10fdd-9402-47be-8deb-dd3c528e0ae8,Mark,Nash,Female,1942-10-26,968-640-8940x9434,vdean@example.com,268 Moore Islands Apt. 140,76204,2022-04-08T02:08:50
6a93716a-22bc-4104-8001-570a3312de73,Gina,Ramos,Female,1972-07-06,727.503.9395x4983,rickyhernandez@example.com,5063 Rios Ridge Apt. 255,34987,2024-03-19T11:47:17
4c1e172a-15e9-4ee4-8e14-39774d126ab1,Stacy,Scott,Female,1950-09-02,001-884-958-6239x139,qparker@example.net,467 Tyler Branch,09458,2025-09-19T03:18:58
2ef17a90-8bbb-4f3f-b60e-36aaa0d980ba,Samuel,Morris,Male,2001-06-18,552.890.1334,pam45@example.net,5004 Daniel Mission Suite 752,04713,2021-10-16T15:28:28
18963a6e-6fd8-4533-9577-58f5e03c63df,Jesus,Lane,Male,1971-10-19,+1-311-252-9926x44084,jroth@example.com,305 Simmons Plaza,87352,2023-11-18T02:32:26
80fa07e3-5031-4661-b1b2-b9c67120721e,Natasha,Alexander,Female,1975-11-13,+1-476-985-1932x9863,vanessasalas@example.net,829 William Track,91784,2022-12-09T12:02:58
5aac72b1-77e7-4d81-9b88-fc72b66cdb02,Daniel,Munoz,Male,1963-07-04,969.770.8632x956,brandi19@example.com,62714 Crystal Road Suite 222,72311,2022-10-19T08:45:06
7616b503-6906-4588-b621-62ab6ba64252,Andrew,Robertson,Male,1992-11-28,682.888.5378x381,johnphillips@example.net,216 Erickson Tunnel,56122,2024-07-09T00:57:57
c44b04e8-f51e-4df3-86c3-998e8f14aac7,Shannon,Carr,Male,1973-05-12,+1-529-486-2482x92294,heathermurray@example.org,2357 Justin Plaza,15347,2025-05-17T17:15:19
e8273dee-9d7e-4eb7-a3fd-6adec17fcf19,Amy,White,Male,1940-10-23,(640)358-2799x140,dbenson@example.com,80400 Cox Falls Suite 265,36966,2023-06-06T19:00:36
5f843666-831f-4c00-9490-029d3e1e0693,Sarah,Powell,Male,2018-01-02,(268)888-3345,kallen@example.com,5503 Proctor Underpass Suite 478,76595,2022-04-03T04:01:19
e0b7d818-90c9-4f32-a660-a8e08b13b689,Jeremy,Hall,Male,1937-10-07,3742628691,michelle68@example.org,776 Lee Coves Suite 198,90643,2023-08-18T22:20:47
203d54c9-6485-425e-9858-f464c15da547,Pam,Lucas,Male,1986-06-14,276.870.4151,strongmichelle@example.net,06057 Joseph Squares Apt. 214,66389,2025-08-21T18:58:58
c353ac87-ceb7-438a-b67a-92b701862029,Jillian,Flores,Female,1972-07-22,379-456-0560x73771,natalie05@example.org,3220 Fowler Ports,33568,2024-09-02T00:43:30
15ac37f0-0de9-4283-96d5-aed275d106f2,Joann,Griffin,Male,1967-05-03,214.442.1402x0921,jenniferrasmussen@example.com,557 Mcgee Green,25181,2024-06-08T02:29:52
1b678ec1-a65e-483b-bc75-de3dd473f3b5,Shawn,Kane,Male,2016-11-27,001-954-512-5211x169,rmorales@example.org,43865 Rick Pike,37974,2022-02-17T03:46:39
90c0e607-4a63-4fc3-926a-ab2718ef2501,Andrea,Mclaughlin,Female,1939-07-02,739-800-9058x48136,rachel56@example.com,30802 Scott Mountain Apt. 167,55503,2024-05-13T03:19:59
1f16de17-0f94-4562-9d43-b0cf54d09314,Walter,Edwards,Female,1952-10-07,001-446-246-0625x1048,caldwellkaitlin@example.com,9662 Carter Plain Suite 301,24724,2022-08-27T11:40:08
b78a2037-bd46-4bd5-82c5-2802aca65492,Kathleen,Wilcox,Male,2019-09-19,+1-295-866-2697x95536,ashley21@example.net,5886 Janet Creek Apt. 511,29130,2022-09-27T11:33:51
8fe275b1-24e7-4383-8429-e12c347f1a8c,Christine,Willis,Female,2000-08-10,(270)894-1684,vincenttimothy@example.org,56190 Thomas Row Apt. 600,52153,2025-03-17T19:37:53
e522266c-393a-46ee-a2eb-4a7f7ecc492d,Louis,Rodriguez,Female,2004-05-31,001-803-614-1375x92612,bakerscott@example.net,063 Cody Shore,08293,2023-07-08T08:15:54
a0d44d24-4d07-4581-a79f-5df0da2d6df9,Dana,Webb,Male,1958-12-13,(942)207-1211x38712,brandisosa@example.org,48713 Pineda Roads Apt. 839,61707,2025-08-22T07:58:22
ce3ce7ce-01a6-4260-afc0-8273fd397fe7,Michael,Bryant,Female,1947-06-08,849.755.2257,andradeblake@example.net,4914 Monica Forks Suite 719,91916,2025-06-09T16:55:29
113038f5-1d5d-4f65-b361-1134b01200ab,Brian,Ford,Male,1970-03-20,279-932-1544,kimberly82@example.com,989 Rhonda Junction,19507,2023-07-03T16:37:49
8513176c-1efc-4c94-a141-10b69a920655,Ashley,Mcclain,Male,1948-10-19,688-871-0695x6251,kathryn92@example.net,631 Woods Square Apt. 813,04206,2024-12-09T03:09:41
064fe164-7947-4ea4-9a85-fd69344c96cc,Nicholas,Martin,Female,1959-10-16,(983)642-3196x60058,michelle31@example.org,90366 Smith Views,63497,2023-02-02T01:21:45
ed113faf-0e3f-4912-a405-d362719deadd,David,Reilly,Male,2025-11-22,001-383-387-7318x7987,collierjacob@example.com,821 Sara Estate Suite 126,19804,2022-12-21T01:08:08
2f1d80ea-fb91-4b90-bbd5-0aeb679111dd,Andrew,Lambert,Female,1958-10-16,+1-260-826-2498x72495,jason20@example.net,15413 William Burgs,28574,2023-09-21T13:44:04
42a1279b-8bf5-4aed-9904-b887d77b03b3,Ashley,Sherman,Female,1961-09-17,549-915-7514x04445,qbrown@example.org,7330 Powell Key Suite 212,50368,2022-03-06T05:27:23
a87d2106-dbfb-4ea4-b06a-d042ae6b0455,Jacob,Miller,Female,1976-12-06,2322487357,buchananchad@example.com,4187 Parsons Course,84671,2024-10-05T12:06:06
058b5ee1-a2dd-415a-a570-66e86eaebb60,Kristin,Arnold,Male,1963-06-06,946-701-0475,charlesedwards@example.org,171 Bill Isle,66493,2022-07-27T05:22:12
3d9d542a-a84f-467f-be9e-01a9d18c7fde,Allison,Suarez,Male,1996-10-26,428.428.9758x551,justin48@example.net,93467 Bowman Grove Suite 690,78561,2022-08-13T00:21:34
334a34a8-8bf3-49a3-b31a-dd22bdddbd36,Debra,Gray,Male,1968-12-10,(362)305-7042x7877,rebeccabarron@example.org,31688 Lori Forest Apt. 178,49473,2023-02-24T21:08:30
199ae3da-aae3-4bc0-8a19-54ec4a3fcfda,Rodney,Rivera,Female,1957-01-12,5074120813,daniel25@example.com,13348 Ingram Field Suite 819,08038,2024-04-01T13:55:26
467248f6-aaee-4d68-9e09-f48e7e32e5d0,Amanda,Shepherd,Male,1993-10-27,549.967.1947x1250,marshcassandra@example.org,5377 Campbell Extensions,73668,2023-01-18T22:28:05
76c6533e-1b7a-4c94-8cc3-4f70b2995e18,Yolanda,Foster,Male,1988-04-02,+1-732-683-9677x57298,marshalldaniel@example.net,916 Clarence Drives,79333,2025-02-07T12:46:36
488e5bd8-0729-45c7-a5ee-3dfd6cc1da4d,Joel,Craig,Male,1966-05-28,+1-414-210-4687x15612,cpatterson@example.org,5650 Mayo Lights Suite 655,05271,2023-03-28T02:30:32
949e24ad-02d2-4ee7-a3b1-a52e907001b6,Megan,Williams,Male,1998-09-23,(436)247-4830,eunderwood@example.org,623 Rodriguez Row Apt. 224,72145,2024-02-10T23:19:31
a83db2df-e4aa-412a-a682-13c7a525dcd0,Kyle,Peterson,Female,1951-11-14,+1-852-977-1131x517,johnhoward@example.org,3275 Jeffrey Common,87741,2024-05-24T06:07:08
5acf614a-e834-4b5b-a879-c9a60ae9eacc,Brittany,Williams,Other,2004-05-04,7975878514,harold38@example.com,7098 Allen Walks Suite 943,25201,2024-03-02T15:55:17
75566ff1-b91a-4e28-a1e6-8d3577c8c297,Manuel,Knight,Male,1987-08-10,422-431-4490x817,zachary39@example.net,78196 Jason Lodge Suite 956,79164,2025-06-17T06:59:37
8029d633-5b95-49d0-a887-4d02fb5435ba,Jessica,Owens,Female,2001-08-22,240.813.6622x06336,ejohnson@example.com,542 Hall Gateway Suite 980,99353,2023-02-16T17:36:22
e70d8d07-594d-40a9-b5f5-afea80d2157b,Krystal,Wright,Female,2021-10-18,+1-516-295-7872,twhitehead@example.com,51220 Lopez Place,57901,2022-01-07T14:52:41
2cabd3d7-1011-4af4-8356-ed6163fff4b5,Shannon,Herrera,Female,1982-12-19,+1-921-681-6977x525,ztrevino@example.com,7480 Reyes Corner,57046,2024-10-26T19:50:43
902a73ae-b81e-4682-a7eb-40085a13f4bb,Justin,Stein,Male,2020-11-13,001-995-393-5361x03874,wscott@example.com,00533 Stephanie Haven,01985,2024-09-16T22:00:51
23d99d90-c964-4746-9bd1-65a3b716307d,Brett,Bauer,Male,2013-07-07,001-265-389-1497x651,mhill@example.net,379 Gordon Mountains,90064,2021-11-20T11:36:19
ec68fc07-4d8c-4019-a88f-c85ac33a402e,Tara,Porter,Male,2001-03-11,7794770042,nfitzgerald@example.com,41074 Walker Fields Apt. 081,95788,2022-11-17T11:15:10
7bd6b0b5-a527-4097-96de-0902ea897692,Anthony,Mosley,Male,2005-12-20,718-564-2235x960,kmejia@example.com,4829 Holmes Mill Apt. 263,37489,2022-06-10T12:57:47
2e2d0681-a8b2-4070-9b18-72ac78c4c27f,Kathy,Pennington,Female,1955-12-07,337-414-0828x663,garciakimberly@example.com,40152 Bonilla Square,08187,2022-09-05T12:02:32
a8ae013a-c680-4bb4-81c9-74a0ed6ae39f,Brad,Monroe,Female,1942-07-20,001-664-764-1731x3580,kruiz@example.net,111 Keith Glen Suite 174,77328,2022-01-08T15:13:06
96bf02dd-52f6-4f5a-b2a0-f8512121cc4f,Robert,Deleon,Female,1994-12-07,651.714.0190,christinesanchez@example.org,7179 Young Junction Suite 323,20079,2023-08-28T20:28:25
d4736d37-9e12-47cf-95a1-5905591cc4b6,Stacey,Lee,Male,2017-05-21,880-725-0226,amberkirk@example.org,8131 Mary Glens Apt. 049,92299,2024-06-28T18:05:47
bb9ddc31-da1e-4729-878e-be4e0b8079d7,Patrick,Edwards,Male,1976-03-25,+1-741-832-2071x0842,ann28@example.com,9061 Brandy Drives,99426,2022-07-03T17:03:13
7fdae666-1b31-4321-aa4e-8b0318b6dfc7,Charles,Green,Female,1989-10-31,984-576-4173x1410,richard18@example.net,2434 Norton Hills Apt. 680,11017,2023-11-05T23:40:25
3b45d977-c289-4a30-92db-575a79f633e8,Rachel,Brown,Unknown,1963-10-21,+1-779-570-0408,dannyalvarez@example.com,46954 Smith Lodge Apt. 314,48554,2023-09-01T01:28:51
cbacc3c6-bb8e-41cb-aad2-17d1cefd7dee,Ryan,Herring,Male,1943-01-12,(625)314-4648,meganhaney@example.com,179 Gerald Plain Suite 864,24077,2023-11-04T07:09:05
ba68e69f-2c8b-4151-a179-2fcde658eb6a,Michelle,Wong,Female,1996-08-23,7163394366,sloanelizabeth@example.com,3198 Roberts Locks Apt. 152,89922,2023-11-20T21:08:02
ec20d201-6b88-4cd0-b92b-7b46c17d049c,Susan,Macias,Male,2009-06-07,985-356-9545,zward@example.org,20798 Natalie Overpass Apt. 072,19734,2024-10-24T15:44:52
09943e76-1d4e-4772-801f-b5a69ca5b74f,Benjamin,Smith,Female,1962-12-29,720-326-3496x070,danielle21@example.org,55383 Nicholas Knoll,32087,2025-01-13T10:10:30
5fd392e2-c36b-4890-b108-022a12a85ff7,Victoria,Guerra,Female,2006-05-16,602.623.7796,cindymccoy@example.org,92371 Bass Forges,48277,2022-12-20T14:33:11
2c8fabbc-ec6d-4411-878a-a79ed736c320,Zachary,Olson,Male,2014-10-11,+1-793-219-6407x601,herringkatherine@example.net,528 Willis Greens,15081,2022-08-27T16:33:01
221a7c4e-60ac-4a64-b313-1038b2dfb075,Rachel,Barker,Unknown,2001-09-07,2435917983,jamiebriggs@example.org,387 Samantha Falls,92973,2024-03-15T04:30:17
321a9240-3321-4bb0-8e74-b39c92e33940,Sarah,Price,Male,1978-07-29,001-863-459-7293x123,vbanks@example.com,7149 Jacobs Harbors Suite 923,60522,2025-01-21T02:44:04
39ba243a-493d-469e-adc9-0caa7000f93b,Mary,Valentine,Male,1939-01-27,279-643-4337,westlaura@example.net,22868 Leonard Underpass,18964,2025-03-25T13:39:06
874db4a6-d057-4b85-af1e-c0de297eb3f4,Adam,King,Female,1957-06-01,(263)944-3121x690,biancamoody@example.net,8287 Alvin Square,63553,2023-06-11T17:05:46
0634caf6-9505-46dd-9605-4b9e313a4c74,Glen,Ray,Female,1991-03-25,(714)392-6142,debra67@example.com,836 Michele Flats Apt. 193,26887,2022-10-16T01:07:00
08825d14-341b-4c09-98a0-f6c0ab2d2fef,Laura,Thompson,Female,2026-07-27,766-709-3732x8201,kimmichael@example.org,86032 Kevin Street,53113,2023-02-15T19:21:44
c63e23bf-5c0c-409c-8157-2a56e4aeb85f,Jonathan,Obrien,Male,2007-12-22,001-569-306-5227x204,christopher14@example.com,6445 Santiago Drive Apt. 080,49465,2021-11-05T01:08:58
5738db52-126c-4e50-9d4f-4af28becb8cc,Suzanne,Robertson,Male,1971-03-19,(589)454-2852x315,kevinmartin@example.com,86661 Tate Club Apt. 794,89218,2024-11-08T07:50:16
ba70c9f6-e936-4ad0-b52e-af63badfc7a8,Max,Smith,Female,2023-11-04,+1-754-899-1579,branchwhitney@example.com,17894 Kim Squares Suite 676,41513,2022-12-14T12:30:55
351d1137-d518-4b72-b0ac-cfda7f055b10,Jeremiah,Wagner,Female,1961-08-05,805.333.4326x58827,alexander88@example.com,29990 Griffin Knoll,71359,2022-05-12T11:50:13
5b429d0e-5a23-4f52-8037-b96979468eae,Rhonda,Williams,Female,1998-05-10,001-827-335-8674x2805,antonio30@example.net,371 Amanda Park,80195,2021-12-06T15:45:39
cd35637c-234b-4e09-9a79-d6868f06c963,Bradley,Hernandez,Male,1961-06-05,001-563-979-3589x4414,matthewwagner@example.net,192 Makayla Port Apt. 850,23425,2023-10-24T02:21:44
dfbcf340-6049-48be-a01e-d90e6d7168e9,Sandra,Dennis,Male,2016-10-31,506-806-7837x039,dramsey@example.org,37392 Barry Route,07741,2023-10-03T10:35:59
846a4a71-c84a-49b8-a08f-ae0214013b99,Samantha,Watson,Male,2023-02-20,(270)926-6079x029,martinjill@example.net,0490 Laura Run,77306,2025-07-10T15:09:09
0d2dba72-3b06-4d82-bfab-9b071e307f10,Frank,Cannon,Female,1981-07-21,5036991568,joshuahayes@example.net,51395 Maria Summit,34554,2023-05-26T15:23:27
d24289ea-3959-4465-85c5-581054b728fa,Amy,Henderson,Female,1936-05-15,(368)683-7157,sullivangary@example.com,12351 Perez Ports Suite 724,99914,2025-10-02T13:41:33
63f2fc26-405a-4f9e-9401-8a45ec1a1adc,Linda,Todd,Female,1961-12-21,663.313.1085x560,sfoster@example.net,77758 Jesse Meadow Suite 864,60765,2025-09-24T07:52:22
2869b5ee-df18-4065-9f58-64d511655b1e,Brandon,White,Other,1939-07-12,668-804-7436,coxkaren@example.net,54153 Lawrence Shoals Suite 377,22147,2023-05-13T07:14:07
3dcc4915-934a-45d9-88cf-ffa2132497ee,Jay,Reese,Female,2023-04-20,(391)446-9685,oayala@example.net,869 Wade Run,69714,2022-08-04T03:17:26
4feeea91-8003-44a8-9c7a-b4e3ee8b09a3,Tony,Williams,Male,1957-01-28,(652)784-0035x324,iortiz@example.net,51660 Mendoza Pike,56592,2023-06-10T08:35:16
e44d8dc2-b290-4892-8bc2-d46d0e807f03,Rachel,Gibson,Male,1998-12-09,486.586.7197x13209,sonyarobbins@example.com,27672 Erik Vista Apt. 907,44710,2024-08-20T03:38:46
fc24a159-eada-4885-afda-70bf78920f72,Jessica,Rice,Male,2011-05-20,+1-919-855-7744,ngarcia@example.org,9210 Jennifer Circle,78743,2025-07-20T21:40:50
6be13e78-568a-420d-8843-280a07aca3fe,Douglas,Trevino,Male,1984-04-27,5048968708,longpatricia@example.org,70026 Ryan Ports,46503,2022-09-07T02:51:13
0f344fe1-c3c5-4bb5-a355-ce1655a47eab,Kathleen,Walker,Male,2020-06-17,906-446-0015x51660,onguyen@example.org,6416 Smith Mountains,94642,2025-10-03T08:30:23
54614433-bbdf-444c-9117-56d58c0dea8b,Peter,Myers,Female,1968-04-09,+1-457-451-7145,chad49@example.org,053 Justin Centers,35682,2024-11-16T02:40:39
0ff4c2d6-e0d6-4081-a98d-c5f7a9d06567,Kelly,Garcia,Male,2011-03-17,976-293-5083,gloverlee@example.com,37920 Gonzalez Burg,63000,2025-03-19T18:59:45
9058e121-f2af-486f-8e3f-de9a12aa5ab4,Phillip,Ortiz,Female,2003-06-21,(490)406-4384,brittanysimmons@example.net,3888 Smith Curve,63159,2023-06-18T23:05:02
ceb7803e-c3fc-4c0e-95c2-c94db3fdc2b8,Wesley,Chavez,Male,2021-01-13,454.786.6914,kyle55@example.com,853 Melissa Point,65536,2023-06-23T12:59:09
6a8eb758-f32d-4812-921d-87acfb267d27,Marcus,Preston,Female,1986-07-31,+1-724-508-3415,peterwilliams@example.com,8291 Hudson Brook,61492,2024-12-05T03:57:37
e3346bd8-14a1-464b-adea-c5b89cc862cd,Craig,Martinez,Female,2004-04-28,001-654-474-2905x78958,rebecca49@example.com,69619 Maria Fields Apt. 508,88827,2025-09-07T07:31:43
b92c23e3-4540-49f2-a124-9735f2546c17,Susan,Wright,Male,1978-07-22,5427585386,jonesbrian@example.org,375 Young Plaza Suite 685,31998,2024-08-28T13:31:09
39a9a8a9-81f2-4a73-bf20-f661091d1643,Christopher,Figueroa,Female,1968-01-15,(856)342-9277x823,lindanelson@example.com,42493 Villarreal Meadows,69592,2022-11-17T01:38:27
c8132025-4dac-433c-ba43-82176e77cdd3,Rebekah,Small,Female,2006-01-02,590-300-6032x296,mario62@example.com,251 Turner Light,95554,2025-05-26T05:38:59
ee662c46-057d-4e28-ba4e-2920f8b1f902,Penny,Briggs,Male,1980-11-27,601.993.8440,wmckinney@example.org,56628 Harrell Knolls Apt. 021,53948,2023-10-26T06:10:49
32387a5a-cfb5-4f2e-8825-85fac60b846e,James,Patel,Female,1936-03-04,676-677-8390x1838,perezkristen@example.org,34902 Kristy Isle,44243,2024-04-25T17:40:20
af001605-ae93-4319-a11f-98efdc3c423a,Brian,Sullivan,Female,2007-04-27,+1-572-823-5303,priley@example.org,6126 Daniel Summit,70261,2022-07-20T04:09:28
631a9c3c-0d59-4303-bb6f-b65b8d70600f,Desiree,Andrews,Female,1961-12-18,001-528-732-5574x4456,nathanieljones@example.net,67887 Christian Squares,55622,2022-04-08T20:45:05
b38adf82-6e02-4a88-a00f-8ed9b2086418,David,Smith,Male,1970-01-09,944-810-4868x9063,qjones@example.com,5937 Mary Circles,28377,2025-07-15T07:53:17
1e34c29a-701d-4db0-9d96-dc532344ec54,Rebecca,Sutton,Female,1949-07-24,3577169943,whoffman@example.com,847 Stone Street Apt. 187,43827,2022-12-22T11:24:07
5a0ed9b7-5e22-47d4-a74f-232bfb876271,Gina,Smith,Male,1994-04-07,001-557-202-2458x52771,samantha76@example.org,55133 Berger Courts,22737,2022-08-10T07:59:30
3cf8b913-0ed4-4264-ab06-8b1e6fc0174f,Vanessa,Benson,Male,1984-08-20,8339777474,joycelawson@example.net,03206 Kline Club,82940,2025-05-04T16:20:18
69bea8c9-3a24-4c19-8292-9d3d96afa28a,Lindsay,Alvarez,Female,1999-04-08,322-880-4424,yfarrell@example.org,99895 Lee Heights Suite 756,69920,2025-04-12T01:17:13
89458e1b-cb0d-465c-8ec7-b903e369f1c0,Laura,Phillips,Female,2007-08-02,(627)578-9348,nicolelee@example.org,900 Madeline Ranch Apt. 938,62682,2025-03-17T07:58:58
df8db157-03d0-4453-8d40-9bc9fdae2920,Debra,Leonard,Female,2024-04-13,547-533-2206,donna41@example.org,455 Brown Greens,44681,2022-08-21T22:56:31
0e80ea41-139c-42b0-8e8f-ed60d007fd07,Brian,Salinas,Male,2026-01-11,001-730-702-2900x77376,barry44@example.net,20369 Wells Key Apt. 802,80239,2024-04-03T04:03:57
506a8dd3-0b31-424f-8858-35db2e3b5fd6,Michelle,Watkins,Male,1961-01-22,+1-302-880-2132x6401,ntaylor@example.org,308 Laura Springs Suite 550,61892,2024-02-17T05:37:34
ff82bf84-3e86-4c14-a3f2-df80a7bbc612,Sharon,Coleman,Male,1969-08-07,+1-208-958-5001x76920,rachelstevens@example.net,085 Matthew Trail,74521,2022-12-30T22:12:20
a8575900-7a8c-4c36-a5d7-71639b2aeea6,Robert,Johnson,Male,2007-11-06,001-664-369-6243,josephrivers@example.net,5495 Glenn Points,81343,2025-02-26T16:34:48
f0390686-400d-483a-938d-800613a96a92,Eric,Jordan,Female,2002-05-15,(723)940-2879,rogerallen@example.net,9953 Joseph Streets Suite 689,53207,2023-11-14T15:55:53
d03c9c2c-bc37-49b1-b48b-9a8c7eb3aefc,Oscar,Wolf,Male,1965-03-18,(917)636-9654x03568,christinajones@example.net,43113 Natalie Course,19574,2025-01-19T14:34:45
718bf53a-3864-4f75-9bd7-b4b4ea440cc9,Charles,Oneal,Female,1985-04-27,8016792256,foxtiffany@example.com,488 Noah Route,99934,2024-08-23T15:24:28
8d28eef5-c7bb-4cf8-9def-5cc2f1015bfe,Vanessa,Williams,Male,2006-06-08,001-758-406-9843x49597,edwardevans@example.org,6277 Mariah Alley,72059,2024-08-20T03:25:09
e49a3cd9-86df-42bd-be84-455fa7553468,Brent,Wong,Male,1976-03-30,+1-835-853-8106,thompsonkrystal@example.com,32096 Michelle Roads Suite 879,20498,2025-04-23T16:00:55
1ab88733-80e1-4c41-8a9a-727fb2a12a55,Charles,Williamson,Male,2019-05-31,260-739-9898,craigholder@example.com,1922 Lee Underpass Suite 619,11938,2024-04-18T03:46:06
f358206d-b49b-41ef-a92c-6843e6824710,Laura,Larsen,Female,2007-06-12,358.227.3562x326,whitemelissa@example.org,442 Hines Creek,07926,2024-11-29T18:40:33
e97c0ea5-341c-4d10-9415-0ad9479fea14,Yvonne,Leonard,Male,1947-08-26,8903053709,manderson@example.org,29837 Fisher Extensions,22740,2021-11-15T06:37:17
4e107ed6-3b04-4707-855f-ecc6f9d71979,Steven,Chavez,Female,1945-09-01,+1-871-975-7628x379,sandra66@example.org,3733 Brandt Mountain Apt. 401,69479,2024-04-26T01:34:43
b993c041-5f54-4332-9f6c-6a8635f4ffba,Carl,Hanson,Female,2019-11-27,708-756-8861,laura51@example.net,9207 Perry Ranch,68696,2024-09-19T14:09:50
3c2fdb76-fa58-4a4b-892e-9fab24579251,Aimee,Macdonald,Female,1991-04-07,842.475.8466x23449,steveruiz@example.org,57081 Beth Fords Suite 342,77171,2023-07-20T16:00:14
f3fac150-7429-4f81-83a2-15ffa660604f,Robert,Lewis,Male,1956-08-23,688-451-8216,serranobrett@example.org,869 Moore Union Apt. 995,59649,2025-10-01T09:58:44
4532499e-08a4-4ec0-9619-68aa7fb866b2,Allison,Wilson,Male,1938-08-30,903-853-0484,tbriggs@example.org,64799 Cindy Haven Apt. 235,05235,2022-06-22T15:42:14
f710900b-d3c1-4e3f-8ce7-db3f625966cc,Ashley,Lee,Male,2020-09-19,802.939.2914,robinmckay@example.org,09621 Aguilar Shoal Suite 805,68375,2023-08-15T04:49:27
6249a586-9c18-4d49-9ac5-609e47729adf,Laura,Joseph,Female,2015-09-25,795-363-9386,ijohnson@example.net,129 Roy Square Apt. 821,13441,2025-09-29T08:16:45
71ab4711-6279-4a6e-a1f1-4c98dcdeadc8,Jeffrey,Yu,Male,1952-06-02,+1-461-636-5705x9482,vpierce@example.org,9393 Tara Rue,56997,2022-03-15T00:50:20
a8f0e3e0-2f36-4832-a11b-92ab34aababd,Marc,Williams,Male,1998-05-02,(466)871-6256,eadkins@example.net,5745 Dustin Row,17525,2025-04-19T16:46:13
0803ad31-4e1e-4f3d-a910-22b80d60e364,Joshua,Blair,Female,2022-02-05,(410)819-2370,garmstrong@example.net,7265 Shirley Route,94903,2025-02-13T16:15:58
e8f94c88-06a7-4b07-afed-e7bb5909b7d6,Melanie,Davis,Female,1963-12-28,(852)743-9435x68400,gjones@example.com,8149 Erin Underpass,69900,2024-06-21T00:53:46
d4022243-ec35-4b0c-9612-66fbe4a6bf51,Douglas,Harris,Female,1995-02-18,001-475-380-0662x2771,martinbrandon@example.com,21056 Michelle Crest Suite 164,48967,2022-12-05T03:44:22
376f6fff-9749-4088-80d9-78e7cf6c2143,Kelly,Davis,Female,1960-02-05,001-551-373-8417x50227,pricematthew@example.org,939 Diana Centers Apt. 324,08648,2024-11-27T12:41:42
9f1c9fd4-d449-4964-b9cd-213b5748218a,Anthony,Martin,Male,2026-05-10,921-287-8542,andrewvance@example.com,7463 Kathryn Highway Apt. 316,73506,2022-05-21T21:04:39
edb68854-baae-405c-8859-4dfb6d73dd1d,Anthony,Alexander,Female,1985-12-02,(675)332-0613,janetrodriguez@example.org,450 David Highway Suite 311,48777,2024-03-07T23:26:02
8da4afbe-1bf5-4332-8eb1-8cd30e9f52f7,Thomas,Austin,Male,2011-05-23,+1-766-243-9132x6145,lawrencestafford@example.org,5129 Denise Islands,71386,2024-06-27T08:15:46
499441c5-ad8f-4932-aeb6-87c3b8a6ebf6,Thomas,Lawson,Female,1959-03-02,(536)727-4225x85396,moorebeverly@example.net,557 Crystal Skyway,58945,2025-08-23T12:58:26
6c8073b7-76a8-4a27-88e6-1f32f01f333c,Lindsey,Chavez,Female,1980-04-02,(686)983-8432,edavis@example.com,3833 Johnson Pine,74995,2023-10-23T20:40:55
4295f5c9-84d7-4929-84dd-fe54917c4f11,Emily,Campbell,Male,1970-03-05,(287)917-4909x55298,freemansarah@example.com,21709 Daniel Tunnel Suite 864,79561,2025-04-25T10:19:25
fe1be3e9-bee1-4c65-b7a3-19c6619c4a06,Summer,Robbins,Female,1978-01-11,001-765-988-9492x1475,blevinssara@example.net,99264 Melissa Ridges Apt. 258,41489,2025-01-28T05:54:28
47dbf6a2-03e3-4f78-a85f-da5521c268f3,Mark,Chang,Female,1983-07-29,961-729-5401,samantha89@example.net,3702 Glenn Cape,46465,2022-06-27T12:17:56
ffb1c192-15e5-4e78-863e-9bb3f37296a2,William,Young,Male,2019-03-19,(933)900-3741x72714,williamsonalexander@example.net,58128 Williams Mission,76203,2024-10-07T01:06:52
923278bf-5668-4530-8bbb-2e9a8af53d42,Erica,Anderson,Male,1937-12-01,(342)663-6326,ygraham@example.org,371 Curtis Forges Suite 384,15477,2022-07-05T19:08:47
44cca057-5c98-48f4-8636-8d129d94813f,Scott,Martinez,Female,1992-02-27,001-938-215-1804x9637,tylerwilliams@example.net,00580 Yolanda Summit,21919,2023-08-04T07:07:09
c58536b7-cf6d-4a9d-a72d-0bf4c84d16c0,Richard,Edwards,Female,2011-05-01,7425850388,yruiz@example.org,5347 Zachary Lakes Apt. 141,69465,2024-06-30T02:30:28
a928a5b2-9185-4abd-8e90-ae4a1fd28b9e,Anthony,Douglas,Male,1971-01-04,001-471-988-3031x011,troy54@example.org,670 Fitzgerald Corner Suite 446,96285,2025-08-29T00:19:05
719d722f-2dc4-4065-98fb-d54243b76bf2,Kelly,Saunders,Male,2000-09-29,+1-476-718-5743x866,jacksonkelsey@example.com,81853 Desiree Greens Apt. 831,14183,2022-12-02T10:02:44
09791408-7768-4441-8245-59a5709de505,Daniel,Williams,Other,1982-09-25,282.694.1997x653,shawntaylor@example.com,39680 Chad Point Apt. 187,33811,2021-12-03T17:43:21
8e7de390-d825-4478-a343-21bf7aeee7df,Morgan,Doyle,Male,1970-11-01,001-422-207-3556,ginabooker@example.net,451 Cynthia Rapid Suite 847,82793,2024-09-28T06:35:53
145d2f7e-f057-412b-945e-b87f0eff6a6b,Erica,Gilmore,Male,1941-06-28,001-571-673-0215x601,nsullivan@example.net,7621 Desiree Estate Apt. 681,02221,2025-09-22T02:27:03
f40b0779-5064-4ae6-8d2b-b00b9c3e7d79,Kristen,Barnes,Male,1993-01-31,338-373-4357,lovekaitlyn@example.org,7047 Elizabeth Causeway Apt. 388,13180,2024-07-11T19:04:02
c96782fb-c417-4ebd-820c-be742e07a11f,Jay,Rosario,Male,1965-03-03,329.298.1876x322,hodgejessica@example.com,306 Gardner Turnpike,63763,2025-01-02T09:15:31
3a38204b-2091-4706-beb3-a98fde7a69b4,David,Miller,Female,2004-09-25,863-546-2771x4254,brettmartinez@example.net,25696 Davis Heights,51741,2025-07-26T18:39:00
a7ee2f23-9e31-4cfd-9f09-87e9259b5aea,Olivia,English,Male,1988-12-14,442-266-0533,jeffreycowan@example.org,615 Collins Fork,97618,2022-11-21T20:13:17
2f2b5e31-09db-40a9-a793-eb811d4c5eb7,David,Rice,Female,2023-08-09,001-418-946-2982x01072,currychristopher@example.com,878 Jeremy Oval Apt. 202,47461,2022-08-30T19:21:17
513cd464-9473-47cd-b0b8-1530dc4e557f,Traci,Hall,Male,1992-03-22,340-327-8656x07416,lindsaycompton@example.net,98553 Lisa Spring Suite 500,97045,2024-03-28T06:16:06
f3a2dc1d-0f91-4e97-ba5b-171cb7a4c108,Matthew,Chen,Female,1970-11-28,+1-680-519-3943,omccall@example.com,91593 Porter Fort Suite 946,40501,2023-02-15T08:21:05
0420521e-41e7-4bba-b9ac-1a4f42516974,Timothy,White,Female,1994-02-25,001-321-733-8796x0204,dawn30@example.org,646 David Circles,97773,2022-05-29T01:09:02
8a5a5d57-5a74-4a53-9972-c236db847c06,Amanda,Rios,Female,1966-02-04,001-210-490-6929x5124,boydcatherine@example.org,091 Kelsey Landing,25541,2022-01-30T21:35:55
1bf2235c-5987-41e6-bc15-17fc99bf88ed,Laurie,Hernandez,Male,2015-11-06,001-504-472-7003x1851,elizabeth05@example.org,46585 Cox Burg,23998,2025-04-10T20:41:11
13d3c726-82d3-4948-9cf9-8855719db54f,Justin,Gross,Male,1940-04-14,711-303-7408x6004,sherylmeadows@example.com,784 Stafford Forges Suite 610,76635,2025-01-24T12:08:37
d44260d2-5f11-4839-9203-7fc25366e938,Eduardo,Waters,Female,1973-08-14,352-787-9148x8134,gbarber@example.net,126 Burns Creek,51277,2024-06-14T11:20:53
6d2d7cb9-a452-4559-9246-d2a56a7cfd08,Travis,Jones,Female,1941-04-15,898.451.9218x043,cpatrick@example.com,3175 Jeffrey Bypass,26848,2024-11-10T12:26:27
9b622c0a-5398-4922-8652-62a224a0db6e,Sandra,Santiago,Female,1992-06-13,001-502-648-6966x357,lthomas@example.net,8241 Murphy Forest,18444,2024-02-22T04:48:28
e5bb7f3b-687b-43ce-b9a0-13be55c1a0d9,Kirsten,Mayo,Female,1973-10-05,5935942350,robertpreston@example.com,81623 Sandy Expressway Suite 078,83792,2025-04-19T02:20:31
4b47b715-f937-4fff-b146-56f1787ed06b,Erica,Hughes,Female,2016-12-08,400-287-2924,zharris@example.net,7392 Denise View Apt. 511,22455,2023-07-14T22:04:16
4a76a0ea-0b6b-4944-9e49-08c8290a42d2,Kimberly,Lowe,Female,1968-07-05,374-230-1719,vmorris@example.net,458 Christina Rest Suite 416,37665,2024-12-02T08:58:32
1b3206f0-0689-4b1c-975a-ae69e9707c9e,Chelsey,Cole,Female,1939-01-13,459-731-9426x02181,whensley@example.net,16780 Harris Junction,53042,2024-06-18T18:53:31
b73c91ca-82c3-492b-9027-b309cedb5488,Katherine,Walker,Female,2009-06-04,927-478-4016,wcollins@example.com,66262 Lopez Haven,71157,2023-10-03T12:13:41
b67cb2ac-94dc-4c97-8891-4d9982183bb9,Philip,Anderson,Male,2012-09-11,+1-882-211-2178x59012,lucasmoore@example.com,59914 Beasley Ramp Apt. 650,50012,2022-12-12T08:49:26
952aed00-d4aa-426d-a0fb-a34c3701a2fd,Kayla,Weiss,Male,1955-12-29,479.861.3578,schwartztiffany@example.net,94111 Rice Lights,84351,2025-09-10T04:05:28
c33a8761-618f-478a-a66b-4b6db9ec28ff,Latasha,Villegas,Unknown,2018-03-01,6942951680,benjamin92@example.net,7286 Wright Trail,37953,2023-04-09T02:18:45
f5687574-13ca-4eb6-b486-a2511414f827,Patricia,Hall,Female,1940-01-10,8476031941,jordan33@example.com,46708 Riggs Island Apt. 437,26445,2025-08-29T15:34:17
ff70abaa-80e5-4b3d-90be-35ee397e241d,Timothy,Barrett,Female,1980-05-12,(498)611-0474x8531,eleon@example.org,8813 Burton Forge,18322,2022-02-08T21:43:29
89f9c43e-6b07-4c79-bbe4-3aa78c58fff0,Amanda,Townsend,Female,1953-10-22,(341)450-7956x75769,garciamonica@example.net,2298 Samantha Tunnel,89675,2024-04-23T18:43:07
cc5732f2-871b-4b1f-a0e4-0a11d8fbfda5,Ricky,Watkins,Male,1979-08-13,+1-425-945-8728x1362,kowens@example.com,541 Nicole Crescent,58099,2024-04-06T11:59:52
8534bd76-8642-4a80-a8c1-2f2278ea904d,Joyce,Francis,Male,1956-08-24,283.963.6905,carlnelson@example.org,47463 White Glens,53394,2025-03-12T12:25:29
93432c76-d604-4e9f-b1ed-10f544e928ac,Crystal,Hughes,Male,1955-05-21,560-838-0807,cory33@example.org,4975 David Inlet Apt. 188,05783,2024-09-23T18:28:07
cc8ba760-3e3a-4dfc-9424-aae43e78af27,Nichole,Bradley,Female,2019-02-03,2142373574,hulleric@example.org,001 Brittany Stravenue,73742,2025-07-21T22:12:46
5097ce46-74b0-4243-bb1b-a7235ca9bc53,Susan,Williams,Female,1955-03-16,+1-782-800-5508,masonlisa@example.net,462 Jones Expressway Apt. 168,24288,2024-01-11T18:51:03
71ec02ad-3db5-48c9-b16d-3da71d8bf69b,Alexis,Lowe,Female,1946-11-30,(421)773-0027x1346,ambermitchell@example.com,2041 Karen Locks Apt. 330,83712,2025-07-31T01:33:55
14669189-5ca4-4e71-a8f0-e5f2e1568ad3,Stephen,Reyes,Male,2018-12-03,(200)387-2339x517,tara31@example.org,88198 Kimberly Haven,93061,2022-04-22T10:07:44
5cbf7ee6-ea25-4d83-9391-d18a8171d955,Michael,Hernandez,Female,1956-02-29,748-363-9877x156,gillbrandon@example.org,356 Norris Streets,20070,2022-02-20T10:53:03
c94b3a6f-72ef-417e-baf8-34f29aef9aec,Mark,Ramirez,Male,2014-02-06,983.352.7561,ashleystevens@example.net,2770 Miller Falls Suite 624,67354,2025-01-12T08:58:48
fc9b519a-d3a8-4c4f-93ec-156291c069ee,Shannon,Meyer,Male,2016-08-24,+1-435-772-5637x008,hermanjames@example.org,63365 Erica Tunnel Suite 777,31258,2022-10-18T15:22:42
e8c5a3b0-c6c5-4054-beb4-a52789a1321d,Diana,Martin,Male,1963-12-29,525-428-9660x6475,erin73@example.net,0793 Cook Track,66900,2024-04-22T22:24:25
9b050a6c-235d-4722-aa78-98aa95b2868b,Patricia,Wagner,Male,2009-06-30,001-255-805-9206x337,hwilliamson@example.org,85579 Gonzalez Drive Apt. 628,23825,2022-09-03T11:08:22
1e32e3e1-5058-4a4a-9771-3fff49714ec3,Anthony,Nichols,Male,2026-07-03,6354598871,mendezjesse@example.com,6604 Tran Glen Suite 328,35651,2024-11-02T21:05:19
25fd72f4-fbb6-4ff7-8149-61366bc822f4,Pamela,Lindsey,Female,1966-07-10,(978)284-7154x159,michelle41@example.org,3045 John Walks Suite 665,60394,2025-01-23T13:54:25
32b6f533-c5cc-4fb0-a1a6-2208a1f40627,Michelle,Simmons,Female,1961-02-17,(262)365-8596x256,hartscott@example.net,45988 Joshua Rapid,78933,2023-06-13T22:11:00
2ab18038-03f8-4c7b-b43d-e03ae05c1fb9,Megan,Griffin,Male,1991-09-12,943-929-0765x8244,ashley85@example.com,67814 Stuart Villages Suite 945,77849,2024-04-19T10:59:09
b61d1f43-8df8-4ff9-83f8-6f2d436c9e18,Edward,Kelley,Female,1982-10-03,+1-910-361-5343x366,andreaacosta@example.org,791 Lauren Pike,33779,2025-04-06T18:40:43
de94da10-205b-4db8-99da-d534be2badee,Tiffany,Mcdowell,Male,1976-11-29,879-846-5225,chelseathompson@example.net,53051 Gregory Branch,66160,2023-11-08T22:29:32
2abc4b2f-b0a6-4457-8620-5f4a6e718848,Maria,Nguyen,Unknown,1976-11-03,(462)723-0886x1589,alvarezjacob@example.org,752 Megan Lake Suite 965,76702,2022-08-28T22:32:09
8780d6ca-ddeb-48d4-83d0-4bac21e38238,Christopher,Guzman,Female,1998-06-29,8772574093,kevinjohnson@example.org,025 Thomas Light Suite 063,67800,2023-07-09T04:32:33
20a0c244-5ab7-48b2-ac1f-b2fce77d9bec,Sierra,Coleman,Male,1986-07-04,347.307.6703x1005,maciasgeorge@example.net,1386 Thomas Fork Apt. 586,45390,2023-04-21T11:28:56
4b1bbb3a-b644-4d24-bdce-ad918e93abd2,Amanda,Jones,Male,1953-07-25,948.555.0563x53067,charles07@example.org,94641 Lisa Viaduct Apt. 393,71826,2023-06-07T12:59:11
562e121f-e5fa-455d-9320-8f77e5bdbb3e,Jason,Brown,Female,2004-04-02,+1-358-825-9298x28122,byrdfrederick@example.net,29419 Cantrell Villages,00766,2024-10-01T13:17:54
b8e0c2e1-fe7f-4299-9b96-ee819ddb6fea,Adam,Mendoza,Male,2024-07-14,718-215-7750x41190,hmeyer@example.org,223 Ortiz Orchard Apt. 936,32913,2024-12-21T20:10:43
f32de530-5ade-40d4-abb4-8c9ebd1e9dd8,David,Humphrey,Male,2001-02-03,468.408.8882x39005,williammoore@example.com,256 Steve Orchard,53672,2025-05-01T10:13:31
bd9e5993-7323-4f23-a17e-34b068ac039c,Donald,Barnes,Female,2005-03-29,607-308-7371x1617,michaelwong@example.com,87803 Justin Springs,76762,2023-10-29T18:30:09
b33aa6b9-7a23-4f3c-81f6-028b4a0efbe5,Rebecca,Rodriguez,Male,1961-01-11,934.475.4800x29146,iblevins@example.net,16072 Jared Trail Suite 089,95992,2025-02-03T05:32:18
96ed4815-c415-4c73-b944-e4692ef6a152,Matthew,Hardy,Female,1941-04-18,+1-298-311-4900x1871,cynthiasimon@example.com,81828 Elizabeth Bridge Apt. 193,78741,2024-11-29T16:22:58
26fa466b-1573-4a73-8266-557cefc66c4c,Angela,Santos,Female,1937-08-24,+1-535-574-1231x57707,jonesvalerie@example.net,729 John Creek,96032,2021-12-10T06:05:59
ac852cc7-5eb0-4e6f-97d2-030097f31baf,Jeffrey,Davis,Female,1962-03-06,5988408630,elizabeth88@example.com,344 Samuel Plain Suite 861,91716,2024-10-14T00:09:55
2d3dab8a-7047-4d9d-9208-26b8611eb15c,Amanda,Wright,Female,1952-01-17,001-529-231-9826,matthewblevins@example.com,123 Davis Manors,52162,2021-12-05T18:15:12
c5e3be15-f1dc-4270-8780-2d60968c77f1,Jamie,Wright,Male,2012-08-17,390.458.8615x653,kennethrivera@example.com,014 Martinez Loop Apt. 077,92006,2022-02-07T00:04:00
0c5c9940-5753-4534-be48-7b1c4c1f088f,Franklin,Thompson,Female,1958-07-21,450.992.4487x372,pnewman@example.org,9005 Kathleen Manors Apt. 308,14104,2025-05-31T09:29:50
821b390c-946f-4f07-8673-173ae5b58f30,Ryan,Burns,Female,1953-02-21,001-908-409-6492x716,oandrews@example.com,539 Joseph Ferry,28427,2021-10-16T14:30:38
62524390-52a3-469d-8906-9da96d3b867c,Tanya,Kennedy,Male,1975-03-14,(373)531-6719x88466,joannataylor@example.com,918 Jessica Walks,71178,2024-11-11T16:46:15
0abc36fc-24a8-47a1-b419-78cd2daca88b,Christine,Rogers,Female,1987-06-27,392-854-5252x416,gmalone@example.com,95174 Sims Turnpike,70139,2022-11-25T06:07:13
bb21d347-fd3c-402a-a1e3-eda6bc106ec9,Allison,Jones,Male,1955-09-20,001-467-833-4416x8378,justin95@example.org,713 Anthony Flats Apt. 331,00531,2022-10-24T20:48:38
e12c6678-933c-4b76-873b-ccd484e6078f,Jason,Wright,Female,1967-05-20,001-561-591-3431x69173,michaelbrown@example.org,87763 Mark Via Apt. 776,00616,2022-03-09T11:01:04
2a6445d3-48e8-4f79-98eb-a4621976a39a,Jeremy,Preston,Male,2008-09-28,531-414-9060x467,robertsmith@example.org,105 Dawn Roads Suite 134,81275,2022-01-12T15:29:55
3940093a-705c-491e-bc94-28af461aef63,Sandra,Robbins,Female,2007-12-03,(355)714-6906,tammysharp@example.net,33172 Harris Ridge Suite 190,20227,2025-09-13T21:28:03
4269f091-eaed-4ed7-b06f-bb0f49d9bf73,Heidi,Taylor,Unknown,2024-06-01,833.248.4600,aarondavies@example.net,86499 Tyler Divide Suite 289,92018,2024-10-21T15:11:20
3b4f068e-ecad-422d-9b2a-a4e4c0e354e7,Andrea,Porter,Female,1988-11-10,8914894420,patrick29@example.org,56751 Love Mount,23655,2024-12-31T20:52:03
8d5a9549-34f3-4b8e-9891-e25c2418c7fd,Ronald,Jimenez,Female,2013-03-17,6443220976,leecameron@example.net,035 Renee Green,48086,2022-11-10T13:38:31
9930300a-0700-4af3-ab39-e995c13ed0d3,Ralph,Murphy,Female,1965-08-04,399.216.0373,staceydouglas@example.org,53777 Jack Throughway Apt. 085,42323,2023-03-20T13:29:28
89b4db80-8a32-484a-a401-461af5b92b3c,Kristopher,Jensen,Female,1937-06-23,518-910-7543x8709,ericray@example.net,93738 John Trafficway,73684,2024-07-31T17:27:03
d288b06a-d51f-43b1-bd05-8c0701b4cdfc,Jesus,Martinez,Male,1962-11-24,(579)203-3225,catherine10@example.org,5823 Emily Plaza,51158,2025-04-25T23:01:13
f2a83faa-f11a-41f5-8826-80f934010b60,Regina,Levy,Female,1938-06-11,(342)477-2594x7214,kjohnson@example.net,572 Cook Ridge,04002,2022-06-29T18:44:48
204d3f55-8559-4d77-b1e0-07b0bb6a3647,Victoria,Thornton,Female,1989-10-18,916.485.8084x891,xkey@example.com,814 Heather Flat,31864,2022-06-08T21:48:07
b75c3825-1c0f-487f-ab01-bba74b814a84,Kayla,Moore,Female,1947-09-18,001-317-510-7305x554,vasquezjoseph@example.com,13974 Michele Keys Apt. 270,96951,2024-08-05T16:04:28
e38d9fb0-71c4-47bc-9eb4-6d3bd84126ac,Travis,Green,Male,1966-07-28,(972)822-0390,umartin@example.com,179 Derrick Circle Apt. 514,47168,2025-07-16T23:10:35
230681aa-dd50-4d6b-963c-b5294357ac51,Andrea,Martinez,Unknown,1998-03-02,874-609-6168x62775,joshuahansen@example.org,251 Joseph Glen Suite 845,54446,2025-02-26T05:35:40
f7eba7e9-1dd0-4ec8-ab30-f1b1bb4c5947,Mary,Hawkins,Male,1938-07-29,+1-204-227-4998x61337,laura04@example.com,7363 Melissa Stream,88749,2025-02-23T00:49:09
38f1f1ab-cb17-4945-be88-f8e4143dbd6c,Kevin,Booth,Female,1960-10-28,2363671482,vbrewer@example.com,85777 Angela Station Apt. 341,54535,2022-12-27T19:22:29
55d8a81a-81ce-420e-a81f-45ff53bddb05,Ian,Martinez,Male,1983-03-28,+1-771-893-2844x3827,charlesruiz@example.net,6810 Kenneth Plains,99822,2022-04-30T23:05:09
ac0d8818-8349-4078-bc4b-2732a170920c,Patricia,Smith,Female,1960-06-23,507-689-5651x85166,michaelgreen@example.net,70528 Clark Brook Apt. 468,21772,2022-01-20T09:14:39
e46bf89a-5097-421a-b01c-ad4eb4f17ca9,Douglas,Walsh,Female,1963-10-10,+1-920-893-1738x80222,edgarmartin@example.net,31910 Ronald Run,48302,2022-12-24T10:07:15
b481acde-eeaf-4b56-99b6-5b6b6ef1d60c,David,Torres,Female,2003-03-23,001-461-864-7295x39384,brian88@example.com,4207 White Islands,49663,2024-10-30T01:45:47
8ee43f7f-d768-4657-b0bd-f7be51497675,Kathleen,Bullock,Female,1962-11-04,001-880-831-0621x309,frankvargas@example.com,470 Elizabeth Track,31765,2023-06-24T02:44:13
f2fda085-091f-43f3-a046-d4d3e0a8a8af,Jesus,Bell,Female,2003-02-14,+1-476-942-6493x90713,stephanie33@example.com,61050 Chung Green Apt. 684,40496,2022-08-26T09:07:29
961a9968-230a-47e5-bef4-33df020a5c40,Michael,Johnson,Male,1992-06-09,+1-283-285-8512x99065,cookdana@example.com,886 Holt Circle,78895,2023-03-26T05:44:46
3217f93c-ac60-42a4-b85f-a73df17316d5,Sarah,Bennett,Male,1983-08-23,001-883-549-9566,othompson@example.net,580 Sean Mews,48704,2024-06-25T16:51:53
2fe61a89-d059-4594-bc08-a96026c451fd,Sarah,Pittman,Female,2005-05-19,543.248.3834,scottjackson@example.net,543 Kimberly Squares Apt. 742,08383,2022-04-23T04:03:11
a2807710-32d5-4d87-a1bd-1db7485873c1,Elizabeth,Wang,Female,2009-08-14,(581)408-8438,carrillojade@example.org,19107 Lopez Orchard,73854,2024-05-24T08:55:39
b9291d34-db6e-40ba-842c-a512f369c683,Karen,Hooper,Female,2007-10-06,+1-747-681-5896,nicolewashington@example.net,0821 Courtney Rest,11363,2022-07-01T14:57:27
7d9def75-1138-48db-af2f-841100d190bd,Misty,Knight,Female,1957-11-07,001-331-907-8466x956,ryanfrank@example.org,88279 Sloan Valley Suite 139,85968,2024-08-03T12:40:12
09efa19b-2d98-4251-b5c1-f0273563559e,Scott,Mckenzie,Male,2021-07-11,770.667.5614x9048,elizabeth11@example.org,3540 Samuel Squares Apt. 748,69271,2022-02-26T08:53:43
a18af1fd-615a-4341-9d06-5ae84358ce3f,Brooke,Lamb,Female,1988-05-16,3768045650,andreafigueroa@example.net,731 Juarez Tunnel Suite 708,14001,2022-12-04T00:55:33
87cc4d1c-7bf6-42ad-9944-a69ca341441c,Gabriella,Howard,Female,2004-08-22,(537)783-8526,eugenehamilton@example.com,173 Brittany Club,93380,2024-06-04T00:38:33
d73794d5-4cd3-4406-a0bd-60442e18b22b,Tina,Jones,Male,1976-11-13,(480)803-6915x54260,rfoster@example.org,81933 Elizabeth Groves Apt. 474,51586,2023-03-01T10:54:40
7d7f2fed-7c2c-4385-ab00-764e4ac81bda,Christine,Arellano,Female,1964-12-28,363-681-2886,silvakevin@example.net,5749 Stevens Summit Apt. 880,87321,2025-01-15T17:15:10
8b1d2284-5b6c-4b7a-990c-2e2a6467e0c0,Isaac,Torres,Female,1972-08-28,7867991977,nicholas77@example.net,04909 Wendy River Suite 944,33461,2023-01-26T01:14:29
f681db3f-1cc4-4c62-b80b-d4cb18b666f8,Lori,Logan,Female,1944-03-27,(465)555-1971x718,leeandrew@example.com,527 Hopkins Via,64097,2025-01-31T14:57:14
6b6a838e-498a-4d9d-8391-59b8c145217f,Brandon,Martinez,Other,2023-04-27,001-285-440-2772x3489,gortega@example.net,892 Randolph Run,62890,2023-11-12T11:26:39
6cc3f8aa-a994-4d14-bf55-5c7d534d388e,Amber,Church,Male,1964-08-10,+1-663-864-5895,zrodriguez@example.org,4724 David Station,11097,2024-12-25T01:48:48
a91decb2-51a3-421b-b4d1-183f76f8ef17,Jeffery,Martinez,Male,1979-01-21,609-402-3075x04916,awilliams@example.net,3365 Torres Gardens Apt. 249,07200,2025-08-13T13:05:46
20c8667f-b46f-4145-a5e9-2e49b26c8876,Casey,Gibson,Female,2014-07-25,263.854.7040,brendataylor@example.net,82664 Moore Valley,24598,2024-05-27T05:31:00
dd2fb568-ce02-4728-9712-288a7bd64d37,Kristen,Mccoy,Female,1977-08-12,350-978-4902x965,imiller@example.org,00283 Patrick Lights Suite 238,14599,2022-05-02T07:28:17
076a16e7-3c1f-49aa-afed-c6c3697905ea,Sean,Cooper,Male,1977-11-02,508.882.4141,qgarza@example.com,464 Troy Gardens Apt. 674,65242,2024-06-06T03:31:39
d9da5f47-e3ca-40c4-b711-32b781eab1da,Melanie,Martin,Female,1987-10-06,+1-655-814-6124,william86@example.net,61352 Greer Drive,46608,2024-05-18T01:53:56
52bcb64d-c594-48c5-8ff0-18450f90cd63,Dakota,Rocha,Male,2025-11-01,833-397-4808x7700,kaylee34@example.com,9296 Wallace Dale,74643,2022-01-14T21:19:04
cf1ca021-6431-4fc2-a946-4f3f514f6fd9,Amy,Cisneros,Male,2007-01-12,243-576-6277x2864,fernandoparker@example.org,132 Jonathan Corners Apt. 883,19134,2023-01-03T15:30:59
0dfc73c1-e990-4f49-82bd-31c4660fdc40,Matthew,Thomas,Male,1988-09-05,662-884-0887x64749,candace59@example.net,06985 Cochran Walks,28463,2023-12-27T18:43:49
a2e25753-56ff-4b3e-b80c-fd3dba6a741c,Darin,Daugherty,Female,2007-11-01,549-623-3655x0815,clarkjennifer@example.com,50739 Charles Pike Apt. 651,98519,2025-05-16T04:19:53
38a7c678-68e9-48cf-b298-4bb64efa8dc3,Maurice,Henderson,Female,1964-01-12,970.470.3369x22494,adiaz@example.org,53545 Michael Ford Suite 228,04264,2024-04-06T08:18:15
c790b84c-34c9-43ae-8938-279c2aa20c1e,Jason,Diaz,Female,1947-01-19,910-658-7254x290,jeffreyacosta@example.net,5623 Brandi Prairie,81389,2022-06-02T23:53:50
9c5a342e-9d01-4d3c-b7df-9baff2a81e6e,Julie,Jones,Male,1943-01-28,+1-341-621-5068x4982,david29@example.com,66919 Jackson Loop,34178,2021-10-23T18:31:33
f34574ae-0519-48bf-8a2e-30d69adebcc2,Mark,Craig,Female,1954-04-30,626.855.0934x88271,fbrown@example.net,2974 Brown Club,23521,2024-08-15T20:06:02
c7ca7ddc-171a-4d35-a112-7927cd6aee30,Teresa,Hamilton,Female,1937-02-03,(606)455-8988x4069,charlesbarron@example.org,05970 George Roads Suite 245,17494,2025-07-27T03:01:14
c4196c8a-c44f-42a8-9a4a-96aee987cfb2,Shannon,Curry,Female,1994-11-03,206-250-8728,brittanynavarro@example.org,472 James Trail Suite 364,31360,2023-12-25T14:00:29
35e0edd6-84c6-4e4b-8c99-5e2da7a998ab,Meagan,Miller,Male,1941-01-21,001-532-925-6483x684,norriskeith@example.com,94510 Morgan Courts,61753,2024-11-17T23:08:55
d690efa9-2830-4ffa-bc37-337a32ccf39d,Timothy,Lucas,Female,1980-08-07,452.351.5656x1822,washingtonjames@example.com,339 Derek Summit,23124,2023-01-21T06:33:44
4a49ba1b-3ab5-49f1-b7c3-15a2dc16cbae,Patrick,Moore,Female,1951-12-02,001-781-510-0717x91707,wcastro@example.org,889 Marshall Rapids,63697,2024-06-25T22:08:02
69d445f3-54dd-428c-9fb6-98a5e9209b3a,Richard,Cox,Male,1942-07-03,001-256-575-3952x745,vlewis@example.org,3845 Wilson Views,50911,2025-05-25T02:13:52
037df82e-f0a4-4e8a-bfab-0c74bbbbcccc,James,Banks,Male,1943-04-25,+1-939-254-8324x9236,craigwhite@example.org,414 Chang Mission,53803,2021-12-16T08:59:26
86cc556b-f0bb-4e32-814f-a9be05209457,Gary,Macdonald,Male,1977-02-28,306.963.8177,hoganerin@example.org,1891 Weaver Neck Suite 713,16934,2025-06-27T06:12:18
0ad33361-7c22-4735-8a95-7c2e65df39cb,Isabella,Mckee,Male,1990-05-16,(292)889-2371,robinsondawn@example.net,258 Krystal Via Apt. 807,31061,2025-07-10T01:59:11
a1ad9f14-3ae1-4f9c-8634-e0e64d2ce796,Dennis,Zuniga,Female,2017-11-24,+1-807-214-8846,zmiller@example.org,056 Bennett Ridges Suite 742,27511,2024-08-07T16:47:22
bffa749e-45bf-42c3-88a5-ad033f4fa031,Adam,Odonnell,Male,1970-10-17,+1-363-696-0979x52552,juliebryant@example.com,59007 Brandon Roads,65818,2022-06-14T13:25:29
66979d0f-a7c0-4a59-a0bb-380bc8b7bcd0,William,Scott,Male,2003-01-08,562.280.5324,robertscolleen@example.com,719 Fletcher Mall Apt. 767,05139,2022-12-15T13:49:49
dcaaf6a5-451e-41db-a06a-46b2bd93183f,Tina,Carr,Male,1949-02-13,924.667.6581,jonathan48@example.com,531 Jones Villages,08811,2022-05-11T10:51:47
b417dee1-b8dc-4390-8127-8b8612ea7890,Latoya,West,Female,2011-09-25,349.658.6723x781,jenningscraig@example.com,406 Mark Squares,04693,2024-06-17T01:43:18
be1e70bc-03c6-4e18-8528-d3096a56587d,William,Hawkins,Female,1993-02-14,001-287-786-8953x5557,jamesgonzalez@example.net,7607 Ryan Plaza,99066,2022-07-10T05:23:20
187666ec-26df-4b57-ab41-eac79ad8e1cc,Christina,Torres,Female,1961-11-16,(583)346-9162x7308,deborahstrickland@example.net,1452 Riddle Curve Suite 194,10863,2022-02-07T09:49:07
d4db5496-31bc-49e6-a420-b22acae9250b,Hannah,Sanchez,Female,1962-12-01,583-845-2706x243,joel33@example.net,296 Lowe Hollow,56999,2022-07-21T13:37:01
6cd6cedf-52df-4152-88e6-cd4b4febaa0e,Tina,Perez,Female,1967-01-01,(521)569-5855x6390,william64@example.com,0057 Isabella Overpass,28517,2024-10-30T05:17:13
757ad703-4628-4fb8-8d59-f68e05ffa2f2,Donna,Carroll,Male,1953-04-21,407.595.1527x098,gibsontimothy@example.com,677 Mcdonald Ways Apt. 188,53870,2024-08-14T10:25:49
9381ebb3-a7f2-407e-b821-947c43a7320c,Melissa,Hawkins,Male,2021-12-23,(951)350-5893x50939,moonjuan@example.com,684 Greer Valleys Apt. 772,93432,2022-07-25T12:40:09
38e591c4-17d2-4fe7-adf5-fa4a4a8e9dd2,Christopher,Nelson,Other,1963-07-25,+1-674-975-1625,hannadustin@example.net,89998 Larry Key,90946,2022-07-10T06:02:19
48cff1da-7bbc-4b5d-874f-92058f9d7375,Cassandra,Hill,Female,1949-07-28,001-360-741-7684,westsamantha@example.org,626 Reed Pass Suite 410,15233,2025-08-19T21:02:19
61e5835e-3e9f-469a-81b0-1ca488800d17,Jessica,Jordan,Male,1958-07-17,(821)666-5487,zpeterson@example.net,596 Houston Haven,81116,2022-06-09T10:06:36
f392b60b-64c5-4e2d-ba41-348a7f3dadbd,Shawn,Wu,Male,1986-03-22,(422)754-7075x9835,apatel@example.com,259 Holmes Village Apt. 430,66748,2024-12-07T10:56:02
73c7fd75-1bb9-4499-b6ee-a1cf8becc264,Samuel,Bradley,Male,1977-02-28,774-327-9792,dthornton@example.net,91581 Simpson Hollow Suite 737,34150,2022-12-23T15:31:10
c56dbe29-65b8-438c-865f-5046f9a61744,Ernest,Cole,Male,1945-07-06,310.810.1007,christopherperez@example.org,6777 Charles Forks,29986,2024-07-30T22:40:24
1be40ba9-902a-4019-ba0f-fa865eaca15d,David,Brown,Female,1956-06-15,+1-470-839-6633,xthomas@example.org,2296 Miller Freeway Suite 280,55629,2024-07-19T11:49:07
a1420851-cf47-4d72-a4ce-3160551a7dcd,Christopher,Duncan,Other,1950-03-17,(286)861-2855x0294,karengordon@example.net,0425 Kirk Oval,35282,2023-07-05T15:20:03
352aa2af-2b54-47b7-8f96-2ff2186b6a71,Jared,Adams,Female,1997-09-03,635-937-4952x52560,tuckerchristopher@example.com,36618 Micheal Junction Suite 728,35247,2025-07-17T19:18:02
1579bc24-3ffd-48f1-97e9-afe27d6448b2,Christopher,Hudson,Male,1979-05-10,255.230.0198x36376,william45@example.com,0911 Davies Valley,81242,2025-01-03T19:20:31
85fde9e9-7938-41a9-968b-c80f9dd23036,Joshua,Paul,Female,2007-01-13,(732)687-1595,vrodriguez@example.net,701 Rose Plaza Apt. 109,03929,2024-10-15T10:34:56
0f163af8-3b80-4449-82b5-79c2910f445d,Caroline,Duran,Female,1977-06-07,937.406.1978,dawnbryant@example.com,336 Pacheco Corners Apt. 796,15670,2023-07-03T03:48:05
bd92232a-4fbb-431a-a96f-90744084a290,Janice,Ramos,Male,1986-12-25,515.971.8718x2017,amy54@example.com,90227 Kenneth Manors Suite 488,43317,2022-04-04T19:48:53
b062259e-524a-4652-8958-b354268e81b4,Amy,Bell,Female,1961-04-18,(936)921-3796x9311,lisajarvis@example.com,69347 Wright Squares Apt. 336,59955,2021-12-10T00:50:28
44a524d9-016d-46d9-9f15-e6676812a17c,Gary,Garcia,Female,1963-04-09,461.903.5233x1907,wilsonantonio@example.net,948 John Flat,53085,2022-01-19T05:24:47
7d1d3494-cb71-4efd-8ffa-1194c14a2a61,Adam,Payne,Female,1951-06-17,+1-762-326-0819x598,wtyler@example.com,4951 Joseph Rest Suite 982,60593,2025-03-04T17:46:53
3c5969c6-a6ea-4997-b5a0-2c0a5021d3fc,Melissa,Walker,Male,1964-01-19,676.883.2688x621,newtonandrew@example.net,82572 Bishop Mountain Suite 456,42587,2024-08-20T00:22:33
8e07d8fc-83b1-41ec-bba5-a5dfb5786277,William,Glover,Female,2015-08-03,001-560-933-5634,garrett36@example.net,174 Smith Forks Apt. 571,65020,2023-09-21T08:24:08
ebd5c149-14d8-40e6-bbaa-6e4afe25371b,Dylan,Gutierrez,Male,1987-02-09,+1-216-546-2205x615,jrichardson@example.org,393 Clinton Drive,50700,2025-03-16T09:56:06
209595a4-602c-4604-93d7-54d6b30269aa,Holly,Gonzalez,Female,1950-08-26,695.282.5222x9911,romanlisa@example.org,4346 Duarte Plain,85539,2022-04-20T10:47:13
1f19297e-bf86-4d63-851a-b93f297eef2f,William,Chandler,Male,1970-09-17,(256)737-9973,andreacooper@example.org,6865 Amy Brook Apt. 472,29245,2025-06-01T21:44:20
1d191f64-f8cf-414a-9ea7-e1ae7006a2c6,Frederick,Robinson,Male,2008-03-20,376.593.9980x682,vanessashepard@example.org,91593 Stephanie Highway Apt. 780,70087,2023-04-16T21:11:09
a04c57f6-2bb4-4157-bec4-69d86c9734c0,Andrew,Burke,Female,1942-11-06,+1-508-394-1572x2196,shepparddavid@example.org,85823 Morrison Plaza Suite 846,60851,2023-12-21T13:05:06
dfcc8eb4-bfbe-4892-a3ce-37db7cb8b49d,Joseph,Hammond,Female,2001-05-24,(717)598-2507,alejandrocarrillo@example.net,9373 Williams Shoals,26395,2024-11-04T11:21:59
1e19f010-4bf7-4012-825e-c446663f730d,Jesse,Howard,Male,1974-03-10,+1-265-636-5205x3905,william47@example.org,893 Lonnie Ridge,58505,2023-04-20T12:12:56
e15680e9-ec06-4d73-b84e-2f114b523dc2,Leslie,Kelly,Female,2021-03-23,221-428-6982,kelly00@example.org,0780 Kathleen Locks,11489,2023-06-28T06:43:11
e3b93a34-9d77-49b2-9287-e5f485c14181,Jennifer,Velez,Male,2025-04-01,001-313-618-4803x282,toddcherry@example.org,468 Beck Isle,14690,2025-08-24T21:26:16
4a4a5612-243a-4f53-aa7b-6a7ca674dd6b,Patrick,Lewis,Female,1949-07-22,4846656423,rebecca54@example.org,54542 Scott Locks,15318,2024-02-06T23:35:42
f3b5f7d7-9d2f-4794-8d85-334734579c7f,Melissa,Thomas,Female,1977-09-10,001-989-335-9985x1017,ramirezshane@example.com,793 Thompson Station Apt. 877,85957,2022-10-28T21:28:01
78dc340b-4051-491c-9ac1-ad6984f612df,Michael,Ward,Male,1936-12-30,249.836.4669x60174,jhenderson@example.org,2979 Mark Station Suite 309,97225,2022-02-01T11:04:33
bf2bf0e4-ed55-469f-9486-7db3efaaf791,Tracie,Crawford,Female,1996-08-24,+1-888-360-0939x1617,butlerjohn@example.com,1692 Diane Cliff Apt. 904,18930,2024-11-19T08:53:35
2a0b83f4-22a5-47cf-ad87-07d5da36a2b6,Corey,Klein,Female,2007-01-16,3174483836,robinsonsteve@example.com,3046 Stephanie Neck,40728,2023-09-20T15:55:37
515400a6-0283-443b-b94f-9276d4541573,Michael,Baker,Male,1963-04-18,676-505-4015x03539,aprilharding@example.com,495 Lewis Overpass,72418,2022-01-05T02:06:49
fe4995a4-112a-4ef5-b872-420e267d46e7,Stephen,Brock,Other,1944-12-10,(798)365-7317x998,samuel21@example.org,665 Ryan Loop,54361,2022-01-07T02:59:45
3303343c-300b-4e7b-b393-2fb84fd4c793,Christopher,Davidson,Female,1961-12-18,4633603048,taylorpatrick@example.net,927 Gomez Mill,78242,2021-10-29T11:57:44
183f36db-54be-47e0-b566-639489a8c57d,Denise,Mcclure,Male,1936-09-02,720.799.1521,cbaker@example.net,85532 Hector Light,33954,2022-11-22T12:35:31
1117f840-280d-4e22-982e-2afd77fc562b,Jenna,Gibbs,Male,1971-04-27,283-694-6695,ryandebbie@example.org,064 Andrea Ranch Apt. 274,27842,2023-04-21T16:39:34
584f218a-39dd-41e1-a222-c7758f24da7e,Angel,Harris,Female,1938-06-20,7308830040,matthewfox@example.com,5531 Mike Ridge Apt. 885,32807,2025-05-23T10:23:09
48c08457-464a-4a48-b150-e60ded8982c2,Jennifer,King,Female,1975-05-23,+1-759-300-7274,ariley@example.net,11440 Collins Isle Apt. 257,17481,2023-04-17T17:37:40
bab4eb77-959f-4841-ad19-312dde3b5a64,Brianna,Harmon,Male,1968-05-07,6007375299,alexandria75@example.org,2371 Steven Island,16051,2025-09-07T19:43:18
ef2ecdc9-673c-484b-8459-61729fdf4b1b,Carrie,Aguilar,Male,2020-05-27,+1-736-895-8416x35967,reedbradley@example.org,22848 Pope Ridges,31986,2021-11-14T20:53:56
33dcd09c-a8cc-4023-a43f-daf08a8016fe,Samantha,Hill,Male,2008-08-21,677.968.1032,hayespatricia@example.com,608 Dustin Isle Apt. 670,77832,2025-06-10T15:14:15
3768b54a-bb0c-486a-9a5c-a75227051d96,Francisco,Brewer,Male,1995-05-31,434.575.8916x197,gbeasley@example.org,2809 Perry Village,16853,2023-08-21T21:27:55
206faddb-1a31-487e-904c-01a1434fe133,Jose,West,Female,1936-12-11,(452)379-6124x2203,garcianicholas@example.com,76945 Troy Shore,26971,2021-10-29T15:49:40
6208c875-c41c-433d-a513-964e965a693e,Cheryl,Fisher,Male,1941-03-08,3409116458,hmckenzie@example.org,414 Rodney Tunnel,20556,2024-10-27T14:26:30
9ad28c4a-9798-439e-9a78-6fcac5a06501,Glenda,Mccoy,Male,1972-08-24,001-324-413-0389x773,dbailey@example.com,0631 Laura Islands Suite 511,75805,2023-09-30T08:55:49
9daac867-df0f-4a06-bcbd-6eebceab2f76,George,Lewis,Female,1995-08-25,+1-827-520-6551x94973,dthomas@example.org,38672 White Plains Apt. 187,91508,2021-11-26T03:47:24
00af085d-2b08-4fcd-b595-1ffd793130ce,Melissa,Mitchell,Female,1943-07-07,001-937-740-3476x334,stephanie93@example.org,69650 Angelica Extensions,87060,2021-11-05T00:44:28
edf6cca4-1761-41ce-b768-d6aafd34d21e,Logan,Crawford,Female,1943-08-28,6084676436,ashley51@example.net,106 Daniel Springs,43705,2024-03-16T06:43:30
79b8023d-2a31-49ba-a4b1-7e4525807a2c,Madison,Williams,Female,1999-10-17,530.216.2988x57744,wgomez@example.net,859 Jessica Crest Apt. 870,34478,2024-06-21T20:48:35
f84791e0-e55d-42af-93e9-e07052c64562,Michelle,Watson,Male,1952-10-10,001-358-670-9787x2235,harveyjennifer@example.com,19204 Robinson Course Suite 703,31068,2025-07-03T00:51:24
6ce763e1-708f-45a1-8ea6-e9bc82ff1dad,Nicole,Benson,Female,1942-12-22,664-256-7897x546,sarahjohnson@example.org,276 Robinson Mission Suite 998,40679,2022-10-22T19:26:56
c28fd8cb-8018-4536-8d74-764953bc20e0,Hector,Day,Male,1992-05-13,+1-794-979-0840,tclark@example.net,120 Christopher Prairie Apt. 491,53630,2024-10-21T23:08:42
c61f98b1-6097-4bc0-a4ab-d0358f65abf9,Debbie,Ryan,Male,2003-10-21,874-692-2200x84416,maria46@example.com,91554 Anderson Pines Apt. 467,30151,2024-11-09T02:07:12
d6b1ba8c-4fcf-4f89-9ae0-bb5a797763fe,Shannon,Curry,Female,1991-03-23,498.347.5088x246,ecook@example.org,831 Amy Summit,30511,2022-07-17T20:52:29
9afa3fb4-e21f-4167-9404-e49287db0168,Thomas,Lopez,Female,1945-04-23,001-875-651-3482x767,haystim@example.org,96397 Ramirez Overpass Apt. 993,51874,2025-07-29T09:43:31
a23ebe36-f20b-40c9-aa86-9922f4927b35,Raymond,Huffman,Female,1968-01-05,+1-540-895-0264x1872,hholden@example.com,9206 Jackson Turnpike,21450,2025-02-22T02:16:33
6fef2c5d-d702-4edd-a494-0bbdb61ae1b0,David,Williams,Female,1950-10-14,+1-516-468-0964x8603,jamesarmstrong@example.com,9083 Gregory Oval,05906,2024-01-05T16:44:16
4023539b-c9f9-4d37-b1f2-0ebf7d76c495,Alan,Compton,Female,1960-08-26,+1-586-502-0349x342,morrispatrick@example.net,10231 Laura Freeway,89778,2025-08-17T01:14:46
a6ef8273-6f77-4027-a656-cfbc8ed2de16,Amy,Smith,Male,2024-01-03,(291)493-6491x3364,brucemoore@example.com,02623 Teresa Locks,65171,2025-02-13T13:11:24
daf9ae1b-5d9d-4cbd-9dbb-3fa40679c4f2,Holly,Nguyen,Male,1968-01-27,(924)687-8485x6128,ruizralph@example.org,3554 Anthony Courts Apt. 738,78543,2024-05-09T07:18:45
6c905f13-ba7e-4b51-9892-e71aab87aea4,David,Ramirez,Male,1952-10-07,691-498-3913,davidlewis@example.com,84323 Lindsey Skyway,21018,2021-12-27T03:40:28
ebacd8e1-ff76-41bb-a054-dba18f4ea920,Christian,Winters,Female,1999-03-30,001-335-944-6259x74015,phillipsjason@example.com,251 Underwood Brook,73909,2022-10-17T05:56:24
eee5b33e-2dd3-4f8e-9fcb-f48261e8baa5,Matthew,Robinson,Female,1952-03-03,651-964-9876x7468,sullivankelli@example.org,145 Jodi Way Apt. 918,37577,2025-10-03T00:10:07
5c69ee49-712c-4126-b222-504f02bb6d94,Melissa,Frederick,Female,2005-11-28,(542)811-0702,chandlerlouis@example.org,645 Oliver Island,02855,2025-02-25T20:43:47
5415668e-4f75-43d1-9610-7189016ff44c,Anne,Roberts,Male,1949-07-23,681-386-4516x2510,dylanmcknight@example.com,4022 Melanie Springs,08542,2025-07-07T16:27:57
80b710a6-40f6-4fde-aa72-55845e6e187a,William,Wilson,Female,2015-04-20,(815)720-0091,upage@example.com,834 Hensley Passage Suite 127,58226,2024-07-01T15:39:27
a5b01639-0895-4db1-85e5-26e19b559178,Randy,White,Male,1944-08-15,001-806-378-8537x683,tfox@example.com,07693 Ford Island,39267,2024-12-12T12:28:31
fee8acf1-0b3e-4b6e-a5f6-98977a8e5e5c,Dylan,Johnson,Female,2014-05-25,+1-372-536-5878x46786,anthony22@example.com,90211 Rebecca Ways,95008,2025-04-14T16:15:05
0ea66dbf-a011-48d8-8630-419c40c71862,Katherine,Johnson,Other,1981-09-09,001-678-283-8502x740,tmoore@example.com,590 Michael Meadows Suite 096,37535,2023-06-26T05:04:31
b7d0c829-dcf9-4680-87ca-07d8d2c57940,Melanie,Weaver,Female,1956-05-10,(580)637-9417x4553,vincent14@example.org,4157 Alyssa Extensions,19023,2023-07-06T08:38:05
7458d92c-a1da-4c7a-9b88-26edff4a9185,Jose,Boyd,Female,1977-09-03,476.932.9424x74938,alee@example.org,43542 Mcclain Road,46421,2023-03-29T08:43:33
a5c5bce0-dffb-4c2d-bffb-ce287933ea49,Colleen,Powell,Female,2023-08-14,001-946-394-6833,reneebrown@example.net,58816 Reed Plains,12199,2023-11-30T10:54:45
5e99c568-09c7-4e3d-9a98-5b74ceb3c70f,Kenneth,Meadows,Male,2002-09-26,608-555-5407,amanda79@example.org,634 Melissa Locks,20167,2025-05-10T22:43:48
b4a4cb80-2737-4316-b69b-8391e4ee8f51,Sean,Gray,Female,1956-12-29,(379)391-1661x8983,gfowler@example.org,39260 White Mall Suite 887,01563,2024-03-05T11:59:50
1533fe82-21b3-4264-99d7-6878def42b39,Andrew,Joseph,Male,1940-11-04,+1-616-536-0052,michaelwilliams@example.org,215 Jackson Isle,13858,2022-01-09T23:39:10
71813890-0e59-4949-9e92-c0aed8868de4,Kristina,Lowery,Female,1967-01-18,(215)957-3279,cannoncody@example.com,33703 Caroline Circle,93113,2025-06-02T03:13:22
db9eb2e6-18f4-46dd-9071-ce940ff48fe8,Amber,Woodard,Female,2002-02-04,701-959-5591,espinozajason@example.org,408 Lisa Knolls,86941,2024-04-29T17:00:40
a7b4f9c8-31b5-4fb0-9a42-698bfbc053a8,Sharon,Faulkner,Female,1937-08-05,(241)493-3755x2155,hhendrix@example.org,719 Lawson Cliffs Apt. 413,04604,2023-08-16T10:42:14
ac0798c7-d657-4ecb-9529-885a0444c6f1,Jason,Powell,Female,2009-07-09,839.539.6304x46155,kacosta@example.com,25381 Moore Tunnel Suite 618,36837,2023-10-17T21:05:03
2b519424-b595-459d-a5d2-0eae5104da0c,Nicole,Carter,Female,1946-09-01,001-327-450-5036x0936,blakejones@example.com,0128 Lauren Mount Suite 212,11613,2022-05-20T07:10:03
5dc2fd9b-f1bd-457b-b8dd-dfc2963ba31c,Melissa,Harrison,Female,1973-01-13,(251)624-2673,lewisdebbie@example.org,461 Mitchell Lodge,96071,2024-05-16T08:51:19
6a97cbce-6736-49ef-aa1c-5dcaf0c7915e,Natalie,Barker,Female,2000-07-15,360-735-6966,raymond28@example.net,141 Catherine Drives Suite 565,58512,2022-03-13T19:57:44
316482fe-10a0-4260-8fbd-6062ab6d9aa8,Lori,Oliver,Female,2018-05-13,(887)690-1335x067,jamesmcknight@example.com,56787 Jones Hollow,17285,2023-10-01T00:50:01
44424098-ba9c-4e3d-a5c3-79458063fce4,Caroline,Tucker,Male,1942-03-08,715.574.2696x9344,bcross@example.com,81015 Andrade Lights,31464,2023-02-02T20:14:01
9bc88efe-4688-4612-8b64-e782718296af,Charles,Cook,Male,1980-09-21,423-442-2964,fishercarlos@example.com,0741 Smith Fall,29942,2023-12-30T05:18:12
a2a30071-2c47-451f-a8c4-b51a8166356c,Diamond,Valdez,Female,1981-10-24,928-375-8293x0420,wrightsarah@example.org,65390 Caitlin Islands,79187,2023-03-03T09:09:50
4fa87a65-00d3-4021-b0eb-453ed67df90d,Christine,Calderon,Male,2022-09-26,584.745.7055,reynoldsmatthew@example.org,6166 Peters Forest Suite 324,79601,2022-07-17T06:12:59
775c4f30-5769-4e2f-9e22-8ade59c67a52,Jennifer,Wright,Female,2009-06-13,692.750.0004x63671,lromero@example.com,06771 Smith Tunnel,10577,2023-07-19T05:01:20
ee265c95-90f1-47ee-960a-5654b2403468,Jennifer,Foster,Male,1953-02-22,(725)253-9831,harrisoncrystal@example.net,12042 Martin Pines Suite 737,42155,2023-06-10T05:05:07
2eb86221-172f-4d9b-ab02-c6611dc35362,William,Nelson,Female,2018-07-10,(825)412-1802x4051,nichole27@example.org,328 Ashley View Suite 660,20552,2024-12-12T09:24:03
a06a7de4-9755-428f-9147-c3ba2f875748,Jessica,Mckinney,Other,1999-10-16,001-302-931-4995,showard@example.com,0231 Moore Forges Apt. 983,14573,2024-09-27T11:22:58
02ac1c61-c9ea-45b9-ab59-97f2c447ee3f,Greg,Sanchez,Male,2010-11-05,+1-752-208-1197x97507,cassandra97@example.org,824 Newman Mews Suite 298,90718,2022-01-22T04:45:38
e09012d7-14ce-4f0f-b5d9-704d5fe12b57,Jeremy,Brady,Female,2020-01-05,505-835-7225x742,xdiaz@example.net,5204 Lisa Turnpike,60122,2024-03-27T13:57:24
ae4ed89f-d659-469f-8eca-d2663f29d615,Kathryn,Stewart,Female,1999-05-04,(601)210-8528x19465,jessicakramer@example.com,3709 Stacy Land,51066,2024-04-17T05:53:40
bf5628b9-30eb-4400-9d55-8095e6c75732,Debra,Thomas,Female,1978-07-13,+1-563-317-6167x414,steve81@example.net,260 Collins Rest Apt. 038,80833,2022-04-01T03:47:55
611a7d79-0da7-41fd-8f7c-149121fae8a0,Bobby,Hanson,Female,1974-09-09,367-695-9614x778,kingram@example.net,33052 Timothy Trail,48266,2024-06-19T06:51:03
90a67567-23f2-468f-876a-25332d91ac23,Amy,Randolph,Male,1956-08-31,(407)777-4821,kharmon@example.com,017 Stanley Lodge Apt. 878,44892,2025-06-26T19:22:23
45d62ecd-3030-47f4-95d4-999b39d88a14,Jacob,Travis,Female,2021-02-04,8678924819,jennifer92@example.org,23563 Christine Knolls,87612,2023-04-22T00:05:55
42650798-4b80-4fa6-bab1-fa122d5737a0,Carla,Tucker,Female,1939-11-28,(538)506-1733x9119,kevinschneider@example.net,68831 William Fall,87952,2024-11-11T07:36:53
5aeb5055-7d69-4580-97a8-510843b93b02,Erica,Roth,Female,2007-04-26,620.944.0834,jonathan68@example.net,392 Peter Overpass Apt. 348,73164,2022-03-16T09:29:59
85e620fe-a44e-43e1-85ba-136f594ed61a,Kristin,Collins,Male,2006-09-30,001-844-923-4223x893,romanjames@example.net,2605 Michael Expressway,43703,2022-02-16T01:40:07
2ba439e6-d4ec-494f-afe1-d845a18af249,Kristina,Mason,Male,1970-11-27,001-573-414-6825x70656,johnsonshawn@example.com,91479 Angela Key,67159,2024-12-31T22:08:33
27dc3b65-62bb-484c-95d1-2c70d5b07c12,Crystal,Ingram,Female,2012-06-16,(609)622-7172,derekanderson@example.net,9279 Rebecca Camp,07189,2023-03-28T17:32:41
6f110436-b3c2-4ec5-be66-c4fa35edff38,Renee,Lee,Male,1938-02-28,(456)230-2385x099,smithkristen@example.net,788 Ryan Island Apt. 918,58663,2024-09-25T08:36:51
49e785c7-cbd8-415e-ae98-b722cf97b016,Scott,Baker,Male,1954-12-14,3379703295,reeveselizabeth@example.com,9577 Larry Shores Apt. 215,83352,2023-07-29T22:27:14
8d366459-80f6-426c-b7ee-fd84b31c8349,James,Whitehead,Female,1969-10-04,439.812.6626x907,melissawilson@example.org,154 Wade Shoals Suite 452,86059,2024-06-06T18:26:55
8365d2cf-173b-4226-84d9-ea2dcb56eb48,Kimberly,Randall,Female,1962-01-28,764.368.3189x712,xwilcox@example.com,44409 Kristi Branch Apt. 327,02174,2023-11-26T09:22:52
42c6cc42-77ba-49f1-b7df-8dfb421a4d96,Jessica,Griffith,Male,1965-02-11,8073142447,bsawyer@example.net,8659 Jonathan Glen Suite 026,04227,2024-04-09T11:12:59
a190aa44-a888-4521-845c-10ea1d842e8f,Melinda,Heath,Male,1963-11-11,2486213347,jramirez@example.org,188 Scott Mission Suite 749,23146,2023-08-15T15:20:28
52af891a-9639-42b7-b79d-7db423caef2f,Holly,Rodriguez,Male,1968-10-18,(990)389-8415,kurttorres@example.org,8888 Michelle Ville,72745,2025-02-08T08:59:58
e6b9f3a3-96a0-4726-a886-a9fc60beb85d,Thomas,Green,Male,1938-02-28,(456)867-6840x93801,hsmith@example.net,4093 Suzanne Cliff,37696,2023-04-27T03:57:28
5bdfd4ce-a125-451b-9ac7-ea5bb387a11d,Debra,Johnson,Female,1943-07-09,+1-605-342-4310x701,denisehunter@example.net,81090 Frost Alley Apt. 273,07116,2023-08-16T17:12:22
79ba19db-6be1-410b-a8a3-df6e02059f80,John,Schroeder,Male,1968-12-11,(929)890-3948x11129,adrian72@example.org,58533 Natalie Island Suite 194,38194,2023-07-04T12:21:11
2fe68a52-19a7-461b-a729-b06fa5db8ca3,Samantha,Walton,Female,2009-09-02,830-210-0830,robertwalsh@example.com,61622 Whitney Ports,32703,2023-08-12T12:56:28
8bf9a66d-7782-483f-a9a9-b2d74e681465,Lauren,Long,Male,2013-10-10,499.287.4080,teresa25@example.com,8479 Julia Estates Suite 802,89841,2025-02-10T09:33:59
9dda4e36-cf29-4101-b062-dff6059167e1,Shawn,Martin,Male,1945-12-23,001-398-675-6225x67342,michellewoods@example.com,10577 Andrew Valleys Suite 824,29694,2021-12-18T02:45:43
bb1fdb98-6f5a-481a-b1ca-a64c93727484,Leroy,Becker,Male,2004-04-01,886-738-2543,arichardson@example.com,2692 Paul Points Suite 209,19281,2022-07-09T03:51:37
b92eefe0-40a8-4d6b-be5b-d4afd58757a3,Leah,Lucas,Male,1966-11-27,(705)579-7927x02372,maria32@example.org,7639 Ramirez Motorway,20062,2025-03-24T10:02:33
66b1f859-adb5-45e6-bb88-e4ef567f3096,Angelica,Hughes,Male,1951-04-13,667.896.7927x25998,millerthomas@example.net,2217 Kenneth Parks Suite 188,03559,2023-02-07T11:32:54
3bfb48d5-e09f-4e24-add2-4200f884195d,Anthony,Schmidt,Female,2009-03-09,+1-714-962-1894x179,alexandria18@example.com,9076 May Ridge,26486,2024-08-08T08:37:12
1b9c67e0-81c8-4e2b-ad48-6d9ae69f1f78,Ryan,Rodriguez,Male,1998-04-28,001-532-471-4583x9187,charles54@example.com,0764 Jeffrey Mountains,74750,2025-03-30T01:40:49
93d640cc-f438-4911-84f4-d74fc6299ca6,Charles,Franklin,Male,1977-01-10,+1-597-707-0454x821,gina97@example.net,935 Vincent Port Suite 125,43470,2023-03-22T08:53:31
2a983090-831f-4302-a9fd-9b08074f6459,Donna,Jefferson,Female,1961-02-12,346-832-8781,mariogrimes@example.net,913 Brown Walks,32313,2022-06-08T17:00:11
b297fa7f-f719-4e43-98cb-3cb4e2f7e7ea,Rhonda,Gonzalez,Female,1955-08-28,659.816.6107,karen39@example.net,61104 Morris Plain,23965,2024-05-27T23:19:34
9167adea-f8f1-466b-b395-1a4532ce6a3d,Sarah,Edwards,Female,2008-01-30,275.650.7181x0255,frankcarter@example.net,75556 Weiss Station Apt. 709,11557,2024-10-18T08:21:52
c9dfaf7c-5549-4107-a9d5-00dd21408672,Dawn,Jones,Female,1941-05-12,+1-746-209-4567,patricia30@example.org,95907 Phillips Well,91990,2024-11-10T15:15:48
caf91924-4f2c-4cfd-9724-5dacf8673a5b,Christopher,Woodard,Female,1961-09-07,(841)502-4640,tracey89@example.org,90251 Ashley Divide Suite 413,52080,2024-10-09T00:38:56
655fdaa5-756e-4fd6-989a-2b88cd2e6c8b,Christopher,Mcdonald,Male,1994-07-01,377.320.7832x48356,oramsey@example.org,38719 Zachary Trafficway Apt. 878,32255,2022-07-26T20:19:22
334dd7aa-25c1-4899-a89a-92c5003742ae,George,Dixon,Female,1991-06-27,377.930.6036,aprilsmith@example.net,7327 White Roads Apt. 095,07663,2024-05-29T05:02:55
2f4187bc-1493-494a-8eba-12da4d20d6cf,Robin,Lynn,Male,2016-06-14,+1-305-780-9870x791,maryking@example.org,4677 Oneill Course Apt. 821,77804,2022-03-17T15:25:21
b960df1f-1715-4d76-afc1-aaeb340ce8c9,Rebecca,Campbell,Male,2010-03-04,+1-802-208-9671x9191,hartmanpaul@example.net,3953 Melinda Extension Suite 086,45656,2023-12-04T02:39:28
c68e47b0-d87d-4947-8e2b-4d2caf496395,George,Miller,Male,1964-03-31,001-836-676-9519x491,deleondavid@example.com,8146 Goodwin Point Suite 375,06489,2023-09-20T06:35:16
1993edfe-583f-497d-a8c9-d68c7a3338e0,Andrew,Smith,Male,2006-10-07,(581)297-5992,robert88@example.com,312 Fernandez Shore,04051,2024-10-25T07:11:00
3665de1b-b2e3-4ad9-a4e0-4880afd13c73,Christy,Ruiz,Female,1960-07-31,6685814798,valdezkimberly@example.com,86880 David Summit Apt. 807,74562,2021-12-05T01:14:02
76a6e2e6-d4d3-4808-a054-a51cab1ead74,Michelle,Alexander,Female,1976-05-25,451.801.7516x76834,sanchezashley@example.org,41520 William Drive,75172,2025-10-01T02:52:38
63380b42-1887-4a69-aabd-37dac357a620,Ernest,Rivera,Male,1952-03-21,(821)830-4404x8874,harringtondebra@example.net,37677 Vernon Bypass,43178,2023-09-13T07:03:30
665ec4dd-222e-4711-af6d-5b4bc356dee2,Kristin,Gross,Female,1982-10-29,920-854-8374x69064,brian90@example.net,0833 Richards Drive Apt. 526,05846,2025-06-02T16:23:41
acbc63ed-d1dd-43e6-887f-70f0e5e4b935,Debra,Salinas,Female,1977-09-12,+1-716-622-0346x84389,egriffin@example.net,48057 Mark Parkway Suite 454,73400,2022-04-18T15:27:14
88bbc5bb-64d3-4090-98d0-fc616cb2170b,David,Sullivan,Male,1980-01-04,209.582.7290x892,websteramanda@example.org,8103 Michelle Ports Apt. 325,39215,2022-06-22T08:00:31
f860b58f-bd8c-432e-ab7d-09b27d01d706,William,Gill,Female,1976-07-20,+1-744-994-7661x4258,kevinbrown@example.com,24179 Thompson Heights Suite 092,06603,2022-10-15T15:16:33
2d9be542-9bc8-4ea5-a2b5-e74d38c0f0c3,Bryan,Miller,Female,2020-09-12,(922)885-0247x152,jeanettegray@example.net,98904 Williams Flat Suite 720,61190,2023-07-23T16:37:27
805f6a69-5700-48c1-9cbe-693e5e7f78d9,Barbara,Merritt,Female,1962-12-15,(889)922-2898x7832,walkerrichard@example.com,52859 Sandy Mall,47143,2024-04-22T09:02:01
65ef2c84-c06e-4481-9963-37aa9c4e1662,Kathleen,Mcclain,Female,1978-11-24,001-900-295-3984,tiffany70@example.net,405 Gina Prairie,35398,2022-01-23T18:47:24
7ffcb3fe-2359-4443-bae6-1863a5448d55,Bianca,Drake,Male,1974-03-08,889-529-7082x06808,kboyle@example.net,13071 Larson Estates,09722,2023-04-10T08:29:29
17c50a7c-6f76-4a77-8d4b-cdb2361352a0,Raymond,Johnson,Male,1983-07-24,(698)973-5269x0901,kenneth41@example.org,5633 Chapman View Apt. 235,53613,2024-05-21T08:36:12
26976497-6cfb-4acc-ae0c-5488a76f7d3c,Bonnie,Davis,Male,1942-10-25,310.472.6456x292,christopherlong@example.net,79627 John Groves Suite 827,86334,2023-12-12T21:59:40
7b0c036b-d23f-444f-acde-afcd63065765,Sean,Morris,Male,2009-08-02,+1-465-582-3630x62777,hernandezamanda@example.com,31165 Massey Land Apt. 226,64295,2024-03-03T06:30:19
2df4e387-6bf6-42f7-b47b-ffbaf5611747,Richard,Fuller,Male,2015-09-01,001-617-991-6469,millermario@example.com,862 Washington Field,46306,2025-05-10T18:35:27
1b3f0866-d590-42df-8470-f4aeaeadd1dc,Shawn,Cooper,Male,1965-11-24,001-662-318-3592,ymcdaniel@example.org,6818 Jeffrey Extensions,34208,2023-04-11T05:47:14
bb904dfe-afa1-4f17-98a6-41901527ed08,Steven,Evans,Male,2015-03-15,(729)920-6793,michaelguzman@example.com,3986 Howard Crest,02355,2023-06-11T06:17:09
ce9205ae-cdb5-482a-a78b-941fdcca9a71,Cody,Hamilton,Male,2012-04-15,001-644-594-1302,xschwartz@example.com,88227 Lewis Station,87783,2025-05-27T14:49:42
81c8d068-931e-4f89-a0f5-128d51abac77,Robert,Martin,Male,1944-06-04,(905)869-0764,oanderson@example.org,4846 Lee Plains Suite 830,88651,2024-09-25T00:02:07
a76090e7-7c73-4166-82f7-79797466b319,Christopher,Thomas,Female,1972-05-02,(433)345-3750,youngjoseph@example.com,32245 Webb Point,28391,2022-09-02T04:54:15
0df473bb-c577-43a5-ac26-257766d6089e,Rose,Vargas,Male,2000-10-31,7864382988,deborah67@example.net,11320 Tara Glen,20579,2023-06-23T03:49:03
1daf7374-a255-40ef-bdf7-f8f04236d2f9,Beth,Gomez,Female,1937-11-06,996-784-6873,amckenzie@example.net,3754 Hill Crossing,93426,2023-01-25T08:34:03
80871ba9-7344-4407-a880-81f9cd6b4aa0,Brandon,Holland,Male,1954-01-23,243-526-3509x26369,dkelley@example.com,3032 Wilson Squares Suite 383,20174,2023-09-16T07:04:57
d81b6bb7-55c6-48d6-b647-2ba8793a650c,Michael,Smith,Female,1995-12-30,+1-608-860-4429x7603,stanleyvincent@example.org,55631 Stewart Roads Apt. 041,68784,2023-05-27T23:31:03
2dc86df8-c916-4eb7-9c96-8b9b5d679515,Christopher,Johnson,Unknown,2001-05-08,+1-367-328-0950x4837,brittneymccarthy@example.com,47914 Beth Divide,44191,2024-11-25T08:49:20
decceaea-622b-4588-8275-da34881e40c6,Yvonne,Crawford,Female,1983-05-18,538-624-4429,jose62@example.com,7540 Steven Expressway Apt. 944,01090,2022-10-08T19:27:26
f2bd509b-564d-46b6-81c7-ea8b267fc6ec,Brandon,Greer,Female,1979-08-19,(594)521-4106x794,brianwalker@example.net,65232 Cody Estates,32872,2021-10-30T09:15:20
83d03e33-3296-44c0-8201-938b971444b7,Justin,Duffy,Female,1977-06-02,514-491-7179x2339,james81@example.com,203 Ward Harbor,15491,2024-12-01T16:43:26
6f54d2b9-747a-4ecd-9f48-d6faba45e0ff,Tina,Melendez,Male,1984-05-04,(389)911-6261,powersdonald@example.org,16888 Wilson Crest,53109,2022-08-17T12:16:30
de2e7abc-1f1d-4ed9-8a33-3eef481e67f3,Dylan,Garcia,Female,1977-01-02,+1-892-976-5160x35008,kenneth25@example.com,20384 Elizabeth Junctions Suite 097,36218,2025-03-28T21:04:25
996d9303-e3a0-40f1-8cd1-9e0c5dfa8933,Jimmy,Torres,Female,1998-05-28,+1-280-907-1921,kingchristine@example.net,386 Stephanie Way,34961,2022-06-06T12:31:10
accc8e70-5663-4490-acfa-d76f40987d5c,Erin,Shannon,Male,2013-06-27,6062954739,tmiller@example.net,898 Hill Cove,41485,2023-10-10T16:44:32
44698c04-8af1-40cb-8606-15bfd1b51519,Shawn,Little,Male,1963-05-22,+1-852-813-2910,tamara59@example.org,7573 Michael Loaf Apt. 104,63718,2025-09-22T02:11:32
725f875a-047c-4fe5-aac4-75a55b5cd6c5,Timothy,Patterson,Male,2001-12-15,(463)332-4827,cooktina@example.net,82601 Bell Bypass,12134,2023-04-25T15:40:41
1c974694-9884-476d-891e-11dfa2cfc32d,Heidi,Rivers,Male,1964-08-05,553.619.3486x47696,ramosdaniel@example.org,792 Alexis Plaza Suite 872,52221,2022-11-03T05:23:04
656e5170-bd1a-4704-8801-36fc095f6d43,David,Brady,Male,1952-02-26,001-374-536-2712,xgarcia@example.net,322 Riley Island,77229,2022-12-25T00:10:54
20451dbd-1835-489b-88f4-ca541584184b,Charles,Powell,Female,2024-05-15,721-356-9108,williamsonscott@example.com,496 Wilson Throughway Apt. 961,39121,2021-12-07T11:46:29
e489149f-6e5c-4ae7-be52-c22ca2070bf3,Jennifer,Torres,Male,1987-09-13,815.674.3671x52832,ryanaustin@example.org,4009 Jose Cove Suite 625,57290,2024-10-17T03:32:45
9e0383d4-b061-46ff-b541-82e8f8cb57ff,Tiffany,Moore,Male,1948-03-16,001-801-990-9459,jcox@example.net,7149 Lopez Mill Suite 845,63991,2022-12-24T04:51:55
eea90156-d5bd-4de2-a751-0ccfd358a5d7,Kristen,Green,Female,1952-06-17,(751)573-0717,virginia63@example.org,800 Katie Lights,98779,2024-12-27T19:39:54
0a677292-755a-4c3d-91ae-757c8607f228,Michael,Johnson,Male,2010-04-27,8995055895,leah38@example.com,47700 Zachary Stream,54011,2022-09-06T16:44:29
9bfe970a-2591-4ffa-89cd-33a65f6f83c5,Brandy,Johnson,Other,1963-08-15,(864)774-6821x22797,benjaminwashington@example.org,934 Hardy Harbor,57385,2023-02-14T01:21:45
19e32dbe-e1cd-4b70-8ffe-7547a347cf55,Gary,Sanchez,Male,1957-05-01,5805256133,ewood@example.com,40587 Lindsey Shoal,16439,2024-12-22T06:23:44
56784633-1429-4f31-b9b3-c0eefaf2be80,Jeffrey,Haynes,Female,1962-09-26,718-868-6742x4590,bryan50@example.com,43748 Gregory Roads Suite 453,67408,2024-07-10T21:35:04
6696dea0-6c2a-4b89-8d4e-f3fabfcff645,Aaron,James,Male,1977-01-14,(466)870-4057x18866,sarah95@example.org,252 Jack Lights Suite 191,89570,2022-07-08T15:09:32
b8ba61b8-41c1-4233-bf2c-1fd1f34ab83d,Drew,Gordon,Female,2023-08-25,(369)988-2643x02372,thompsonjohn@example.com,2235 Michele Summit Apt. 828,87502,2024-01-14T23:58:19
e98f8c8a-d63c-44c0-944b-e8bce2076595,James,Hudson,Male,1961-09-20,+1-676-203-2991,kaylacantrell@example.org,952 Cruz Port,80996,2025-08-28T10:30:37
92262ecf-310f-4eb5-8b2c-4e211dce0e8c,Logan,Wood,Male,1950-03-25,824.933.6571,benjaminyoung@example.com,17841 Randy Hills,85615,2024-01-09T09:14:31
8a063bf5-8398-48fc-9d96-bf5e4d9e9bb9,Matthew,Carroll,Female,1949-12-19,+1-931-830-3889x96559,mmcfarland@example.org,2036 Ross Bypass,05327,2025-09-10T12:19:10
0c8033f0-cc88-4185-b1ba-d5eb3e668eb8,Rachel,Combs,Male,2013-12-04,001-987-777-3564x484,kbrown@example.net,064 Delgado Green Suite 609,57091,2025-09-27T04:18:17
ef7b80f1-c2be-4bac-b717-f44b79112e22,Jonathan,Rice,Male,1970-02-20,545.915.6600x9775,amandalee@example.net,578 Barrett Plain,16725,2021-11-16T17:42:19
2f8aeb01-c73f-41d2-b059-5815bf32dbc5,Timothy,Chan,Male,2026-07-09,+1-763-986-9100,ifriedman@example.org,411 Stephenson Union Apt. 376,54928,2023-07-29T13:38:32
660f475f-9ac8-4b74-8bb5-c276abe377f3,Katrina,Marquez,Female,2015-06-26,867-422-4397,carmengrant@example.org,50238 Willie Highway,92259,2025-07-26T11:09:41
014b069c-45ce-4149-88f0-06a3ad9f0e53,Oscar,Roy,Male,1968-05-04,740.244.0112,ogill@example.com,7604 Elizabeth Spur,38469,2023-05-16T19:45:29
a83f18e2-6a11-415a-8834-777604cac3d1,Carlos,Herrera,Male,2011-05-05,001-704-213-3780x14355,joseph54@example.net,59864 Joshua Rapid Apt. 922,76859,2022-09-13T02:21:22
ca4e5cc5-995d-455b-b662-8c4e445d9a87,Renee,Shah,Other,1971-08-19,(664)287-5032x5941,terrence99@example.com,651 David Viaduct Apt. 151,13080,2023-02-10T10:34:56
398e1dc0-38a8-4b55-98de-abfe5172e4f0,Jason,Cox,Male,1961-05-21,(603)884-6757x4192,cheryl15@example.org,22290 Simpson Circle,22588,2022-06-17T02:10:52
9c83cfae-1050-4d65-b897-3d1553199080,Sylvia,Potter,Male,1945-08-28,+1-875-660-9337x732,ymills@example.org,28405 Cooper Drives Apt. 272,79414,2023-10-10T08:25:56
75ecc661-d3b4-41d1-9bfc-24bdb647d58d,Alex,Kennedy,Female,1990-01-18,991-633-1614x538,hhickman@example.com,992 Hill Center Apt. 642,60760,2025-03-29T21:12:37
8a9cfc8d-5429-479b-9861-0b0ba280760f,Erin,Davenport,Male,1993-06-01,414-253-7336x860,aaron25@example.org,5796 Stephens Pass,61706,2022-03-22T00:55:03
57cb9e5b-0337-4b0b-8ec2-9e07ee0c2303,Christine,Garcia,Male,1971-02-27,810-314-5061,bradley29@example.org,61449 Lyons Dale Apt. 027,60849,2023-04-29T21:46:12
26daf6d1-71c3-46be-9297-cb6658ab766f,Johnathan,Chandler,Male,1940-01-28,001-693-358-5227,eking@example.org,28185 Knox Course,51025,2025-09-11T20:37:25
8840e78a-35ec-4514-bfbc-cd75be1924aa,Jeremy,Jones,Female,1966-01-21,5107339970,bairdnathan@example.com,64213 Jensen Creek Suite 699,59409,2025-09-16T22:51:53
6726f5b4-4175-41f4-a3db-0deaac48ceaf,Christopher,Ward,Male,1940-06-17,+1-340-976-6979,samuelfoster@example.com,036 Schneider Fields,08539,2021-12-09T07:45:50
141fb001-f7bc-4c14-9241-9671da2fc99b,Rebecca,Austin,Female,1981-08-20,460-260-1548x272,jordanchristine@example.net,489 Kathryn Shoals Suite 467,47282,2022-07-16T09:23:12
15458478-5865-4721-bc25-7ff18fb30b07,Andrea,Ellis,Male,1974-05-30,(701)942-9699,ambertrujillo@example.com,81391 Johnson View,36831,2023-04-10T01:23:52
4dd516c8-5e83-44da-8793-5334fc20594e,Ryan,Davis,Male,1980-03-07,+1-440-918-9805x388,jasonmiller@example.net,7795 Eric Shore Suite 179,89316,2025-06-28T01:21:34
77a63918-acac-4f3b-b395-734b50b9ff30,Andrea,Baker,Male,1965-03-25,+1-898-621-0419x22450,ian41@example.com,28116 Cook Roads Apt. 220,78548,2024-09-18T11:12:03
9fcfd711-2aaf-4966-95be-6c8a9ff7007b,Jessica,Thompson,Male,1989-04-02,4767263274,imartinez@example.com,331 John Causeway,05797,2024-02-29T01:23:22
c3d31e5c-feee-4138-aa57-31f76e78cd59,David,English,Male,1986-01-16,+1-510-876-9381,brewercarrie@example.net,61857 Moore Park Apt. 758,91024,2022-02-11T19:06:43
be7a3168-8e72-417c-88ac-dcf8f92dedcd,Nicole,Obrien,Female,1940-12-21,915.548.5003x10827,hughesnorma@example.net,5634 Andre Brook Apt. 409,35318,2023-12-08T22:23:35
899fad03-ebd2-4573-a012-a24e3c168418,Sharon,Turner,Male,2008-05-28,001-947-731-9788,jamescooper@example.net,71175 Long Rue,77859,2023-04-23T15:33:44
1f9d4db1-d983-4adf-b2e5-cecf9b6c5494,Jason,Hernandez,Male,1947-06-29,851-630-2746,christina56@example.org,1434 Zachary Meadows Suite 192,92449,2025-08-19T22:53:57
1c526dd1-fdfc-4a9d-b618-187c37e2dc86,Karen,Manning,Female,1937-03-09,(799)757-2293,saramccarthy@example.net,536 Landry Viaduct,06133,2025-07-10T10:11:31
c451e562-28bb-4cfb-9d69-a5962dba333f,Juan,Smith,Female,1954-02-16,+1-938-454-5148x1814,davidgibbs@example.org,000 Steven Gateway,93019,2021-11-12T10:56:28
8cd1692d-66af-4249-ba98-f602bc059dfb,Andrea,Jones,Male,1972-10-31,825-738-3974,fmartinez@example.com,220 Lopez Garden Suite 483,02890,2024-07-25T15:47:15
e6847984-6b0d-481d-b7be-a260c053f253,Edward,Sanchez,Female,1941-02-23,001-330-252-7347,davidacosta@example.net,370 Burnett Union Suite 442,87857,2025-10-05T12:02:25
a159bef3-5cf9-4400-853f-777f51c46d6e,Rachel,Johnson,Male,1973-03-14,944-303-7103x795,amberjones@example.org,45811 Perry Isle Suite 927,06947,2024-01-12T03:29:39
a2145243-f5d2-4fc6-afd5-0018e27f7dc7,David,Gray,Female,1967-03-04,001-459-551-2366,qnelson@example.org,457 Fields Cliffs Suite 877,02861,2025-02-25T00:04:34
8852787c-891e-4aa2-8097-09fa5159b574,Leah,Walsh,Male,1940-12-06,(493)451-7412x6831,ericahart@example.org,835 Christopher Island,45224,2023-11-22T07:07:44
c1bf7df8-7ead-43bc-a76a-504cdbeb21e2,Samuel,Diaz,Male,1980-12-04,473-582-4843x5807,santosmichael@example.com,128 Christine Orchard,77211,2025-09-14T16:27:56
282f0aa6-730f-4b28-acaf-549ed37dcef3,Valerie,Frazier,Female,2022-03-15,920-551-7785x263,thomasmarvin@example.org,2315 Huang Cape,24703,2024-04-21T23:36:30
00dab7f8-49d5-482c-a669-f6792d78f04b,William,Miller,Female,1936-07-07,001-512-461-1337,garciaandrew@example.com,3044 Kirk Mission,49887,2024-08-12T16:06:08
a7fc1bad-76ca-4cbe-834f-b3a955849e58,Rachel,Taylor,Male,1953-05-01,226.209.1731,yolanda02@example.com,297 Kim Corners Suite 537,41347,2025-07-27T00:33:41
94853923-6223-433d-992b-b3bce8438f65,David,Hall,Female,1952-02-24,001-913-859-9227x1595,wpope@example.net,0362 Johnson Rest Suite 230,25039,2025-02-19T01:08:57
305a1bef-6909-43c4-ab13-b71df96846e7,Stephen,Strickland,Female,1947-08-28,001-443-710-0822x450,whiteapril@example.net,445 Joseph Throughway,32901,2022-03-19T18:54:10
9c15b25e-2379-450a-b964-afe69e6ea7d7,Amber,Dougherty,Female,1993-10-17,569-571-2444,zacharyrivera@example.com,627 Matthew Points,20784,2025-02-28T03:37:44
9211d6cc-997d-4ca9-949c-0766ffb88ef4,Felicia,Jennings,Female,1951-05-04,001-618-750-2177x03054,alexis45@example.org,8144 Green Fall,07022,2022-10-27T09:04:55
9c1cac23-5334-47f7-85d8-6c95f20b9199,Justin,Smith,Male,1977-03-05,4114349976,michael68@example.net,105 Richmond Haven Suite 894,82753,2022-08-03T14:42:46
af326af5-78cf-436a-a020-72d991be0c2a,Breanna,Mason,Male,2018-09-03,(785)238-7037,kolson@example.com,810 Darrell Mill,53562,2022-04-26T02:28:50
99f19675-be32-4a85-85d0-f23a5ecbb693,Gina,May,Female,2000-07-24,892.700.1091x94093,allencassandra@example.org,49294 Frey Union Suite 399,36187,2022-12-21T15:47:55
82e6e14d-8d53-4190-a3ab-bef5a7742626,Misty,Higgins,Female,2017-11-14,+1-878-504-8109x05654,mscott@example.net,4554 Robert Roads Suite 107,63390,2021-10-21T09:03:50
753057b9-2950-46e5-a9c7-eb29d9add9e0,David,West,Male,1946-07-20,912.334.4665x89123,zlopez@example.net,7841 Laura Creek Suite 611,80971,2024-09-11T07:21:48
78e00f78-2cda-40b2-bd43-c4fedfe91357,Jeremiah,Ramirez,Female,2008-07-05,263-370-0446x4198,susan64@example.org,19213 Bruce Creek,80406,2024-09-18T23:31:37
21f55aa5-529e-4da0-b325-2134ebdfeeb4,Brett,Burns,Male,1996-01-22,568-203-9075x611,jessica06@example.org,4917 Schwartz Lake Suite 468,10985,2025-02-05T21:50:50
93ddbda1-34fe-4da8-87e8-6429e4fa6417,Matthew,Yates,Male,1995-09-30,(896)825-8666x3049,schmidtrobyn@example.org,05306 Cunningham Parkway,45421,2023-12-02T18:23:42
71934177-9a6e-468d-af05-11973ebb65f1,Holly,Ellis,Unknown,1970-12-19,648-900-8302,yphillips@example.org,29883 Jeffery Meadow,16604,2023-07-04T07:13:08
761eb7e3-f909-446c-ad47-de92cbf80a9f,Scott,Chapman,Female,1938-07-02,611.477.5802x1883,careyamanda@example.com,31911 Clarke Rapid Apt. 110,30193,2022-03-26T21:03:00
d67f017d-9aa0-4078-8dbe-6de61c74cdfd,Pamela,Smith,Male,1958-09-28,(979)893-5701x7631,gonzalezphilip@example.net,601 Trujillo Trail,40273,2022-06-18T08:10:49
3eaf5f08-28c5-41e3-a8ac-4518eb8f54d8,Cassidy,Vaughan,Male,1988-08-08,(898)414-5105,joseph49@example.org,015 Braun Brooks Apt. 408,03780,2024-04-14T09:15:32
bfa4cfdd-01c3-4adc-91e1-2ee9f664b2b9,Brittany,Santana,Male,1954-05-24,+1-350-737-5450x58080,elizabeth51@example.com,347 Alvarez Lane,36892,2023-06-27T16:42:16
850f7bdc-ddf7-4263-a806-5678ad478200,Jeffrey,Mendoza,Unknown,1955-12-11,(274)651-7763,caleblam@example.org,41233 Thomas Forest,70489,2024-06-20T00:07:09
c8757d06-1203-4b06-a2a4-0afedcb71b1f,Jay,Sims,Male,1952-12-18,+1-585-351-5306x3377,suarezashley@example.net,281 William Views,40260,2021-11-19T22:58:55
898f3586-b74a-4db6-a223-afc0429146ca,Mary,Hoffman,Male,1993-07-26,925-911-7908x7577,kyle20@example.com,901 Michelle Viaduct,81616,2024-04-12T13:26:10
fd3cc9e3-a5a7-4595-9b62-d6d2c6cf07bf,Terri,Daniels,Female,1986-03-29,8912153227,kevinnelson@example.net,47245 Jones Roads,52670,2023-11-13T17:30:03
d3e7acd9-7b16-4453-b042-eb9e061285a7,Tanner,Rice,Female,1996-05-13,001-920-909-0154x6680,gregory55@example.org,16847 Kyle Knoll Suite 245,69076,2024-04-06T12:02:55
d40bf9dc-65fd-4412-8fc9-1b524affa0a0,Victor,Mcgee,Female,1948-10-12,+1-864-853-7573x942,williamscarol@example.com,305 Brianna Corners,86998,2024-09-30T10:03:19
664101fa-5d06-47cc-8a37-4f43c4cd8e19,Beth,Gonzalez,Female,1952-07-27,659.492.7114x7934,philipgutierrez@example.com,32361 Nicholson Passage Suite 141,78227,2025-09-27T21:36:20
70a6d78b-a64e-4384-a117-b86482f59390,Joshua,Hamilton,Male,1994-07-30,245-537-0752x2185,andrewjames@example.com,27376 Jorge Rest Apt. 291,63798,2024-05-05T15:18:47
d8d99ad8-255f-40b9-9a87-09bd1fc23099,Tiffany,Lawrence,Male,2010-04-17,001-808-983-9067,troysellers@example.org,871 Cannon Circles,06290,2022-04-23T23:51:11
caa78357-c0ea-4a67-946e-8ec2d3422e50,Brandon,Adams,Male,1979-04-21,+1-605-314-9922x8921,michael41@example.com,74705 William Key,54661,2025-09-29T01:24:31
a812cf1b-69b3-4bf2-9dd0-9e342b4088da,Kyle,Alexander,Male,1938-12-15,365-484-7514x2202,lindseyjanet@example.com,2657 Jones Vista,22279,2024-04-27T06:59:13
7b8b1581-cba9-4e23-be39-bf9be9b8b3ea,Stefanie,Castaneda,Male,1999-08-17,+1-700-328-5582x3238,hbrown@example.net,32717 Bowers Meadow,50400,2022-12-16T01:54:44
b197603c-a45c-4178-947c-903018dd3aea,Mary,Benton,Male,1964-04-29,623-209-7811x9454,yhall@example.org,612 Salinas Ports,69781,2022-08-02T20:37:19
c0a40088-7dd7-4c59-b586-74b5e631a9ee,James,Brown,Male,2017-10-09,767.977.6398,samuelortiz@example.com,41892 Kevin Roads Apt. 196,93869,2025-07-04T21:18:18
b06f0681-4b98-42c5-97aa-5681428f54aa,Frank,Norris,Male,2015-02-23,(584)925-0876,salazarvalerie@example.org,38928 Victor Pass,37030,2022-04-20T03:58:00
4207291e-b316-4953-b34b-da19c99156cc,Claudia,Gamble,Female,1938-12-28,001-324-851-9917x393,tgilmore@example.com,279 Ford Skyway Apt. 918,95743,2022-06-27T19:15:06
23d86a4f-c2e6-4c05-8926-8f85982c7129,Sarah,Mejia,Male,1975-07-02,+1-890-767-6533x63301,wwhite@example.com,6885 Jennifer Mews Apt. 614,67674,2022-04-01T23:56:46
e152dc3a-3894-4e06-86a4-093b49d693b1,Lawrence,Mann,Male,1969-09-17,702.225.1750x94221,olivia74@example.com,0098 Garcia Tunnel Apt. 880,98008,2025-09-17T12:13:27
4e8172da-4a8d-4853-b6bb-cd585cdb7eda,Devin,Mejia,Female,1973-05-12,6578779055,pachecologan@example.net,0588 Baker Gardens,30503,2025-08-09T13:09:35
4e0387ad-a246-4a52-9150-d9b22886825e,James,Watts,Male,1979-01-20,+1-459-848-8475x55413,mckenziemadison@example.com,2923 Deborah Lodge,09099,2024-09-21T23:40:39
278976c9-4b7d-4b08-ac5b-fe79709ad1ab,Cynthia,Hale,Female,1949-04-19,(627)227-7382x026,amcconnell@example.com,039 Graves Square Suite 200,02518,2021-10-17T23:20:52
9b81ce24-2582-4ca6-a0e8-dae1b1f0ed9b,Nancy,Harris,Male,1974-10-02,943-723-5355,daniel42@example.net,38337 William Tunnel,35601,2023-05-20T00:43:05
3a58d606-a302-4b2f-81de-ca4c625cade5,Alexander,Park,Male,1967-09-20,001-867-958-4576x9415,gnorton@example.org,711 George Rapid,66979,2023-11-21T18:27:03
25fb2421-4d8e-4fdb-954e-95fb362f7bc2,Carlos,Guzman,Female,1984-10-08,954-981-2443x22208,kelly29@example.com,7215 Alyssa Drive,15017,2022-11-06T17:36:53
82330e6e-b89c-46e9-9d39-b50542696d14,Michael,Church,Female,1940-08-07,+1-973-252-0006x333,colonbobby@example.com,31985 Juan Dam,02779,2025-03-04T14:21:19
7a1afd67-67e5-4f19-844e-2e8bff018ec6,Michael,Contreras,Female,1949-02-07,+1-674-918-5195,paul47@example.org,5098 Roman Skyway,85095,2022-01-24T20:08:43
a4d37418-581e-40ef-b8ef-6c712b9fff6a,Brian,Taylor,Male,2025-11-10,432.322.7477x20334,vazquezemily@example.org,9722 Moran Brooks Apt. 930,73913,2022-11-08T06:00:07
85f970f7-5075-47d1-8047-c7e1da44ae00,Jose,Ford,Male,1937-01-09,001-645-922-5361,spetersen@example.org,888 Andrew Club,49405,2023-01-10T12:24:35
a5fc00b5-7c39-415f-ad13-bac8dd8b6c69,John,Mitchell,Male,1936-04-26,324-334-5292x78632,chad33@example.net,834 Gabriela Path,93933,2022-11-25T11:14:04
7be75206-2ce6-4f9f-bb67-caba8675ec71,Stacey,Stewart,Female,2001-05-27,683-244-8345x9961,zacharyfigueroa@example.org,2102 Mendez Tunnel,69881,2024-05-07T15:06:35
1093a05b-f26b-4379-ab32-dc3a03a4bf4b,John,Richardson,Male,1987-08-17,655.805.7685x3443,hking@example.net,22596 Matthew Lock,12651,2023-01-18T20:25:06
266c3392-396c-4135-b4d8-8c514f2ed3eb,Thomas,Todd,Male,2005-10-18,(524)298-2677x5393,lewisemily@example.com,7911 Wall Drives Suite 647,82654,2022-11-07T04:06:34
1e9d8b00-ca0d-408e-ba90-2275c72bf2e8,Benjamin,Marquez,Female,1937-12-21,(961)261-8464x870,kkelley@example.com,522 David Meadow,85950,2022-07-19T07:19:21
91c4b8c6-7596-4b93-bfb0-b7b65b43ae1a,Cynthia,Baker,Female,1943-05-20,+1-291-604-6238x85065,cameroncruz@example.net,8693 Webb Garden,40869,2023-09-23T07:25:57
bf0aabdf-d708-4dc7-831f-9724e80368e2,Ashley,Mcbride,Female,1975-01-27,(590)809-4785x9911,apowell@example.net,333 Scott Lodge,16505,2025-03-16T18:42:56
e5ec276c-862c-4e66-89a5-c042c8786b08,Katherine,Lewis,Male,1996-05-24,674.461.8722x49795,alexandrathompson@example.com,7543 Michelle Island Apt. 685,98247,2022-11-11T00:29:20
08683cbf-aa0b-4687-9d12-4a2233d9014f,Michael,Davis,Male,2015-06-12,001-977-724-8303x759,jason41@example.org,29140 Shannon Extensions,77703,2022-01-20T08:08:39
81e60c4c-545b-49ba-b3b8-1fe4194d9447,Holly,Long,Male,1946-02-18,465-386-5346x93289,paulperez@example.net,2808 Washington Way Suite 401,62586,2022-07-14T05:31:26
d8bb254c-88e5-413a-b62f-197d8da40d27,Randy,Hayes,Female,1959-02-03,431.613.7495x966,donaldoconnor@example.com,995 Burnett Neck Suite 616,12635,2023-05-06T03:42:46
cc445778-f86e-42d6-9456-a858df63bcb2,Brian,Norton,Male,1951-07-11,+1-352-719-7245x67106,ayalastacey@example.org,8907 Dawn Ramp,90981,2025-04-10T10:01:44
3ea426b8-3f7b-46ec-85df-f8e291136499,Robyn,Cruz,Male,1970-02-26,001-344-274-6108x280,ryanjackson@example.com,929 Johnson Turnpike Apt. 982,02317,2025-01-14T02:47:57
efb38c42-b090-4da2-aec4-6bfebd4ba9cd,Monica,White,Female,1978-03-05,531-832-0471x3243,richardruiz@example.net,0604 Dawn Lights,09188,2022-06-23T06:17:19
b7a63ca5-b08c-447d-ba74-7c443ebe066c,Andrew,Buck,Male,1948-03-29,269.470.3394x454,timothybarnett@example.net,82180 Cassidy Glens Apt. 897,70495,2022-07-03T19:58:14
440910e2-9bf0-42e7-bab8-7bb60a4cb231,Ryan,Perez,Female,1951-04-10,001-552-228-8204x9776,perezkim@example.net,658 Wilson Locks Apt. 276,34127,2022-02-22T09:51:55
bbbbfd67-30a4-44b0-be3c-7c84176350f5,Barbara,Mccall,Female,2012-06-22,919-308-7813,esmith@example.net,051 Kyle Light,01637,2025-05-21T14:59:58
21eeba3d-e733-4344-a7f8-daa8104c9b6e,Taylor,Harris,Female,2025-08-17,385-695-9782,hernandezkyle@example.org,714 Nichole Isle Apt. 445,99664,2024-09-30T03:03:01
3e72e402-3a43-47a1-b52d-ed780f94db38,Robert,Gay,Female,2002-04-02,394.419.7703,fthomas@example.org,9517 Martinez Via Apt. 580,12134,2021-12-01T01:32:33
19283cfc-76da-4bc3-ba2f-2c5794ce23b7,Brian,Hudson,Female,1976-04-20,(766)776-8453x811,ctate@example.org,11962 Evelyn Mews,49297,2021-10-28T17:51:58
ca3e7f3a-51a0-433c-8d13-c33bc80aa7cf,Susan,Greene,Female,1999-11-10,728-684-9640,davidcabrera@example.com,649 Todd Fords Apt. 630,54076,2022-05-08T11:42:42
71203b7a-1dcc-4f24-ba71-ce7b3248f699,Sarah,Griffin,Male,1968-11-12,(892)620-1453,megan12@example.net,3644 Arnold Rest Apt. 247,72878,2023-04-10T00:31:33
96e15645-8ad8-4f05-9991-77b932888f78,John,Randolph,Male,1937-02-05,001-326-344-9760,torresrachel@example.com,02079 Mcgee Junctions Apt. 498,60390,2022-09-11T18:42:20
02754eca-91bf-403d-8cca-3dda7cbb2627,Gregory,Bowers,Female,1960-08-15,+1-916-852-0090x490,qtucker@example.org,7056 Peter Harbors Apt. 021,96461,2025-08-03T08:28:40
b850b440-1c8c-4498-a7ad-595bdc739cbc,Krista,Zavala,Female,2012-01-21,(442)836-4556x2542,wanda06@example.org,4167 April Prairie,40744,2023-03-21T21:05:07
96c49c44-31de-44f6-a483-39f7c7036a4c,Jay,Cox,Female,1954-04-17,+1-956-710-3691x6288,batesmary@example.com,062 Valdez Prairie Apt. 329,64594,2023-05-10T03:23:25
fe034a0e-74cd-473b-816b-44e19d4a305f,Julie,Navarro,Male,1954-02-09,001-610-869-7436,nvasquez@example.org,683 Kyle Way Apt. 181,25836,2022-04-10T11:30:44
454f6d2d-99f2-487c-a83c-3806c12adc55,Marcus,Diaz,Female,2013-04-06,574-428-8100x639,millerstephanie@example.com,0234 Gail Key Suite 594,45954,2024-11-28T14:45:24
7bb8373c-81dd-43ea-9421-b62c2d31317c,Carlos,Mcconnell,Female,1972-10-22,360.560.7713,kingjames@example.com,56337 Desiree Viaduct,43837,2024-11-16T03:59:10
43a29acd-4cb5-4736-a531-0be0f3914a36,Rebecca,Thompson,Female,2025-02-10,(967)850-3151x0300,ymoore@example.org,3272 Jennifer Crossroad,90687,2024-11-26T16:02:12
ad8716e1-4679-4c1e-9755-19cd3fbfe7eb,Anthony,Harris,Female,2020-01-02,612-447-4127x54365,nlawrence@example.net,0837 Cynthia Shore Suite 698,74311,2025-03-03T17:31:10
1c894d39-70a6-45fc-a03c-67ff4f0dc7bc,Michael,Velazquez,Other,1938-06-05,001-624-474-0100,aaronwilson@example.net,65443 Ritter Ports Apt. 965,31353,2024-06-01T06:24:54
01ab1df1-7cd2-4263-aea3-5df6f2193325,Samuel,Barnes,Male,1976-01-13,(923)341-7439,wolferin@example.org,39314 Justin Forest Apt. 885,26269,2024-12-29T16:50:45
7eebf539-7873-4a4e-8271-bbbaf96f4a1b,Kenneth,Barnes,Male,1940-05-14,757-879-4090,robinsontara@example.com,90768 Amy Courts,18267,2024-09-17T21:06:32
ac482af2-6e98-4798-82ac-0d6d10c88179,James,Rodriguez,Male,1946-07-31,836-397-9380,davismichael@example.com,6498 Graham Hills,99346,2025-08-18T12:45:23
57a99ae7-7175-4228-9cad-fda8ece027bb,Michelle,Palmer,Female,1971-12-30,821-831-7058x953,michael77@example.com,05030 Hess Creek,07503,2022-01-05T23:38:51
318f7980-2ec2-45a6-9293-23e289e10a5a,Julie,Jones,Female,1959-01-01,832-558-1396x33177,christophersims@example.net,468 Joanna Square,72225,2022-02-28T05:42:42
4ea4ae73-3695-4a61-bb57-6da7c34a4fa6,Barbara,Taylor,Female,1984-07-24,548-230-6217x3922,ezamora@example.com,241 Tracy Vista Apt. 848,55799,2024-06-24T22:27:50
78ccd788-87c8-4346-8434-228151ec8f30,William,Jones,Male,1970-11-22,691.345.2520x3193,michaelholmes@example.net,176 Jimenez Creek,83634,2025-02-22T02:37:45
35d5b119-9c09-40fe-ad74-03c64cd0d32e,Wendy,Guzman,Female,2020-12-05,740-459-1498x7355,erinwhite@example.com,53242 Sarah Underpass Apt. 069,07186,2023-06-22T17:58:57
31209ff4-2809-46a9-92e2-4a8e2793b627,Allison,Drake,Female,1943-06-08,650.390.3018x62028,madison28@example.org,872 Montgomery Ranch,22607,2023-10-14T06:23:20
286ef693-da34-4653-abf9-98adc92aeb0c,Philip,Schmitt,Female,1957-02-01,(549)940-8836x9563,savagekevin@example.org,5930 Mike Stream Apt. 384,84683,2022-11-13T20:51:00
84372286-f4ea-4fa5-935f-d8d22839d888,John,Beasley,Unknown,2026-09-09,(233)948-1416x7645,madams@example.com,7747 Erin Inlet Apt. 272,36923,2022-11-14T17:30:43
6aba8f0c-c9eb-4e3c-9860-f848a74b2973,Rachel,Martinez,Female,2019-12-11,+1-826-723-0813,robert75@example.com,540 Travis Walk,08224,2025-01-18T14:23:51
434a7e17-eece-45b3-ba8d-a12744f64bef,Nicole,Wilson,Male,1949-03-13,001-971-261-3249x0690,andersonemily@example.net,9894 Drake Shoal Suite 063,14384,2024-08-24T17:27:19
5eec2af4-4db9-4acb-959d-cbfadb326207,Michael,Reyes,Male,1953-07-29,953.823.3191x64467,carolynthomas@example.org,4212 Francisco Island Apt. 338,04008,2022-08-14T01:59:18
d4488069-5a9b-43f8-ba09-a484556ed0d1,Melanie,Underwood,Female,2017-03-01,(944)525-4662,hoodnicholas@example.com,245 Ellison Squares,01161,2022-12-01T13:17:54
903389b4-6ce0-42ef-8eda-31cc73200e30,Zachary,Murphy,Male,2002-06-23,484.708.8435x110,richard79@example.org,0908 Cline Avenue,95134,2021-12-26T01:49:03
f0a30219-c321-4788-8173-c12e6ac89d70,Michael,Nelson,Male,1935-10-31,457.462.7961x1286,ericporter@example.org,7789 Julie Via,63065,2023-07-17T05:08:38
a552abc6-5a86-403a-a8a6-50cef7fb68d5,Crystal,Henry,Female,1942-01-07,740.768.1740x638,loriparker@example.org,41177 Patricia Ramp Apt. 361,72172,2023-02-23T18:39:36
46327360-c45d-4c03-b4f6-b97ef998aaa1,Patrick,Faulkner,Male,1937-07-07,986-411-4516,aneal@example.com,63502 Dylan Circles Suite 223,46135,2023-01-13T16:07:44
a97c696b-3567-46ec-b3c4-3cd1b44f8e12,Amanda,Davidson,Female,1945-01-04,296-709-1447x853,rharvey@example.org,32834 Rodriguez Prairie,26880,2025-06-14T06:55:13
060fd3b6-5f9c-41f0-9522-1c404b77cf1c,Ronald,Jones,Male,1977-05-26,420.718.5654x53426,arojas@example.net,462 Peggy Hill,49964,2023-05-14T00:57:49
8edd8e22-5360-49db-a1e5-61bbca79bb30,Amy,Clark,Female,1953-11-05,+1-611-336-9314x2773,trevinonancy@example.org,13299 Mccormick Meadows Suite 934,55740,2024-02-09T07:15:44
9e1823a2-3708-4b7f-8c27-4beb330f4bae,Christopher,Sutton,Female,1982-02-16,+1-231-800-2298x396,melissa18@example.org,82244 Jennifer Harbors,40999,2024-12-14T19:10:50
130da476-1b59-42d2-8622-70cbdb3d419b,Sherry,Mitchell,Male,2015-10-24,798-846-3637,meganrussell@example.org,36211 Fernandez Loop,39189,2025-05-22T14:06:55
f105c2d8-7acc-4c3b-b90c-a4475352db34,Cynthia,Turner,Female,1999-08-15,001-572-987-9522x8736,lauraeverett@example.org,137 Gardner Lakes,73454,2025-10-07T03:43:02
f25b76a6-f89c-4ef6-b3b9-3ebe784983ff,David,Cameron,Male,1958-08-17,(534)423-6446x011,markdecker@example.org,51248 Salas Ridge,80098,2024-11-15T08:58:41
f5b0fa1c-b013-4951-a3db-2b6da8cfa238,Brett,Tanner,Female,2021-01-20,667.467.0869,cruzjoyce@example.org,710 Young Ford,96647,2022-02-27T18:01:23
fca7644d-47b7-4d17-bff5-ea797caebdfe,Paul,Nash,Female,2020-03-02,731.521.6913,katherineromero@example.net,7947 Paul Avenue Suite 006,72772,2025-03-09T20:47:14
0e5d8626-19f7-4775-8f2f-633b60013e38,Randall,Farmer,Female,1996-10-15,375.520.9064,pburns@example.net,4053 Chelsey Camp Suite 794,79604,2025-03-10T23:52:42
7028eb2d-5e94-42d6-89b3-889d46aaf714,Diane,Diaz,Female,1965-10-13,(282)443-4318x0213,ryan63@example.org,443 Williams Well Apt. 031,57559,2022-10-03T07:07:26
e17f5e53-2260-4be8-b8ca-903b1c6c8382,Patricia,Miranda,Female,2015-12-18,518-599-6184,vernonharris@example.org,300 Morales Via Apt. 356,87326,2023-10-16T01:39:03
bb81c774-c676-41b3-ba28-631653156a23,Dustin,Carter,Male,2008-05-13,398.389.2409,manningrichard@example.net,5309 Bell Fields,12822,2024-11-04T21:47:59
96fdad96-2681-45bb-9fbb-3a4326da916c,Shawn,Hall,Male,1941-04-10,277-269-8500x07359,xturner@example.org,66649 Shawn View,99664,2025-09-09T02:55:45
7031e2cd-1687-419b-8fd4-82783332d3ab,Alison,Williams,Male,1992-02-04,666.817.1878,george90@example.com,7820 Miller Ville,42829,2025-08-12T23:55:05
a9230810-c346-44f9-8bed-0104929ea405,Richard,Armstrong,Male,1998-12-20,763.567.0724x13344,egutierrez@example.com,6229 Jason Lakes Apt. 779,58792,2024-12-31T08:15:10
b087ab0e-4a9a-45f0-913b-3a4d87f16ab5,Katherine,Hartman,Male,2007-04-02,770.764.4913x20237,vlong@example.com,17219 Charles Parkway Apt. 962,11799,2023-08-13T01:41:01
dee7dad7-1168-4433-8518-8d4dc5a8646c,Matthew,Marquez,Female,1992-04-10,489.388.3375x76118,wadechristina@example.com,3825 Walker Glens,54037,2025-02-05T11:09:32
f50b1168-505f-4360-bd32-ebdab61e7c80,Phyllis,Schultz,Female,2016-02-23,600-954-0252x04579,cynthia16@example.org,72967 Scott Plains Suite 549,27779,2024-05-25T21:55:29
bf4d4bd8-7222-4838-85cf-dce6e7b4dcd3,Kari,Neal,Female,1974-10-28,477-524-3354x4844,mathisdean@example.net,852 Caldwell Gardens Suite 982,80486,2023-01-02T10:27:45
3a4962d1-77e4-4d33-923e-901f2f23cd0c,Dennis,Dixon,Male,2002-12-15,434-603-3597,timothywood@example.org,620 Susan Rest Apt. 598,32187,2022-11-10T04:09:15
f8b03457-ad7b-43c5-b2f0-b15c554047fe,Russell,Kerr,Female,1988-07-21,888-251-3930x2728,stevenshannon@example.org,4639 Rodney Ramp,89277,2024-12-09T11:20:12
eec432d0-bf66-4225-9a86-a2f5415f2099,Krista,Kelly,Male,1952-04-23,333-279-7430,jeffrey89@example.net,00908 Thomas Key,74997,2025-08-16T10:14:13
6d658f44-6928-4f38-a469-db2c1e8343bf,Steven,Thompson,Male,1990-06-14,353.571.7750,fclark@example.net,48650 Walker Forge Suite 140,60682,2022-06-29T09:22:32
d4e89dd0-0c4b-43d2-8c50-15cf7c81ed5a,Manuel,Galvan,Female,1970-02-18,+1-708-524-1699x5153,heathercollins@example.com,1384 Thomas Village Suite 411,73627,2025-07-27T16:03:05
5f9c041d-8323-44b5-bd59-3fa4e9b9339e,Joshua,Byrd,Male,1997-12-24,001-273-282-4877x53209,drodriguez@example.net,471 Morse Orchard,58544,2022-07-30T11:38:36
f5b4aee1-0836-4865-bee3-36076feccac2,Kyle,Williams,Female,1979-05-03,7626737068,cookcrystal@example.com,5373 Jamie Roads Apt. 289,34534,2022-02-09T21:45:55
89ef698a-ca46-439f-93ba-dc3ecc5bf684,Susan,Jensen,Female,2001-09-25,001-465-335-4748x8470,ikennedy@example.net,715 Elizabeth Run,13657,2024-12-28T09:57:17
112e1621-a266-430e-9570-cefc93271b56,Jacob,Woods,Female,1944-06-25,4703957146,hobbslauren@example.net,961 Adam Springs Suite 010,22190,2024-06-17T04:04:51
8eec22a4-f966-49c2-9796-b7b190b7f26f,Helen,Leonard,Female,1963-10-10,+1-915-665-0870x797,kenneth01@example.com,5934 Lin Lights,96803,2023-12-24T01:20:29
8374c273-cc70-4551-a881-5cd988219541,Edward,Griffin,Female,1991-01-10,(345)418-3079x365,vfrazier@example.net,544 Brandt Drive Suite 563,45803,2023-08-13T21:50:32
77ec2100-ec28-417a-92ec-c3bd16757d7e,Manuel,Nichols,Female,1974-04-23,505.920.9673,jamesmills@example.org,15569 Leah Ford,40021,2022-11-18T12:02:25
12b59aa4-c07d-4001-b0de-0010fe31f408,Joseph,Beasley,Female,1997-10-21,4337730522,johnpeters@example.org,0568 Ricky Fields,19747,2024-02-12T11:15:36
77391bee-46e0-4e7d-9158-71366e528655,David,Williams,Male,1998-04-02,3678200078,millerkristen@example.net,948 Taylor Station,19185,2024-03-22T02:33:44
26f6ed64-bd2a-42c4-be8d-b353e16b1b8c,Lawrence,Wilson,Female,1959-10-21,+1-815-492-1465x5826,sarah03@example.org,82392 Smith Trail,67175,2023-03-06T21:35:43
9341dd73-a5d8-4541-ae82-2ce612b1d17e,Julie,Krause,Male,1970-04-28,216.649.1344,hgonzalez@example.net,866 Hamilton Highway Suite 528,07519,2024-08-20T09:34:10
bd4d28c8-b14d-43b0-87f7-040b87184322,Anita,Edwards,Female,1971-01-03,324-776-8713,espinozahailey@example.com,294 Wright Mission Suite 272,18415,2024-04-26T07:43:01
66c67afa-057f-41df-a3af-85416eb194b8,Gregory,Becker,Female,1971-09-04,+1-286-283-0850x672,millerlisa@example.org,374 Tamara Port,21492,2024-11-14T06:26:53
63d3997f-d406-4625-9faa-218001a069a2,Jonathan,Robinson,Male,1935-12-03,(610)787-8704,christine66@example.org,387 Reynolds Tunnel,82347,2022-04-11T14:39:03
2686d5c6-6d59-4de7-9287-c72e39a8ab5e,Debra,Johnston,Male,1939-12-12,001-531-358-4256x14293,edwardscaitlyn@example.org,0159 Jacqueline Run Suite 285,85297,2024-08-08T03:59:40
c48d276c-acae-4af8-9599-b267390f516d,Veronica,Juarez,Male,1996-10-06,894.810.9772x97130,kmarshall@example.net,67599 Erica Estate,81925,2023-10-11T19:41:44
3348eda0-aa57-46e4-a753-297e752f524f,Linda,Miller,Female,1994-06-27,+1-308-377-6865x48662,tiffany82@example.com,3935 Miller Ramp,94071,2025-06-11T06:12:25
e4ab9bae-5aca-48f9-ace4-2aa5930e6549,Austin,Clark,Female,2021-05-09,577.255.7993x9683,jeffreyperez@example.net,09175 Jared Overpass Apt. 899,96964,2022-10-01T18:07:40
30584d20-2711-4b60-93ac-d71bde03a536,Adrian,Stone,Female,2002-11-14,(741)427-7815x75920,lopezcheryl@example.org,96125 Bradley Cliffs,53890,2023-09-19T09:05:18
19d45a55-2e7c-47b0-8ef8-a78734c5dd5b,Marissa,Daniels,Male,1952-04-28,001-889-807-8771x9858,brookskathleen@example.net,5059 Edwards Burg Apt. 765,65172,2023-12-08T23:39:13
0a199083-d83e-462a-b1ca-680c9a178669,Hannah,Schultz,Female,1988-06-16,001-999-679-3687x28788,pphillips@example.net,1894 Mathew Way,63964,2023-07-04T00:54:53
11bb797a-f464-431f-9938-949e8a426ff0,Joseph,Mccormick,Male,2001-04-17,819.961.5133x594,richard25@example.com,752 Palmer Harbor,62211,2022-07-29T01:35:30
a87da2af-3ae8-460a-adaf-ea5450b9e04a,Edgar,Bennett,Male,1963-05-10,(434)671-3791x511,swalker@example.org,7042 Elliott Track,25285,2022-02-12T21:17:32
fdb269e5-6c9d-4a26-a9cd-4d5c4d8cc9c6,Timothy,Herrera,Male,1936-02-14,833-881-5910,karl81@example.org,172 Gregory Dale Suite 596,05887,2022-04-20T15:17:41
c5b86c82-379c-441a-ab7d-2448efb18149,Justin,Yoder,Male,1943-07-21,489.852.0781,jesus35@example.com,1891 Chandler Trail,75423,2022-06-25T08:44:33
f1c35294-e61c-49a3-a0ac-db752326e3d0,John,Wilson,Male,2014-07-13,372.290.7058,simmonskevin@example.net,903 Eugene Falls Apt. 786,32694,2021-10-15T15:07:12
06822e13-6007-47be-b2b1-068ad58b5423,Daniel,White,Male,1945-12-13,+1-217-973-4884x9540,petersonjoshua@example.org,47441 Stephen Junction Apt. 920,54133,2025-04-26T15:38:39
3565c8a2-bd6a-4c56-9aac-1277be7301e9,William,Gould,Male,1942-06-29,552.877.6200x900,dfernandez@example.org,6449 Mary Pine Suite 627,48406,2025-01-11T01:43:55
32d9ec3e-6630-4af8-b044-9b5172624be8,Melissa,Davis,Male,2022-08-05,+1-838-844-6376,cindymiller@example.org,477 Martin Centers Suite 747,07262,2022-10-07T10:50:50
1fe9048d-d083-48b0-9718-79436168c4a8,Jack,Martinez,Male,1974-02-11,001-848-476-9647x683,xmarsh@example.com,1246 Bennett Junctions,33131,2023-03-30T21:27:17
940bb34d-e9cc-4dab-81b7-4f352cd3248d,Amanda,Clark,Female,2016-04-14,+1-402-254-0437x894,qross@example.net,362 Mendoza Route Suite 536,33129,2024-09-18T20:17:49
35aad597-c1b0-444b-a9b2-b32c1f27fa2c,David,Thomas,Male,1971-07-29,(358)605-5261,karenrobinson@example.com,5290 Johnson Loaf,82024,2025-06-30T21:19:39
5bbf785b-9ad7-4864-bd9a-b6d97d3635b9,Thomas,Holland,Female,1954-03-15,382-573-4009x55150,leondavid@example.net,80546 Ramirez Falls,56804,2024-04-17T19:20:58
35d80531-30e4-43e1-aa45-d1e9511f0533,Michael,Morris,Unknown,1980-05-08,959.564.9501x8538,nmccullough@example.com,8735 Steven Highway Apt. 970,80401,2025-07-13T11:20:45
7a5cd426-5c1f-4f7b-81c4-dda8ccbf1dfe,Andrew,Lewis,Male,1958-10-27,001-775-543-4539x72779,gloriasolomon@example.org,94697 Leah Trafficway Suite 637,06008,2023-09-16T05:07:38
04221bf2-74fa-4bdd-b1e4-c27a1cab87e2,Jennifer,Robinson,Male,1945-02-06,(606)418-2090x892,dserrano@example.net,73712 Amanda Freeway,76315,2022-03-17T19:43:52
f6295eb4-667a-4b91-ab86-08d1cdac6327,Linda,Smith,Female,1943-11-07,661-499-0505x366,rbaldwin@example.net,52299 Chavez Circles,52742,2021-12-26T05:10:38
4f5af64e-f21b-4a7f-9c42-adcf5acc616d,Christian,Brown,Female,1948-09-15,881-535-4823,ashleycorey@example.net,2598 Leah Rapid Suite 277,42842,2023-05-24T09:03:41
a6e997ae-d909-4489-b229-29b66f246189,James,Castillo,Male,1981-11-05,706-382-4634x5456,russell29@example.net,8533 Evans Shoal Apt. 257,59895,2024-05-24T16:52:20
a682c0fb-159e-4c9f-b382-c1aeffecc4eb,David,Elliott,Female,2015-03-04,970.986.4025,hoopermatthew@example.org,859 Davis Corner Suite 527,30454,2024-11-15T20:06:31
040ebf47-78ab-4513-a03d-b91863c279aa,Charles,Lopez,Female,1975-09-17,883.645.4211,robert16@example.org,39126 Ellis Path Suite 253,84704,2022-04-05T21:25:02
e5b77f49-a5b9-4c1a-bac8-f92f4653cbd3,Eric,Torres,Male,1948-09-08,417-914-8729,mjones@example.org,5988 Parker Expressway Apt. 129,74672,2024-03-20T13:52:13
2d675be3-3fbe-4756-98f0-2d4124074330,Wanda,Sparks,Female,1996-06-18,(269)373-1637x914,tammykim@example.com,46795 Butler Fords,12353,2025-05-07T10:31:46
23e57b50-27df-46e0-84c4-69b120c13845,Jason,Brown,Female,1944-09-28,623.264.2072,wgreen@example.com,7731 Shaun Walks Apt. 251,85221,2023-12-30T07:25:38
98a0db61-0fa9-4695-89fb-4d4bc3254bc3,Daniel,Rodriguez,Female,2016-03-26,+1-889-476-8991,jimmy38@example.net,16771 Park Square Apt. 921,09119,2021-10-31T20:31:04
4b079752-a934-49ae-bd66-c203ddc8ca37,Tammy,Raymond,Male,1962-12-31,+1-483-794-4238x96714,renee09@example.com,0886 Tonya Wells Apt. 073,61688,2024-12-05T20:04:33
6b5341c0-2850-4932-92c0-8ee46a35567d,Bonnie,Sanders,Male,2015-07-10,424-859-6898,amandadelacruz@example.com,29399 Matthew Walks Apt. 211,38795,2024-04-20T08:42:59
26c0df52-f71d-49c5-84c2-f2c4efb0ce3b,Makayla,Chandler,Female,1960-07-29,629-998-1194x412,aaronthomas@example.com,1744 Mcpherson Light,32240,2023-07-26T14:23:23
5d7518d4-2e7e-4cef-ab2d-d056cf711c2c,April,Willis,Female,1959-09-17,545-526-7889x553,hunter53@example.org,1788 Alex Stream,24429,2023-01-19T02:50:19
07acc717-2991-42e6-895b-c9171c01160c,Barbara,Adams,Female,2025-11-02,001-847-699-8288,tracy74@example.org,48137 Christine Square,20677,2024-03-05T11:16:34
5f88fe99-a014-4ab9-a755-e34c4e5a4392,Brandon,Stephenson,Female,2001-02-23,(513)378-7031,ogallegos@example.com,1804 Holmes Village,35302,2022-04-18T22:36:20
074a588f-5231-42a5-9f35-ba4043e2ecaf,Kelsey,Norman,Female,1995-04-07,+1-252-608-3581x92226,aaron56@example.org,642 Kyle Pass Apt. 335,68482,2025-06-29T10:10:38
7872d73f-e389-4caf-874b-927e54e28fa6,Sarah,Long,Male,1992-07-27,843-914-1819x5896,amorales@example.com,67726 Stacey Port,29210,2024-06-29T15:07:51
685c0862-e9e0-4d8d-a4f3-84efdf3d3d65,Kimberly,Burns,Male,1953-07-08,001-440-465-5967x27691,jose80@example.net,9785 Reed Lakes,03130,2024-04-30T16:57:48
b8f73fad-9937-4931-8333-59b960857b5f,Eric,Conner,Female,1940-04-17,+1-663-560-4144x9200,timothy92@example.net,63922 Lopez Plains Suite 853,35346,2024-05-03T10:56:17
59423395-03d3-41cf-99a1-2723287dff8e,Jane,Foley,Female,1973-06-30,635-829-6641,gtorres@example.org,568 Huff Islands,87247,2022-08-23T20:54:27
10fab909-fcfa-4e61-ab7d-71bc17956e87,Kyle,Delgado,Male,2024-11-22,001-914-839-9729x356,brad71@example.com,790 Lopez Green,66585,2023-06-16T10:47:13
6a4279c3-fbbe-4e9d-b6e5-1a1279c6c757,Douglas,Gonzalez,Female,2010-01-09,987.904.0610x29821,bhuff@example.net,4479 Marcia Mills Apt. 635,50912,2024-11-13T16:21:06
db5ed35a-2268-445f-b0bf-17838966f42b,Jessica,Williams,Female,2024-05-14,204-915-3659x049,diazeric@example.net,971 Burke Mountain,91421,2024-10-28T23:09:43
79eb1797-4fb9-4f37-802f-4aeea308f1ea,Timothy,Gay,Male,2016-06-01,+1-961-731-3710x910,jbuck@example.com,5024 Johnson Alley,67532,2023-02-09T20:15:02
52a80809-20d1-4fc0-81c1-aee2e7235658,Allison,Rhodes,Female,1953-08-09,893.746.5641x221,jesusharris@example.net,8541 April Mountains Apt. 305,90279,2022-09-14T03:09:54
ab1e5b37-9d15-444d-b4f7-bfdc5d96d459,Victoria,Mccann,Female,1967-04-04,+1-291-521-0494,deannaramirez@example.net,56256 Eric River,62039,2022-09-04T21:55:54
d4c2459b-bfac-4af7-be28-40a17a506f60,Lisa,Thompson,Female,1944-09-11,440.465.7561x673,gmarks@example.net,8411 Heather Bridge Apt. 332,79994,2023-05-02T05:45:52
83c59c14-3824-462b-a036-971a323fdf19,Kimberly,Keller,Male,1956-07-22,+1-278-381-9115x51925,amartinez@example.com,73592 Taylor Mountains Apt. 100,80605,2023-02-17T00:07:53
a8c1fb64-39bd-43ed-a481-2414f139dc4b,Mark,Johnson,Male,1974-11-13,+1-402-880-9956x736,woodsdanielle@example.org,516 Parker Loaf,34019,2022-02-19T15:25:21
4844cc49-6761-464e-b79e-e14018441abd,Erica,Keith,Female,1963-11-01,(279)872-7435x11319,joshuasmith@example.com,738 Tristan Passage,32490,2023-09-30T21:17:57
402bf495-39e9-46ef-bff1-80d21af03c73,Isaac,Wallace,Male,1942-12-14,247-821-0149x3800,bsmith@example.com,088 Rodriguez Fields Suite 105,81939,2025-07-19T04:30:53
b5e0bcbf-5420-4149-8d15-6c62a8cc6e3b,Denise,Schultz,Other,1939-09-21,(380)724-0195,wheelersherry@example.com,0637 Morton Stravenue Apt. 527,51293,2024-04-26T12:23:53
8453d803-8519-469e-973d-a9cbab196705,Nicole,Moore,Female,1946-05-24,5656436247,anthony10@example.org,342 Wendy Forge,48865,2023-04-23T11:20:36
e647bcfc-c288-4352-8448-2593e2327c25,Elizabeth,Davis,Male,1996-09-07,(687)735-0358x15535,dgonzales@example.com,798 Knapp Rue Apt. 255,47908,2025-10-05T21:45:13
252d3404-a944-45e0-9ff0-f8eb6c0990b6,James,Elliott,Female,2009-10-07,+1-796-669-0125x81605,steven65@example.com,9787 Duncan Fields Suite 920,81031,2023-09-19T00:00:00
bf78bad8-08c2-4d6f-99ca-a609ef438b80,Mallory,Thomas,Female,2020-08-03,001-204-834-9350x228,christopher63@example.com,77935 Stephens Gateway Apt. 709,01699,2025-04-13T04:20:45
cb505aa3-0c4a-4f81-a1c2-e70c629153bf,Crystal,Preston,Male,1977-02-10,+1-912-541-2804x895,longsteven@example.net,30752 Peterson Parkways,18188,2024-11-12T09:36:03
a277279b-2498-49f2-83aa-96d22ea2daec,Dean,Meyer,Male,1993-10-11,001-642-204-3362x214,hgarza@example.org,00786 Fuentes Falls Apt. 321,37251,2025-04-19T15:54:34
65924c9f-2971-4f1f-bce2-6218cb763127,John,Ward,Male,1981-03-20,219-582-2167x26325,lawrencewashington@example.com,098 Hood Manor,85671,2025-03-19T03:15:30
db90f232-7bdd-41b3-bb14-2917927446b6,Carol,Escobar,Male,2015-09-25,493.598.2802x5626,ksanders@example.net,5817 Park Villages Apt. 441,53218,2023-04-29T17:46:12
f88505f9-d126-4905-9e99-3ecda0f35470,Tina,Reyes,Female,1977-06-12,678-532-6249x914,joneslori@example.net,3647 Parker Garden Apt. 574,82714,2024-06-07T20:12:41
74047ec7-36ff-412d-be21-81fd73bd185b,Juan,Hart,Female,2022-04-30,001-223-533-6419x0937,cooperalec@example.net,1128 Gamble Lane,75420,2025-04-22T17:59:17
beb5ba0f-1e29-44f1-b09a-dc958bbec119,Stephen,Bowen,Male,1994-09-08,764.872.0817x22231,mturner@example.org,83184 Edwards Light,74798,2025-03-20T11:21:14
565c978a-ec83-44d7-83b5-ad03c4bd23eb,Susan,Campbell,Male,1985-09-21,001-382-926-4971x07142,mullinsdenise@example.com,94181 Gibson Manors,19139,2022-03-24T20:21:57
574aa942-415a-41ff-afb2-a0d7e47ca3af,William,Johnson,Female,1984-06-05,506.882.5753,jessica89@example.net,621 Olivia Corners Apt. 427,38941,2023-10-09T07:00:01
74d12024-8c84-4302-85a2-4d777cc34e98,Sarah,Austin,Female,1995-04-10,476.202.4932,tracy44@example.org,9156 William Fall,44090,2023-11-01T03:51:55
c3659e51-57a5-43b2-9b30-ddadab02e104,Mike,Calhoun,Female,1939-10-03,341-404-5242x784,debra45@example.org,997 Lisa Dam Suite 799,47815,2025-05-11T01:51:05
6d300e33-5d8c-4fea-882e-27a310287c78,Keith,Johnson,Female,1985-11-12,001-994-795-5723x25509,elijahnavarro@example.org,942 Dana Street Suite 257,65781,2024-06-15T20:17:40
1836a027-2050-4d45-8b16-f0a7f6fa16a1,Jodi,Cook,Male,1957-12-11,813-315-9866x674,mbradshaw@example.net,28886 Michael Inlet Apt. 023,33964,2022-04-24T12:15:38
1eca85b3-1c73-48e6-947f-fd35751a5b9a,Tammy,Huff,Female,1954-06-02,(399)617-2440,jhernandez@example.org,493 Larry Island,78388,2024-10-17T03:21:27
58fde70b-df91-47d5-a055-25c64bb3e035,Andrea,Garcia,Male,1948-08-29,(704)997-8134x618,michellemills@example.com,98579 Jackson Village,04124,2022-02-26T12:08:53
f086424a-fbfb-49f9-8da4-f9166fa87369,Richard,Wilson,Male,2015-07-27,001-810-906-5381,kristi89@example.com,8945 Alexis Motorway Suite 716,35777,2023-08-26T03:55:08
2ebfaf4c-8135-42e7-b8c0-0141ddf194d4,Stephanie,Smith,Male,1974-07-02,742-847-9939,raythomas@example.com,9495 Jeffrey Ports Apt. 914,29487,2022-10-04T04:26:42
82caa526-ffa0-41af-a2b8-45b7f0f5bdc1,Cody,Stuart,Male,1981-07-07,457.602.2678,jake70@example.net,4716 Joyce Meadows Suite 017,60964,2024-02-04T20:29:58
c6a22085-38cb-405e-ae3a-1f32d70b1463,Matthew,Shepard,Male,2002-01-03,242.415.6739x8526,anthonywilliams@example.com,292 Baker Spurs Suite 142,34383,2022-05-27T20:13:43
868c1005-5a9b-4519-be9d-d48cbbc0e8ed,Darren,Green,Female,1991-11-17,(818)882-2226x157,mitchellrhonda@example.net,25417 Stephanie Tunnel Suite 084,26587,2024-12-14T13:42:51
87d2e18f-dc24-4f84-9019-19b726da7a1c,Drew,Haynes,Female,1978-11-20,(331)295-3192,lhoffman@example.net,8171 Chavez Plains Apt. 530,34552,2025-09-11T12:56:50
8a19de1f-5cd7-4899-887c-edb9ccddd6b3,Megan,Glass,Male,1939-04-29,411-895-6958x065,knelson@example.com,34166 Anderson Bypass Apt. 707,53876,2024-09-21T10:42:14
2ab05af8-87e7-49e2-bf46-d9d3f2794e8b,Anthony,Wilson,Male,1995-12-10,(241)902-8563,hallrichard@example.org,019 Jones Mall Suite 772,06030,2023-05-12T10:32:10
a289499e-2a67-46d4-ae2e-7dd219a2a602,Crystal,Garza,Female,2006-03-19,3209761561,breed@example.org,4838 Jimenez Viaduct,03636,2022-01-23T07:56:31
ee3f0127-d7de-4f4d-b9ec-02ca9e4152f9,Daniel,Christensen,Female,1982-07-01,289-508-8155x780,kevinrose@example.com,8640 Brown Extension Apt. 246,92858,2022-07-20T12:34:39
f4836de8-f133-4e7d-8a73-483e26ecd1dc,Amanda,Kaiser,Female,1954-05-28,926-675-3490x86013,traceyhoffman@example.org,89971 Scott Prairie,57585,2024-03-22T12:42:38
0c858238-4746-4fb7-b3c3-2015dbb93bf6,Gabriella,Harding,Female,1942-02-04,+1-543-464-5507,wagnerrebecca@example.org,12743 Linda Canyon Apt. 404,04781,2024-06-03T03:56:29
63c81fb9-4be7-40a1-a69f-9a4af2eb0d5a,Timothy,Davis,Female,1944-12-05,248-384-2469,bryanweber@example.org,341 Brandon Shores Suite 411,25942,2025-03-16T09:54:44
79fee842-e4cc-4065-abd7-f764f8d592a7,Shari,Ware,Male,1953-06-03,442.286.4200x95296,icarpenter@example.com,48134 Kelly Union Suite 455,95355,2021-11-17T23:40:57
4ccc5afe-f02a-4956-b8b7-58b822d8c08b,Emily,Wood,Male,1999-06-02,676-601-4621,nicholas96@example.net,9140 Vargas Streets,24853,2024-02-27T07:25:18
ab09ec62-8e46-4d8b-b555-d6ee40571cf3,Raymond,Owens,Male,2013-04-29,500-362-5452x53121,kscott@example.com,81690 Ward Landing,80090,2024-09-24T02:53:13
980f6560-9cf5-40d9-bbc4-1107ec4d2550,Gary,Smith,Female,2005-03-12,784-667-4498,smithphillip@example.net,89680 Moss Shores Suite 632,05873,2023-06-15T02:06:04
23eaea4f-690e-4ee8-8152-caf60f29301d,Paul,Garza,Male,1990-07-10,+1-706-752-7538x363,reyespeter@example.net,936 Jennifer Branch Apt. 171,16899,2023-03-13T06:34:04
f8db37f6-c3bc-4ca7-a906-567dd28b829a,Alan,Gray,Female,1936-06-15,528.875.7548x3044,karen15@example.org,56219 Stephanie Gardens Suite 426,89655,2022-02-13T12:45:38
642830f3-3e12-4f2b-ba74-ed0bf36ee0b7,Todd,King,Female,1971-02-14,(988)727-6131,walshfrances@example.net,006 Alexander Camp,06860,2024-06-06T20:33:50
976710d7-6418-4dde-ab44-312aa565cd41,Jacob,Reynolds,Male,1969-10-30,231.832.2557,madison94@example.net,489 Collins Rapids,23137,2024-07-21T07:49:30
39ef20ea-120e-4c83-99b4-4b98d5969658,Rebecca,Foster,Other,1974-06-16,+1-383-383-0336x1925,zflores@example.com,162 Clay Fall,27777,2025-08-10T18:06:23
66c4ce9b-e483-44f1-a3f3-e5c546b636ea,Allison,Moore,Male,1965-12-11,6835639246,chelseyhardin@example.com,8870 Jonathan Mountain,31689,2024-02-24T03:13:04
ac1cfcfc-f1c0-46ba-95ff-7d9dbd5a0760,Jacqueline,Miranda,Male,2024-09-13,3976131747,bduncan@example.org,1946 Sean Flats,20830,2025-04-14T00:48:30
468538bc-ac17-4b47-a474-e10f718170c2,Lori,Montgomery,Female,2011-01-10,596.464.9126x044,robert44@example.com,88758 Brent Grove,40963,2024-09-22T04:06:00
85475ee1-1e06-496a-a302-7b2102c1c269,Denise,Shah,Male,1958-02-27,+1-623-281-9379x6508,olivermichael@example.net,9093 Richards Drive Apt. 854,03740,2023-08-18T02:03:15
9933ca27-a0e8-4f89-858b-61611a44cb3b,Thomas,Mahoney,Male,1988-11-24,+1-437-735-2734x3347,philip03@example.org,80568 Stephanie Pine,48802,2022-08-23T08:04:44
d27e5846-4c7f-4cd6-b032-97d2a911610c,Joseph,Krueger,Male,1996-12-27,844-349-1285x040,campbelldavid@example.net,56344 Kaitlin Station Suite 060,34010,2022-10-14T21:19:36
275759a0-7451-4c96-9c2b-4ca9be2f7685,Jessica,Alvarez,Male,1955-09-13,001-221-871-7219x305,kbell@example.net,6673 Villarreal Square,02455,2024-04-30T13:00:39
b8525de3-e916-4e82-8116-8b7efa9f4841,Jennifer,Garrison,Male,1938-04-28,377-994-1696x767,mbryant@example.net,7976 Courtney Squares Apt. 673,57016,2022-10-24T12:26:05
0a7d1de0-fcea-486b-b311-a3a145a88731,James,Young,Male,1974-10-01,889-720-9144,gwilson@example.com,02754 Kayla Shore,71605,2023-11-16T01:38:37
a07c68c2-1ce2-4c5b-8165-53a1e4203a34,Jeff,Ferguson,Male,1986-02-13,+1-384-765-2865x1584,cameron51@example.com,13530 Jennifer Court,32998,2022-03-16T21:41:45
b5b2e008-e051-4aaa-ab1f-eecd95c127e6,John,Rivas,Female,1973-12-30,(792)269-6201x20282,morgancynthia@example.com,969 Chaney Vista Suite 420,52681,2023-09-13T10:56:34
4a85fbd1-c22a-4772-bcbf-f645cb61716c,Jennifer,Perez,Male,1984-04-28,727-361-2863,orios@example.com,5684 Ashlee Ferry,68390,2025-08-08T22:48:08
bb5493e6-ff63-4fac-96ac-b78e1a617efe,Martha,Mcclure,Female,1983-05-23,(455)535-5396x977,lauraprice@example.org,347 Stacey Burg,16937,2023-02-24T22:46:21
3dc559fc-5cd0-494c-9d76-3717995b2485,James,Scott,Female,2023-12-16,(489)459-6089x53877,grant88@example.net,70801 Scott Neck Suite 150,58602,2022-06-02T22:40:59
b39bfeb6-d632-419d-be99-a2c2aa3794fb,Nathan,Atkins,Other,2003-01-03,340.343.9684x7031,taramendez@example.org,514 Adam Prairie Apt. 286,80562,2022-06-21T20:33:21
1aedbcfd-a357-44ea-8e80-c78a6bf2d5d9,Kathy,Mendoza,Female,1988-11-09,+1-814-353-5905x50424,rjarvis@example.net,9602 Montgomery Mountain,52297,2022-09-21T07:28:57
bb815c56-b95b-4efe-97a2-9c6c47bb6bb0,Ronald,Cross,Male,1998-09-27,(937)447-8432,zjimenez@example.org,890 Adam Crescent Apt. 654,99709,2024-01-25T22:52:55
542e2e6a-8200-4972-a3e8-6f41406d7f7c,Alicia,Holland,Male,1984-09-16,001-715-996-3089,njones@example.net,055 Alexis Bypass Apt. 005,37165,2025-08-25T20:38:05
5b4e279b-fbab-407a-8051-dbdad61782cb,Amy,Lewis,Male,1941-11-14,001-530-552-3263x5644,dburns@example.org,141 Boyd Course Apt. 431,17839,2023-09-08T23:38:30
7c4cec7d-ce55-454e-b68d-6f3819e3b84f,Mark,Diaz,Male,1997-08-28,(467)993-7706x661,kgriffith@example.net,38545 Murphy Mountain Suite 514,74510,2023-01-02T10:50:27
6f0b5b2b-9751-4f49-b8ac-e4867eb6c0a9,Janet,Baldwin,Female,1995-02-14,001-380-510-4674x57719,walterkrueger@example.net,8848 Price Union,84188,2025-03-15T16:02:50
d385d453-c7ea-4fd1-bf4f-38081a9d7acc,Heather,Strickland,Female,2007-01-30,+1-781-950-3785,karenblankenship@example.com,3105 Rasmussen Loop Apt. 422,60985,2022-11-23T17:02:06
90cc7a42-d660-4275-9b4c-ccb08f881e63,Carlos,Welch,Male,1990-02-23,001-620-481-9205x785,triciamitchell@example.org,13498 Russell Spurs Apt. 228,50215,2025-02-02T08:50:36
aae50490-ecdc-4b27-9ed2-1b1584db01dd,Matthew,Williams,Male,1977-09-20,238-777-9503,proctorandrew@example.org,977 Melissa Hollow Apt. 299,71118,2022-06-26T22:08:54
d694a527-9720-488f-9b98-a0e39a068a93,Christina,Holmes,Female,1958-12-23,220.441.4591,ichaney@example.net,2436 Sophia Ridge Suite 628,81593,2025-07-02T12:31:20
184c4178-935c-41d1-993c-5319f43e075b,Melissa,Russell,Male,1994-06-15,431.430.9987x86279,leepamela@example.com,73943 Soto Cove,96146,2022-06-21T22:38:45
9482e11e-5c56-43aa-bd15-d3eec39783ae,Bruce,Hurst,Female,1957-03-23,+1-255-728-0182x2710,jacqueline49@example.org,37983 Parker Motorway Apt. 533,42372,2022-10-25T13:38:08
d0b66c10-6bfd-41bc-9a93-03eae75ec164,Sarah,Brown,Male,1965-02-08,799-766-0875x662,gmcconnell@example.org,58390 Mclean Trace,78560,2024-10-20T23:38:42
a5a79705-58e8-41db-8a34-9670be8b15f3,Cassandra,Blair,Female,2004-05-28,+1-638-331-6024x487,brownjeanette@example.net,2432 Morris Grove Apt. 467,40709,2021-11-22T14:27:33
dd088545-92c6-4b94-b5f3-405dda2bf1b7,Michelle,Lewis,Female,1959-03-24,+1-372-421-2261,williamlowe@example.com,37479 Glen Fords,43448,2022-07-05T13:28:39
ce22efcf-d02b-4c3a-a610-ba20f0b0c031,Jacqueline,Page,Female,2025-09-23,486-729-7734x749,perryroy@example.com,205 Hunter Mews,47294,2025-07-27T01:29:52
e8780458-ab48-406d-ae8a-457fc712cf67,Kimberly,Jennings,Male,2001-12-29,(307)596-4873x3492,christian94@example.org,26865 Henry Ridges Apt. 741,84368,2024-05-09T03:43:35
a169d799-062e-4424-ae44-d34991225311,Noah,Roberts,Female,1943-03-21,450-238-7247x548,yrodriguez@example.org,24074 Phillip Islands Suite 564,56182,2022-09-05T05:39:06
69824369-ebb1-4253-8ad2-a7ba194b3b6e,Lauren,Abbott,Female,1946-10-31,001-272-567-8870x6707,brettmarquez@example.org,7685 Carter Corner Apt. 020,73248,2023-05-27T14:33:31
e414f2c5-d974-4ff0-b4e5-418dbaa380fa,Christopher,Lara,Male,2007-05-14,233.595.7825,lopezjessica@example.com,7840 Douglas Fork,72244,2024-06-20T03:19:54
5a357945-5813-4496-aed9-dac5d18097f4,Alexis,Martinez,Other,2024-10-01,337-208-0798,wilsonedward@example.org,3408 Christine Neck,34909,2023-02-23T10:56:36
c8a134aa-722d-4397-86d1-62d63faadfd6,Christine,Barber,Male,1952-01-19,457.544.8214x74841,hillhunter@example.com,50914 Derek Manors,14038,2023-05-16T11:53:04
a282bbab-fdb0-4520-b2f8-81eb754ce511,Rachel,Huffman,Male,1993-08-23,735-415-3692x211,hayneswilliam@example.org,8104 Robinson Street Apt. 947,67916,2023-01-06T14:06:22
8ef86619-3599-4e91-a91c-9094cb2c0efb,Elizabeth,Jones,Female,2016-04-29,344.325.8427x58149,eburgess@example.com,886 Mcneil Way,53954,2025-06-07T22:18:37
bd9ed3fc-5266-4d86-a5f6-21818c1a6477,Raymond,Simmons,Male,2025-12-30,(923)885-3402x1873,sarahsmith@example.org,1782 Sean Keys,27709,2022-08-27T18:24:06
2c0bfe69-d0c2-4b24-87ed-88885939dc71,Linda,Hill,Female,1968-10-07,(515)480-8148,hernandezbarbara@example.com,426 Carolyn Lock Apt. 013,26220,2024-09-15T19:09:41
5a0fdf61-5571-4266-96c0-2601db4d2d18,Stacy,Herring,Female,1996-06-27,701-464-9369x39268,kevincraig@example.org,12807 Maria Corners Suite 835,06924,2025-09-27T22:30:27
f74575cd-d613-4a1e-8e1e-aeb5bd676ba0,Edward,Allison,Male,1999-06-06,267-714-4455,eduarte@example.org,640 Salas Run Apt. 867,04885,2022-01-01T10:08:40
ea072198-19ee-4d26-8e4b-36aad4249390,Marie,Wiley,Female,1992-11-14,001-935-960-1309x646,eduardo42@example.com,3486 Chan Prairie,84049,2023-09-04T07:50:12
9f2e444a-501b-4f44-a7f3-e4bfa3b31be6,Andrea,Gaines,Female,1950-03-03,+1-775-308-1677,jamesgreen@example.com,533 Christopher Ridges,96297,2022-04-06T00:04:38
33c00b7d-61f8-43f4-81ae-35bb2faa49dd,Danielle,Booth,Male,2017-05-10,+1-313-885-2551,griffinjennifer@example.com,73323 Daugherty Lake Apt. 516,39040,2025-06-20T05:21:59
5645b6bb-59c0-45a8-bc45-d65db517e8ef,Caitlin,Thomas,Female,1952-01-17,9498121044,aliciaespinoza@example.org,093 Lauren Views Suite 271,03280,2023-04-26T18:15:39
28c2783d-c138-498b-9c88-da6ee551da7a,Brandon,Williams,Female,2008-07-17,+1-471-671-3562x754,charlesmullins@example.com,54043 Richardson Court,84521,2022-06-20T23:06:19
30960fbb-1c89-4e3c-8413-d04952a0628b,John,Villa,Female,1940-10-28,950-924-3406,hawkinsleslie@example.org,150 Roberts Ferry,05830,2024-12-10T00:15:34
a46e47a2-b342-4968-8191-086be8a91aba,Brenda,King,Female,2011-10-01,001-265-623-6963,omyers@example.org,340 Rivera Terrace Suite 131,25099,2023-10-11T20:35:45
2d8b62b6-89cb-49aa-8f56-fffcc1bbb767,April,Torres,Male,1960-12-01,(400)334-2928x6149,kfrye@example.net,618 Padilla Squares Apt. 288,58576,2021-10-29T00:53:03
17e6ae99-32d8-4c29-9370-7fcbb21534f7,James,Harris,Male,2003-07-26,863.865.2594,sanchezkristen@example.com,440 Patrick Walk,87879,2023-12-19T05:25:47
a9c6d4e3-e07e-4f26-aa29-9a229914857d,Joshua,Knight,Male,1967-05-06,538-956-3907x5250,xvasquez@example.com,33666 Clark Place Suite 426,83707,2024-06-13T03:40:59
5714fc0b-b744-4158-a550-e249436c3827,Heather,Santiago,Female,1981-11-19,338-953-0418x871,thompsonjessica@example.net,218 Lewis Square,05552,2022-10-27T02:42:57
629f1962-ebd7-45f5-a20e-674e6591d99b,Alan,Evans,Male,1957-01-30,522.588.0968x075,raymondwhite@example.com,386 Sheila Light,03093,2024-05-05T20:10:38
e05ff96e-d087-4c98-bc7d-0017f4c1540b,John,Mendez,Female,1937-04-20,549.885.2057,tonya71@example.com,73222 Hall Station,82123,2025-06-27T03:37:22
f882c326-91f2-4485-9d09-18564b3dd578,Keith,Castro,Male,1938-01-01,001-385-685-8253x94788,tspencer@example.net,688 Laurie Motorway,56746,2022-06-19T11:48:37
d37d8533-714a-4ae0-b98e-1f36ffdb3a38,Margaret,Simmons,Male,1986-07-05,+1-407-964-9397x2390,brightbreanna@example.net,545 Camacho Greens Apt. 168,78312,2025-01-18T12:38:40
fe20193b-aae2-4d63-a7ae-daae8c48e3f4,Tony,Lozano,Male,1964-04-26,3404495583,shawnacevedo@example.org,457 Mendez Canyon,93047,2024-06-02T12:07:34
b1f0b429-d54f-4d02-b976-c6377e9716ad,Joshua,Martin,Unknown,1944-05-29,001-365-393-1539x9000,ywest@example.com,1974 Mckenzie Estates,78179,2022-11-29T10:15:27
70bb2a0e-39d0-4b29-a008-e8ed3ecf5f0a,David,Elliott,Female,1947-02-23,001-675-790-3901x38412,janetmurray@example.net,3773 Allen Tunnel,26225,2025-07-25T18:43:53
4bfaa29e-032d-496d-a537-68573749af64,Matthew,Hill,Male,1970-08-25,877.755.4370,michael95@example.net,114 Weber Shoal Suite 006,00800,2021-12-29T09:14:43
7bb7cc42-9cba-4bc6-9b87-2c8f05517102,Julia,Oneal,Female,1952-12-14,(985)266-4603x287,gwendolyn45@example.org,782 Weber Trail Suite 348,71320,2022-02-18T05:15:57
ff9558a3-8d1d-482e-8e6b-24396a1e5d9a,Megan,Edwards,Female,2007-12-13,4777345130,ctaylor@example.net,9399 Humphrey Green,05490,2024-04-27T10:11:39
84c11826-d910-498c-afa1-7fe6698e0981,Thomas,Olson,Female,1970-05-10,(884)395-3300x50682,myoung@example.org,77775 Sullivan Forges,51129,2024-06-10T07:19:15
e6ffee2a-e37b-4f84-9351-240fa093ca68,Adam,Stone,Other,1954-05-01,001-881-629-6135x799,chasejennifer@example.com,55785 Michelle Trail,73916,2024-03-23T04:37:25
cbfae8d6-b4ed-4d1d-82f1-287bbf2dcfcb,Kevin,Paul,Unknown,2013-07-27,001-791-926-1025x488,edward27@example.org,86195 Cherry Creek Suite 147,76593,2025-02-20T06:44:11
6e6aa3ec-4378-4e6b-8d3d-dee3cdad54f4,Jonathan,Wright,Male,1966-11-11,923-702-2151,allenbrandi@example.net,8120 Cantrell Burg Suite 917,66147,2022-12-27T23:02:07
3c15ae1f-efda-41b2-aced-f328e669dd22,Gregory,Snow,Male,2024-10-26,587-596-5558x471,nrodriguez@example.net,55763 Patrick Union,61372,2021-10-24T19:43:29
b1757e7d-f545-452a-93b8-ec305b693697,Jason,Barrett,Male,1994-03-13,898-890-6738,hectordowns@example.net,072 Douglas Points,83923,2022-04-03T22:59:23
b3d2c4a9-fc7b-427f-93d3-9ff9dc2555f1,Nancy,Sosa,Male,1974-04-20,001-689-744-0535x360,meghan73@example.net,87464 Riddle Trail Apt. 339,97518,2023-08-30T15:08:50
18bc2e3b-20f6-48d8-9436-9f5d89cc6b08,James,Carpenter,Unknown,1949-12-19,+1-875-657-4217x30806,roblesmark@example.net,77392 Juarez Walk,58317,2025-08-24T21:44:10
b556aeac-81e8-4e90-bc4a-013fc8c28cfe,Richard,Moore,Male,1979-04-26,586.430.6315,johnsondaniel@example.net,79157 Drake Row Apt. 593,52788,2025-09-06T07:49:31
d387fcd8-cea8-4b7a-9ad4-ac13504089fa,Jennifer,Thompson,Female,2012-04-07,7523572238,tammythomas@example.net,337 Martinez Overpass Suite 127,86140,2023-11-23T12:13:45
b3bfbdab-b7b2-4f20-992c-fe25b858e203,Kimberly,Parks,Female,1955-08-15,923.821.6787,jacksoncameron@example.org,5414 Patricia Landing Apt. 746,28662,2024-09-14T01:56:39
3955b110-fc2e-4301-9232-231d8dd7b77d,Timothy,Lynch,Male,2016-07-14,+1-892-401-6582x61056,anthonylewis@example.net,5840 Miller Place Apt. 528,21027,2024-08-29T00:18:38
75d236e3-0d9e-4c48-962c-4be49302a5dc,Emily,Ayers,Female,1960-02-01,721.551.8310x44238,nelsonjonathon@example.com,903 Campbell Views Suite 721,88126,2022-07-10T16:50:39
108d692f-6fa9-457c-974f-e6687f441add,Pamela,Nichols,Female,2024-11-04,001-587-790-1714,gjones@example.net,844 Donald Brooks Suite 319,94833,2024-02-14T02:06:21
72ced11f-8f59-448b-85a9-57332bdd0419,Andrew,Aguilar,Female,1968-10-19,258.485.5237x3618,vanessa29@example.net,72321 Jason Underpass,12750,2024-12-24T14:51:25
7a0430c4-58fc-4448-a555-e0870ebb51ae,David,Brandt,Female,2015-09-24,001-255-926-5255,travisharper@example.net,68730 Christian Trace Apt. 922,92863,2024-06-28T05:08:07
5abac34b-ae98-42fa-9053-adba25db78d1,Michael,Snyder,Male,1979-01-04,(221)859-7838x555,samuelmorales@example.net,411 Candace Fork Apt. 813,69844,2021-11-07T19:30:14
4083dcf3-91db-4fbc-86ad-dbe7b807c910,Jacob,Martin,Female,1998-04-23,001-649-432-0053x514,rebeccasilva@example.org,20790 Bentley Parkways,27649,2022-11-29T11:20:48
99056421-b6af-49df-870f-48c2ba4e832f,Lindsay,Walker,Female,1972-07-04,(225)476-9322x28074,joshuazimmerman@example.com,268 Jason Ferry Suite 697,91318,2023-01-20T04:24:35
2223ab94-f157-4169-83ad-6ffdb4479e70,Amy,Costa,Unknown,1973-08-29,(749)483-8497x002,tkim@example.com,33549 Sara Corner,45699,2022-04-29T09:16:43
4f50b598-73bd-480f-a96b-c76137179e45,John,Garner,Female,1962-02-18,(619)536-8145x49123,michaelhayes@example.net,22751 Kimberly Harbors Suite 340,39405,2025-08-01T17:11:33
3b895644-549d-43b5-8dfe-448cacb70476,Wesley,Anderson,Female,1986-11-28,655-509-7612,hrobinson@example.com,62169 Joel Springs Suite 084,91288,2024-10-28T01:04:58
683a755e-f23e-4b0b-8209-5583e03f7c17,Lauren,Walker,Male,2003-04-09,001-303-946-6520x296,hannahgonzalez@example.com,239 Heather Bypass,37586,2022-10-21T14:28:45
963d4606-ae6b-49de-baec-fb4c8a240d57,Charles,Jones,Male,1953-01-15,(991)785-4683,nguyendonna@example.com,1831 Stevenson Camp Suite 448,54080,2024-12-01T01:49:53
0d8f808d-9c0e-4192-b88c-266401bc075c,Edgar,Erickson,Female,2001-05-03,5128680613,denise07@example.com,604 Paul Island,29037,2025-02-25T11:32:23
c64d8e70-1ea3-41e2-9662-f8835bbccb30,Victoria,Hunter,Other,1955-08-24,(370)823-6923x859,zhernandez@example.net,5629 Timothy Crossing Apt. 131,34595,2023-01-23T18:40:57
69e8fe2a-879f-42eb-9049-f9049d254dc4,Melissa,Warner,Female,1972-05-22,001-526-534-8142x1134,kendra19@example.org,989 Donna Views,74871,2025-03-07T22:43:11
fad2fd69-3fb1-4376-b1d2-8c69bb88cfe7,Lorraine,Collins,Female,2026-06-25,+1-881-220-0033x89320,lleon@example.org,40829 Chase Trace,66979,2024-08-10T11:22:52
d5f304a0-2de9-4792-bd55-c844c24217c5,Megan,Glover,Male,1990-09-18,+1-365-848-1975x99385,zacharyhull@example.org,12251 Karen Landing Suite 878,31790,2022-09-21T06:53:50
ba89eda3-7eb6-4f51-adc7-8d7ba63f89b5,Michael,Dickerson,Male,2007-04-06,9465575219,david19@example.com,90678 Burgess Burg Apt. 817,99585,2024-01-10T16:10:41
674f6635-f236-42ee-981a-f69a16cfa211,Amanda,Willis,Female,1962-11-15,7087146365,doyledustin@example.com,38936 Jesse Freeway Suite 438,46089,2025-06-29T04:57:38
ce0ed735-632f-4f79-af73-4c45f2f39f61,Kevin,Delacruz,Male,1962-06-26,+1-793-884-4823,robert54@example.net,0006 Leah Row,88813,2021-12-05T16:24:31
d8e66501-2375-4bc8-b972-c629b24841dd,Mark,Davis,Male,1982-05-23,001-281-207-0627x5244,fcohen@example.net,15342 Marvin Radial,82124,2025-02-10T08:34:01
2d6acdd4-5aeb-40f6-8faa-8036188a7f55,Roberto,Pearson,Female,1976-02-17,(326)427-7484x3509,gacevedo@example.net,108 Meyer Burgs,87942,2025-09-25T19:16:00
173a603d-7feb-45e2-8083-ff8fe10a5f9f,Robert,Garza,Male,1960-01-29,591.836.8306x03648,rfernandez@example.net,20820 Bailey Motorway Suite 689,88924,2024-03-02T21:17:06
59e849b6-3a05-47b2-b35a-ffe566c3f832,Gabrielle,Smith,Unknown,1984-03-01,(672)229-2497x89952,martinezcharles@example.com,023 Price Coves,41647,2022-11-22T08:46:31
73a469a5-56f7-46bb-94e1-aabda20cc4ba,Bobby,Burns,Female,1943-01-10,531-524-7975,jcook@example.net,602 Jody Heights Apt. 583,22495,2022-04-09T16:15:22
e119e331-0538-4bfd-81fd-1281861c2a6f,Mark,Calderon,Female,1976-06-09,+1-554-556-9651x20163,stacey86@example.org,8126 Stephen Inlet Apt. 074,49118,2021-11-14T10:53:34
aec61694-0f24-4491-8e9f-f74afb6503ea,Tiffany,Boyle,Male,1945-12-16,001-419-304-8285x7044,ijohnson@example.net,84506 Monica Unions Apt. 000,97917,2024-09-21T05:50:42
fc31654d-f6ae-4936-8071-4e0f2b23ace0,James,Johnson,Female,1978-02-20,+1-552-824-4142x5515,travis13@example.com,7666 Johnson Valleys Apt. 594,51365,2023-12-28T12:04:05
4e674f72-627f-44eb-93ad-132c0131771e,Kimberly,Acevedo,Male,1966-09-15,884-668-0464,jensenchristian@example.com,2074 Jennifer Walks,32362,2021-10-15T06:25:51
5ff540ca-9038-4b45-916d-9a42e7b795f9,Kelly,Welch,Female,2021-08-18,(349)977-9141,burnsamanda@example.org,10881 Holmes Land,88541,2024-01-04T12:54:22
a2f077e3-3040-4cc4-ac21-f1edf4a985b0,Betty,Cohen,Female,2008-06-27,+1-721-471-3774x4300,hernandezdavid@example.com,8116 Ali Vista Apt. 187,33238,2022-06-03T16:14:18
f9cc596e-37e7-4948-8903-c8c72e8992cc,Robin,Miller,Male,2009-07-25,(367)515-3552,khubbard@example.com,814 Miller Points Suite 242,71830,2025-04-24T02:38:23
2798879b-e9a1-4cc0-aee4-f488df41c155,Kathy,Chandler,Female,1992-09-06,+1-628-330-5371x293,michael40@example.com,92391 Angela Shoal,58150,2025-02-03T02:07:42
70d18e9e-e435-4335-ad4b-2c1392f0ae83,Claire,Brady,Female,1940-09-07,001-731-960-4886x476,barbararivera@example.org,291 Chris Plain Suite 162,52664,2024-01-30T05:20:51
81e04baa-2d70-4ddf-85a0-b7c3e1322e39,Joseph,Tran,Male,1957-02-24,(307)925-0849x857,malonesamuel@example.org,8172 Shawn Bypass Apt. 200,08708,2022-06-26T20:28:19
9f40ce6a-07c4-48ba-b1f2-7f0fd1a9af91,Mary,Owen,Male,1956-01-05,+1-758-274-7033,martinpamela@example.com,284 Lopez Lock Apt. 818,25785,2024-05-05T05:09:20
cb2c7b1d-f541-4b22-a363-45fc899f7cfb,Sean,Robinson,Female,1990-09-24,263.815.4413,xbennett@example.net,6510 Kimberly Avenue,22054,2025-01-21T12:25:41
ef5e4a66-4fc9-4cd0-af2a-dff8cea4f9c4,Donald,Chen,Male,1960-10-26,+1-855-987-8650x32449,robertmarshall@example.org,7627 Bell Lakes,71692,2023-05-05T02:48:56
97113545-2e2f-4ae7-aedb-3046595b9abc,Carol,Moore,Female,1969-12-09,468.342.8802x8957,richardmosley@example.net,591 Brown Fort Suite 337,61684,2024-01-26T10:05:02
3172e9f8-7f66-4f24-9987-5a42e675835a,Michael,Shields,Female,1964-01-17,243.370.4038,adamsjennifer@example.com,11588 Roman Plaza Apt. 967,91855,2024-06-09T09:42:25
565fa125-eb85-405d-9cfa-2010ff51cc96,Thomas,Sanchez,Female,1995-01-04,862.651.6600,emilykhan@example.com,20627 Thompson Springs,57851,2023-05-26T05:40:15
d4eee313-8c48-4218-a892-ab6fedb92750,Cindy,Briggs,Male,2014-05-10,6099019343,fwashington@example.org,94470 Scott Forest Apt. 736,22396,2025-02-19T10:17:36
ab304184-1dcb-4fbf-b1aa-b63772abe7ff,Dennis,Beard,Female,2012-10-05,8144547432,martinandrew@example.net,37005 Graves Squares,35112,2022-08-06T14:18:19
243191eb-5d9e-4717-bf08-6a9e569db57e,Mary,Hall,Male,2007-07-14,222-421-6291x041,marialuna@example.org,8087 Danielle Road Apt. 538,96429,2022-05-13T22:18:59
cb471eca-3037-4fff-bda2-fb48d14d4890,Monica,Larson,Male,1943-05-20,927.599.4626,heatherchung@example.org,9239 Nancy Expressway Apt. 807,39593,2022-03-09T03:04:02
fb7b00c7-eaa6-4c45-8f01-fe855bbaf3ac,Brett,Smith,Female,1958-11-29,4942258487,tyler24@example.com,276 Martinez Corners,99519,2025-07-22T17:21:40
a8df7aa5-e8e0-4199-97f6-4255cf979ff0,Kristopher,Sanchez,Female,2010-09-04,+1-909-817-6355x5894,hmitchell@example.com,1126 Tanya Path Suite 702,77658,2024-01-10T01:32:17
d907ba3f-1949-4b8a-9754-81a3d6ccc7cd,Kristin,Mccoy,Female,1949-03-16,750.233.6479x07171,lelisa@example.org,3128 Williams Cliff Apt. 847,11670,2025-01-10T08:38:36
e9701e00-520f-43e7-a7a1-3e62a9dbf628,Rose,Garcia,Female,2001-07-30,824-442-0570x2375,dudleymichelle@example.org,83789 Kayla Meadow Suite 516,35646,2025-02-09T23:47:30
858c5992-882c-4812-b3c3-c4289338e35d,Kimberly,Pham,Male,1972-05-29,001-474-994-1567x3844,pmorrow@example.org,20372 Pierce Hollow Apt. 469,34698,2023-06-10T05:42:48
4855f44a-3370-4903-a4a8-a8448bdfa208,Cheyenne,Gray,Male,1969-11-10,001-426-428-9438x203,james35@example.net,5228 Armstrong Drive,59123,2022-07-10T18:51:49
4aff5eee-32b2-4952-8376-37d672a9dfa1,John,Hudson,Female,2000-03-26,001-824-646-0040x45899,jsmith@example.org,37490 Jade Via Apt. 621,50859,2025-01-05T20:41:43
608775a5-6f65-4201-a77c-25b06d234155,David,Griffin,Male,1945-11-12,(433)207-3422x5364,pgonzalez@example.net,6978 Daniel Ford Suite 300,03352,2023-03-20T13:20:24
524ec63c-1ab4-4e05-bdc1-dda00619feb0,Brittany,Valencia,Female,1989-06-29,705.396.9696x21172,thomas43@example.com,7640 Dana Mews Apt. 082,87409,2022-08-11T11:13:42
7f63abb8-4e4f-4dd0-a388-f6dc9c12e3c9,Jonathan,Love,Unknown,1944-10-04,+1-734-331-1500x18180,franktodd@example.org,8544 Amanda Run,45342,2025-04-03T05:57:19
af1e0ecd-c555-430a-8985-8ab5c54f447e,Frank,Davis,Female,2026-03-20,+1-991-703-8890x02197,hollywright@example.org,18252 Green Mall,35351,2022-03-30T10:46:28
3025f041-0aa8-4e33-94cd-45a9870d8661,William,Cole,Female,2002-09-22,+1-639-920-4931,englishshelley@example.org,7881 Williams Crest,21826,2024-07-16T22:25:04
bf733026-9664-4ca5-a460-2d314e9f67a7,Kristin,Erickson,Female,1992-03-28,001-720-816-9675x3447,weberjason@example.org,36146 Padilla Pines Apt. 039,22809,2024-02-09T09:25:38
504b9abb-a414-45de-ac61-3d5c8af41753,Erin,Ross,Female,2007-02-01,540-248-1963,lopezmelissa@example.com,9752 Russell Summit Suite 867,87923,2024-02-08T12:20:22
f77e1ee6-0c15-4b28-8728-971988c75e8a,Kathleen,Walker,Male,1953-04-25,267.544.4752x7113,oguzman@example.com,91158 Amy Hill Apt. 161,88330,2022-08-11T18:40:32
89aae145-f6d4-4767-9a0d-4f8c30306e86,Kevin,Cruz,Male,2026-01-23,4314713760,whitejessica@example.com,6464 Jamie Roads,66794,2023-01-11T11:16:10
6f0dc87b-dfab-44e2-af25-762cd34d09ae,Samantha,Dean,Female,2025-12-30,737-883-1021x45186,katiemarquez@example.org,6233 Russell Trail,22128,2022-05-16T10:08:54
823d269c-2da4-4bc5-9966-88c98623d81e,Aaron,Boyer,Male,1976-08-29,643.775.7928x88623,pamela75@example.net,87956 James Cape Apt. 077,37849,2023-11-26T20:30:56
36e90637-e921-46db-8b72-d0efb2fdaa38,Adam,Hawkins,Male,2022-03-16,+1-483-455-1083x2275,melissaoconnor@example.org,3147 Evans Village Apt. 671,86595,2022-02-06T16:42:36
38b89fc4-e471-42b1-af8a-637df330dc59,Cory,Bruce,Female,1943-09-06,(917)606-0908,caitlinklein@example.com,548 Romero Common,51988,2023-02-01T21:20:00
7eca5b2d-341f-4b4a-b6ca-f84012adbc1b,Tony,Wu,Male,1988-03-23,725-224-1784,jimmy49@example.org,91673 Joshua Valley Suite 285,01681,2024-05-11T12:19:00
0b94729c-03fd-424e-9cee-af74a3f2a3db,Marcus,Reyes,Female,1946-10-14,(290)884-6712x84461,floresrichard@example.org,851 Tammy Walk Suite 684,58203,2025-05-30T22:38:24
1dc7deab-b07b-44ed-a67b-6ad334be5f01,Sue,Tate,Female,1939-11-26,+1-358-317-3132x36082,serranodavid@example.org,1678 Gonzalez Place Apt. 219,67661,2022-05-15T18:43:32
a8db2a2c-3d8a-4701-a786-7bbf01368f98,Veronica,Brown,Female,1991-06-26,001-539-767-9020,shall@example.net,052 Peters Mission Suite 017,84583,2024-03-19T08:12:58
2d53a810-fc01-446c-94ac-13ced4d05762,Debra,Wilson,Unknown,1969-12-02,(820)671-7456x37883,thall@example.com,093 Cassandra Run Apt. 900,37468,2024-08-11T21:56:08
eae6c3da-5f2d-48b8-ba76-9378d39a3c87,Jeremiah,Berry,Female,1990-05-04,654-700-6701x96966,melaniesimmons@example.org,119 Fisher Road,74810,2024-04-08T01:32:35
9947c98a-2444-4277-a7ea-f6650b752e49,Katie,Dominguez,Male,2025-07-06,001-297-362-5292,robertthompson@example.org,2179 Mercer Way,40043,2022-05-27T12:55:59
ec13d7c3-e1c7-4223-8218-6e6dab24f74a,Mark,Berry,Male,1937-09-09,(748)530-2333,xfarmer@example.org,342 Prince Shoal Suite 551,24651,2025-06-14T01:27:54
e6ef3a0b-dd1e-4932-b5cd-dc34920ee451,Steven,Nelson,Female,2022-01-28,(819)216-1366x4103,sanchezdavid@example.com,414 Collins Cliff Suite 745,14544,2023-08-31T00:14:45
a7410d2c-e0f1-4db6-b0b5-b7b33472c59e,Randall,Juarez,Female,2009-03-30,485-970-8707x579,gonzalezamy@example.com,760 Tapia Port,24064,2024-09-19T06:08:52
029e435d-b0b6-45da-a8c1-8df945ca17af,Rachel,Ramsey,Male,1995-04-10,(433)546-8839x3545,maria54@example.com,978 Moreno Passage Suite 369,62488,2022-08-04T18:27:54
d7b6e0a3-4730-404b-a08b-b50869e44d26,Sarah,Pugh,Female,1991-08-05,+1-477-468-9254,steven73@example.com,94654 Kevin Fork,82685,2021-12-31T04:45:26
40e07e0f-7cfb-4186-877b-4fffd114dda1,Kevin,Valdez,Female,2000-03-10,297-573-5668x178,zmills@example.com,3804 Raymond Streets Apt. 014,70602,2023-01-14T16:21:09
0ab35cb1-653d-4c17-b149-324ba064bc2a,Kathleen,Scott,Female,2013-01-02,001-431-389-6830,knappjoshua@example.net,6747 Karen Radial Suite 070,45355,2025-04-18T18:19:23
b08307e1-a9b7-41f5-a0fe-d1f372fa10f7,Kristen,Brown,Male,2011-11-13,+1-802-832-5973,wlowe@example.com,7109 Seth Dam Suite 804,22621,2025-06-04T20:06:36
28af3b73-1d82-42a8-9d48-0843a3398f8e,Jennifer,Wilson,Female,1988-03-04,543.345.7746,lewisanthony@example.com,7465 Jason Estate Suite 818,23191,2021-11-07T12:40:51
8974e16a-2ef0-463c-9106-2a357d10bf9f,Gabrielle,Clark,Male,1998-01-17,454.900.5435,brittneyfigueroa@example.com,32447 Hull Square Apt. 630,77128,2024-09-16T09:58:06
f48fab06-41a9-4dd3-bd76-bb2ff1896bad,Tiffany,Saunders,Female,2009-06-03,787.684.3223,dylansmith@example.net,829 Kristin Mill,97187,2022-01-07T18:51:09
48e918f9-65f0-4b99-b1ec-c7c2ee3d114e,Gregory,Davis,Female,2012-11-05,(221)730-6314x20541,abigailpatel@example.com,68229 Kelly Road,75640,2025-03-07T05:20:40
42f19c7b-91f2-4ea4-9b02-941448e26a53,Matthew,Carr,Male,1994-02-27,+1-580-690-8456x211,fwilson@example.net,2098 Carter Bridge Suite 131,48123,2023-05-16T14:53:58
e2b6a842-d2a8-4922-a518-93471e910b71,Bradley,Garcia,Female,1964-11-02,001-718-325-5110x34998,mckinneycharles@example.net,60879 Waters Alley,29496,2025-08-30T17:25:45
d8b13a9d-8e04-4844-9625-1089f340e6f1,Jennifer,Torres,Female,1958-03-08,(998)589-2159x4237,melissagraham@example.org,6530 Robinson Shore,99070,2024-07-20T20:42:31
092351d9-fedc-4b65-84aa-6e12208a9c4f,Robin,Yang,Male,1998-06-12,615.788.6190,johnsullivan@example.com,7819 Castillo Heights Suite 733,54829,2023-06-07T06:06:04
09bc6a80-3a88-4bed-9c85-25101bfdf626,Jeffrey,Garrett,Female,1952-11-09,6994449409,paulbowen@example.com,13769 John Views,03684,2022-07-29T07:39:40
b190dea4-c335-49e5-9567-55f42f39f8c8,Jennifer,Baker,Female,1940-05-03,241-708-9283x26328,tammy51@example.net,77395 Miller Meadows Suite 329,35133,2024-10-01T06:41:45
5ef36d4d-9d85-4a72-af9a-544a3de372e9,Sean,Freeman,Male,1987-03-26,001-455-532-8457,barnold@example.net,4908 Cline River,80064,2024-08-18T06:56:28
c4e57a92-98d5-46b9-b128-7916248bd5aa,Rebecca,Vincent,Male,1961-09-19,(885)556-1420x53340,ericalewis@example.net,0555 Courtney Ford,89050,2022-08-02T19:30:26
f979549b-c44c-4c78-80ed-319cef016e79,James,Fowler,Male,1955-11-29,001-673-594-9685x57126,mortonjennifer@example.net,33431 Robinson Rest Suite 619,48337,2024-05-08T08:02:25
0b33b7a0-5163-4a91-b993-b65f35ded447,Lindsey,Hicks,Female,1963-04-26,352-662-2106x317,kevin76@example.org,4768 Norman Mills Suite 672,97097,2023-07-06T16:23:39
dc07605e-5762-4c84-a718-0985f2d6c18c,Brittney,Reynolds,Female,2015-08-10,5049337497,parkerjames@example.net,19778 Mitchell Meadow,33390,2025-01-31T09:41:43
7647f43f-59a1-4829-acef-781debfdb100,Heather,Ross,Male,2016-05-17,337-627-5646,hillrandy@example.com,455 Joseph Parkways,15965,2023-04-27T14:02:12
6149ee42-642d-43af-8e72-1365a4e60afd,Justin,Blackwell,Male,1994-12-12,403-869-7768,debra53@example.org,613 Roach Garden,39763,2022-10-22T18:01:37
39a90a45-104b-4372-816e-a5c24ab3c590,Teresa,Butler,Male,2007-07-05,(764)593-1637x074,deanna11@example.com,40699 Michelle Corners Apt. 766,42266,2025-02-17T09:14:52
b89f52d2-a873-4d14-95fc-cc1431c034f0,Joshua,Stewart,Male,1979-01-11,(628)688-1574,chadharris@example.net,51344 Amanda Dam,90215,2025-04-10T20:36:06
d7ea8625-11c3-438b-b0c6-9b42df0ff647,Megan,Rollins,Male,2000-01-01,(542)770-1171,amber68@example.com,0964 Trevino Summit,06416,2023-04-27T01:54:56
293db7fa-8e8d-4d45-89ad-b07b874f7c5c,Jon,Harris,Male,1974-01-01,+1-441-403-5586x255,ulopez@example.org,9785 Curry Flats Apt. 676,56538,2022-05-01T13:54:37
1c82780f-0e84-4070-914b-30a9f6d4461c,Timothy,Moore,Female,1959-07-05,(406)572-8338x1551,joshua26@example.org,82829 Hansen Walk,90516,2025-07-16T15:17:40
04786088-88c6-4a79-849e-bfa568f0ca5d,Jake,Figueroa,Female,1979-01-02,5403731186,rachel15@example.net,660 Susan Centers,04428,2022-07-19T12:24:09
52581086-eecc-4487-b95d-43d62b7f90a5,Joel,Harris,Male,2010-01-12,878-502-8012x89124,amanda37@example.net,78016 Angela Crossing,54245,2022-05-08T11:10:19
af2f5f8b-1a92-46d6-a6c9-fd5424bb8796,Crystal,Juarez,Male,1948-03-08,356-374-3055,robert65@example.org,166 Garcia Haven,00610,2022-10-31T03:47:43
0ef473a2-900d-4f16-80e0-32006197337c,Maria,Evans,Female,1987-01-16,(247)502-6681,hamptonjonathan@example.net,686 Pennington Mountain Apt. 042,21787,2023-05-12T18:29:39
db648ca7-1ea0-4d2d-9123-f2c5c4c93949,Jeanne,Clark,Male,2023-07-21,931.843.9217x83055,claytonlee@example.org,3196 Barry Square,64382,2022-09-09T14:51:29
8bab4c1b-904a-4134-8902-8dd7a0d763f0,James,Lopez,Male,1946-01-23,956-834-4748,newmanantonio@example.net,085 Warren Path,20356,2024-06-01T01:10:14
79f73374-e92a-409b-92f1-8f28a61bdc7d,Willie,Wright,Female,2024-05-10,948-983-7518x5767,kenneth72@example.net,704 Phillips Crescent Apt. 483,35477,2025-08-06T08:31:34
af8422cc-484f-4a28-a2d4-7bffa510f7b4,Melissa,Dyer,Female,1957-10-20,519-353-5780,ortizdylan@example.org,8444 Bryan Square Apt. 453,34025,2023-03-30T04:57:12
3cd7e0ea-bf81-4a17-a905-8f29731da6ec,Traci,Moore,Female,2013-07-24,+1-963-805-5610x379,carolineschneider@example.com,59052 Phillips Mews Apt. 837,32795,2023-12-26T21:09:10
fae9df3f-585b-4128-8002-c5eb9cd3e931,Adam,Irwin,Unknown,2014-03-20,512-325-4497x06346,kimberlysantiago@example.net,058 Brittany Neck,28035,2022-01-29T14:46:10
e6092042-eb5f-4944-baa8-34197479d994,Michelle,Hill,Male,1963-11-30,(450)835-0496x9295,hpeterson@example.net,3754 Coleman Shoal,03711,2024-08-28T09:34:07
394d9156-5c31-4125-a123-433f895517ec,Jeffrey,Walker,Male,1939-12-25,456-765-3311x912,debrawilliams@example.org,31539 Murphy Plaza,70473,2024-04-12T07:13:30
f689c4c2-2ca2-4887-bb21-68c4a3188a65,Christina,Duncan,Other,1973-12-26,(712)710-1416x790,judy79@example.net,9737 Eric Club,06695,2025-05-23T18:06:44
290a8303-e1c6-47c2-81d8-93a5ffc7aba2,Maria,Smith,Male,1967-03-30,001-996-736-1043x4166,lynn63@example.net,237 Sheila Island,56830,2023-08-04T05:55:00
4cc378c3-ce32-40af-ae86-49f1055c22ad,Evan,Hardy,Male,2002-10-21,5514923476,amandasmith@example.net,2808 Cobb Crescent Suite 972,41749,2024-04-13T14:59:45
e13ae6f4-b5ef-418b-a90e-1a7e75be1ba7,Jenna,Sanchez,Female,1967-11-06,+1-916-280-8355,christopherwoods@example.net,03834 Thomas Isle Suite 820,20664,2023-11-10T23:16:48
2001965b-66f8-4b87-bccc-1a7d3a1bba9c,Amy,Smith,Female,2012-05-12,(383)739-7875x77235,ycameron@example.com,4896 Christopher Throughway Suite 063,07360,2024-11-28T13:45:12
67e2020e-f11f-4e97-b546-1a1c5a5a5dac,Cathy,Price,Male,1975-06-07,(611)202-1748x49795,colin30@example.org,2511 Kirby Island,43507,2021-10-18T14:58:52
73cab4e3-bbc3-453b-b5e8-abfe6af01106,John,Lawrence,Male,1985-09-17,+1-782-944-8564x00141,edwardsalexander@example.net,31998 Brian Stravenue,98282,2022-04-28T22:26:17
567a25f8-5d12-490e-b6a9-0f786370fda9,Steven,Hayes,Male,1953-09-09,(633)813-5732,uwhitaker@example.com,304 Shari Center Suite 146,91492,2025-05-24T12:31:22
87a9efaf-b92a-41b7-a213-cdad661d3354,Tiffany,Hatfield,Male,1949-10-30,3907160935,tracyharrison@example.org,91488 Patterson Estate Suite 600,22835,2022-05-15T23:29:55
9181c8a2-30e3-4645-b66c-4a03378aa526,Benjamin,Daniel,Male,1983-05-06,893.497.2425,eric87@example.net,775 Hughes Rue Apt. 461,59190,2021-10-19T17:39:46
c8bc7784-a8c9-4656-bab3-d9a3dfa4a6da,Lance,Brock,Female,1976-08-31,851.415.8791,kstewart@example.net,2584 Hernandez Spring,39409,2024-04-05T16:26:16
dcc8c801-8c57-4243-b69f-ce1ae67d9f00,Timothy,Snyder,Female,1954-02-05,(832)461-9970x13541,hpatrick@example.org,803 Stark Cliff Suite 529,63480,2024-04-04T14:40:15
4e90ee87-a4dd-4fe1-9ff3-fbbf6880534f,Michael,Morgan,Male,1942-10-07,+1-275-988-3763x0851,daughertynancy@example.org,4945 Johnson Mountain Apt. 257,80760,2022-10-31T02:14:18
8af6d268-1bd0-4f9b-b861-2769242e4cff,Amanda,Castro,Female,1980-12-12,+1-571-920-3763x670,cclark@example.org,742 Smith Mews Apt. 666,80928,2023-12-25T01:11:38
f4aae84a-d538-4419-a798-d9bf4ce1ca16,Angela,Decker,Female,2010-05-05,9886451553,johnsoncynthia@example.com,341 Deborah Springs Apt. 491,19498,2021-12-18T12:31:04
330c8461-0d06-4891-a980-8e3c9fa3fe4b,Anne,Michael,Male,1992-01-28,+1-341-382-5415x156,howard43@example.net,8588 Dunn Ford Apt. 037,82715,2022-07-04T05:38:23
a8deeb1c-281e-4259-a3d2-1a338d3bc1df,Eric,Medina,Male,1937-01-18,922.937.1428,kerri81@example.com,90273 Watson Parkways,96626,2023-04-16T03:31:15
f1758208-2e29-4386-ae89-6265847aefa5,Joseph,Miller,Male,2025-08-06,601-561-6876,ktrevino@example.org,456 Hayes Ridges Suite 439,20617,2022-04-17T17:49:52
9140a95d-62ce-4959-b4da-1f50b1a7fe09,William,Davidson,Female,1939-01-19,732-645-8268x480,michaelerickson@example.org,11327 Amanda Knolls Apt. 251,64528,2022-07-07T21:28:26
ae3dc742-bef8-404b-bbcf-57d745f84c5d,Alyssa,Key,Female,1968-05-08,(378)942-4871x516,evansandrea@example.net,52380 Sullivan Wells Suite 265,43138,2025-04-18T01:33:26
9337bb34-66e1-408e-a428-2ec427e6287b,Leslie,Cunningham,Female,1967-05-22,001-681-736-5904,mgardner@example.com,25618 Dana Mountains Suite 246,88310,2023-12-09T06:29:24
510588a9-694a-48b3-a693-2d9532a3a8fb,Ashley,Parker,Male,1944-07-17,574-972-6908x2201,martintara@example.com,561 Lisa Meadow Suite 720,37987,2023-12-30T10:04:01
c33b14ed-216c-4ed0-bd0c-1656de373877,Frank,Weaver,Female,2003-08-15,+1-390-531-7791x994,richard86@example.com,62108 Johnson Knolls Suite 170,86244,2023-10-01T05:20:48
c36db2ec-eeda-49bc-9c40-6cbe50f370af,Brenda,Mcclure,Female,2002-05-21,647.562.3959,brian16@example.net,47662 Davis Crest Suite 266,11916,2025-03-07T21:42:32
09098704-e03c-419a-a0ca-381cbc3dc68a,Ryan,Vaughn,Female,1991-04-21,530-905-4233x3675,orodriguez@example.com,907 Harris Viaduct,46558,2022-07-21T22:24:16
057eccfa-15f3-4747-90bb-5ed3c9765bdf,Frank,Patterson,Male,2010-06-09,+1-694-227-7956x35466,toni32@example.org,245 Hill Greens Apt. 026,14693,2023-01-10T06:19:58
54ddbff4-0d81-439d-9e95-2d1ddcbc5e3f,Jose,Santiago,Female,1949-03-29,(919)203-6542x174,contreraslisa@example.net,243 Gabrielle Park Suite 793,77229,2022-04-17T14:13:34
5b5073c7-e6dc-4c76-ae7a-e3bb50340715,Gerald,Anderson,Male,2012-11-11,001-583-936-1567,bhouse@example.org,09182 Sanders Estates Apt. 955,47217,2022-01-15T21:44:55
4ebc5f60-3687-41e1-b53c-a48b268de9f4,Eric,Marquez,Female,1989-10-02,001-990-767-3719,nathan69@example.com,709 Andrea Estates Apt. 207,12882,2025-04-07T09:39:46
50c49c2b-e8c4-41fc-9f8c-1c815ce9a3d3,Angela,Thomas,Female,1968-02-02,258-499-4797x836,nicholas06@example.net,10466 Steven Ranch,76729,2022-03-10T23:39:09
56afd9ce-799f-42c0-b255-7e4ed4087cd1,Karen,Bennett,Female,1986-09-23,3542161684,jamessanford@example.net,40047 Keller Grove,74055,2022-07-10T05:34:38
cd65e328-19fb-4ed2-8da1-2b024a2c7830,Gary,Martin,Female,1982-01-23,(937)878-0119,wayne87@example.net,20573 Ochoa Prairie,92128,2025-06-08T21:35:14
29cb31b1-26ea-445e-a16c-77ace69bf25c,Laura,Williams,Male,2017-12-13,5599618089,parkrobert@example.net,736 Wells Plains,81652,2022-02-07T17:03:23
68e0c800-9e48-4e45-a904-ee42884526f5,Shane,Brown,Male,2002-03-30,853-683-4798x38005,brownlisa@example.net,277 Christopher Road Apt. 976,12224,2023-06-04T22:54:04
b32a3228-7835-4656-a0f1-55fb8d64ec21,Julia,Turner,Unknown,1994-01-11,945.803.8425,ethan60@example.com,28775 Perry Ferry,14685,2025-04-04T14:30:55
3fd8027f-e755-4655-9916-2e44b0a17621,Jonathan,Sloan,Other,1941-02-04,750-396-4663x686,nmercado@example.net,730 Jason Locks,05346,2022-10-13T00:23:23
e8c0563d-258a-4c6b-b205-da82a9f3531b,Tony,Aguirre,Male,1971-10-21,437-466-2698x967,rstewart@example.com,686 Thomas Street Apt. 213,40512,2021-12-23T06:57:13
e156df17-22b6-495e-8a14-b309c173d1d9,Jonathan,Baker,Male,1983-03-24,957-414-0836x843,angelamartinez@example.com,350 Jonathan Track Apt. 476,29012,2024-10-24T06:41:35
c463299a-2ba3-41ef-ba14-cf98611e6047,Kevin,Riley,Male,2025-04-17,+1-426-282-8054,rhernandez@example.net,48100 Young Forest,21635,2024-02-05T15:35:25
5cc53673-d165-4869-bcde-b1c8b028bafc,Gina,Avery,Female,1964-12-01,789-668-9571,knightwhitney@example.org,2808 Elizabeth Trace Suite 251,48531,2022-08-25T17:48:20
72847156-2e8c-46bf-9268-b5df95bb6e09,Robin,Moore,Female,1973-07-16,(947)225-6926,smithkyle@example.com,93043 Alvarado Squares,11390,2022-08-10T12:50:28
abf89388-f254-450e-bde4-71bff8655d61,Michael,Long,Female,1984-09-29,567.758.2397,ysawyer@example.org,17825 Gregory Ranch Suite 135,92532,2025-07-07T21:31:06
15c33fae-fce1-46a1-96fb-9a22e2b6ef5d,Crystal,Campbell,Female,2001-05-15,001-640-383-0811x132,lynchkeith@example.com,175 Berry Roads,40148,2022-05-02T00:13:58
9fc08086-228b-468a-ad5f-4dd311a2c64d,Andrew,Morgan,Male,1945-08-11,+1-316-884-1620x6356,wilsonalyssa@example.net,9421 Sarah View,14603,2023-04-22T13:10:13
1c68a614-2644-46f9-aab1-0bcf64c40063,Maria,Walton,Unknown,1994-09-23,340-321-9467x6986,brian40@example.net,1375 Klein Green,92370,2022-07-26T04:07:26
32773b28-ab3d-48ac-b5dd-b7d2ca7cd927,Sandra,Lopez,Other,2022-11-22,743-424-3073,cameron15@example.org,783 Maria Forges,13698,2025-04-18T17:13:49
caf3c094-b61e-48af-8ad7-6a0d52194d62,Lori,Wells,Female,1947-08-14,8388618243,wyattdawn@example.org,561 Shaun Dam,31335,2024-05-27T22:34:21
fbcb4db6-9a51-4c62-9ace-65501544409d,Christopher,Cruz,Female,2011-03-21,+1-301-857-4941x7691,mary07@example.com,54493 Melanie Fields Apt. 321,58029,2023-05-05T10:56:56
971f640d-e41b-43b9-9f32-5c4c0415a961,Kathryn,Frank,Male,2000-10-10,(724)607-0182x760,williamsmichael@example.com,25044 Johnson Harbors,39535,2022-05-09T06:24:13
40b1fb20-d9eb-4495-9d7e-cb5f2b4786c5,Bethany,Huffman,Male,1985-07-14,408.757.7826x89721,thomasvickie@example.net,900 Velasquez Valley Suite 652,01467,2025-08-24T23:56:01
e77ee2a9-853b-4173-bb66-bcaf47be30eb,James,Barber,Female,1996-09-20,001-555-917-2303x0180,ggarcia@example.com,946 Nelson Shores,55825,2023-10-11T09:08:20
2ab8c610-e7e3-49b8-918d-a4887d5704df,Lori,Lang,Male,1951-12-20,001-238-501-1481x41926,vboyd@example.com,608 Michele Course Suite 932,63574,2023-11-06T05:51:53
435b6625-4e7f-447f-b354-f19d3d224110,Melissa,Anderson,Male,1959-09-09,(349)579-1710x645,whitakertimothy@example.com,6625 Joel Ramp,87050,2022-08-25T13:24:48
45d89da6-0a5b-4eb2-9667-91896ed5ca30,Billy,Villarreal,Female,1985-03-10,555.825.5750,patrickdean@example.com,812 Day Cliff,40079,2025-06-27T02:45:46
a8cf20c8-7545-4946-a81d-0ecfc27ff69e,Jeanne,Hall,Male,2004-05-09,311.210.9157,mollyjohnson@example.org,076 Little Isle,05330,2024-12-12T20:40:49
df3e03c2-2172-44cf-8808-1d218d204cf6,Alyssa,Johnson,Other,2024-07-30,001-212-408-8190x776,andrew55@example.net,186 Gerald Dale,77930,2024-10-17T01:32:09
92dae5a7-bc11-433c-82bb-c9159fc9953a,Sarah,Simmons,Male,2002-12-25,(468)574-9615x4057,wturner@example.org,08033 Robertson Forks,32660,2025-05-02T07:29:58
7859d906-e78f-480a-b31b-c38a6173a99e,Joanna,Nolan,Male,2006-12-12,+1-293-817-7137x94981,kylemartin@example.net,486 Ann Crescent,17307,2023-08-20T12:22:36
45314fd0-ac01-453d-b1fe-69b80936312c,Charles,Ortiz,Female,1940-06-18,504.987.4391,moraleslisa@example.org,4814 Aaron Courts Apt. 981,47496,2025-01-19T22:14:21
8338b815-cd9a-4a65-9de6-346755ec2b78,Crystal,Johnson,Female,2015-09-27,001-480-342-9456,seththomas@example.com,404 Hawkins Freeway,39860,2023-02-01T06:23:47
b510561a-683d-4f14-acac-f6d9c8bc1c88,Paige,Ball,Male,1944-12-21,(778)395-6753,martinezbrian@example.org,03474 Mitchell Ridges Apt. 903,44112,2022-01-04T00:48:11
42f76d43-b818-4f1c-98a3-2011f1624df9,Michael,Riley,Female,1968-07-03,001-784-280-3216x21597,jenniferjohnson@example.com,91099 Thomas Spring,69090,2025-09-20T01:53:06
15538cc9-4444-46bd-8819-a23a7d23fd9a,Timothy,Garcia,Female,2026-05-17,385-360-6466x731,robertoneal@example.org,5245 Tonya Hills,35842,2023-01-13T18:53:19
ce339ee0-15b5-4510-abfb-9abfeb34e953,Daniel,Montgomery,Female,2004-05-13,+1-265-365-7433x1906,pmartinez@example.net,1184 Mosley Brooks,62884,2021-12-22T14:27:49
e554674f-8240-452d-9c89-e59a5190ae93,Melanie,Torres,Male,1959-10-26,503.374.3275,urodriguez@example.org,71487 Thomas Burg Suite 551,96972,2021-12-25T07:04:32
c316959c-ce64-4ebe-a0e7-118acf8da52b,Emily,Foster,Male,1978-08-25,571-353-9952x6493,freyes@example.net,49924 Carter Mills Apt. 212,27969,2024-06-16T21:55:08
10a12a0b-5f96-400d-ad56-e616130cd65b,John,Hurst,Male,1994-08-07,(301)579-1809,matthewjones@example.com,2748 Christopher Union Apt. 043,16271,2023-10-02T04:44:31
165effd1-c764-4651-bca8-72f2cd2c4a30,Adrienne,Moore,Female,1993-09-28,(912)568-1137x6731,lancedonovan@example.net,37547 Hoffman Road Apt. 148,38973,2023-04-07T18:16:14
bc8b7eb7-0371-46f7-b91d-8c4c02781c40,Sarah,Wilson,Female,1994-07-25,822-432-6878,tinareynolds@example.com,16422 Makayla View,55505,2025-05-09T12:07:31
12049b0a-9e11-471c-a8ae-6b4bdec2c775,Christine,Henry,Male,1951-07-24,5637040796,amandacastro@example.org,1875 Morgan Forge,46178,2025-04-25T02:52:59
f81793a1-df10-40ab-b734-7784a049d164,Nicole,Shea,Male,1977-05-30,6173310730,ryan29@example.net,4016 King Trace,15028,2022-07-05T16:49:41
aa3961be-c93f-4c2c-94b5-e773df973c95,Derek,Orr,Male,2010-12-05,(240)693-9425x17432,rbutler@example.com,3874 Patricia Crescent Suite 500,46113,2024-07-31T00:24:06
2382d280-b443-44e9-8e60-ec161f39f9f9,Robert,Ryan,Male,1992-12-01,(872)649-8063x9379,richard41@example.org,38997 Kristie Plains,94618,2025-07-20T06:18:56
2f81d4b2-14c6-4d19-ad33-29b7befe0e22,Zachary,Smith,Male,1962-05-05,348-537-1196x9594,tiffanylin@example.net,93361 Denise Station,40068,2023-10-13T14:17:24
6ed7149f-00fb-4b90-9772-2cf0f38e6bc3,Chelsea,Matthews,Female,1981-08-16,+1-955-294-0841x810,rodriguezdaniel@example.com,3443 Heather Union,84292,2022-06-06T06:57:01
b78bf29d-0ccc-45c6-b5d0-ea433baada26,Christopher,Murphy,Male,1987-09-18,268.838.5909x15816,robertenglish@example.com,48221 Powell Skyway Suite 045,33911,2024-06-22T21:49:11
3150c323-8782-4633-a01d-9aeb52060f1c,Kimberly,Parker,Male,1942-01-04,001-884-485-7782x63531,anthony73@example.net,0659 Jackson Passage Suite 973,72864,2023-07-14T20:19:02
7ecc0177-fce8-43f0-b54f-0f8a32823c8a,William,Green,Female,1984-06-15,001-248-227-2125x277,kimberlydunn@example.org,622 Burgess Tunnel,44069,2022-08-30T03:00:54
bb47d3a4-49be-4766-b81e-2d352fa1f2bc,Benjamin,Ho,Female,1971-10-11,(979)449-4242x258,samuelstewart@example.org,84925 Lawrence Ridge Apt. 623,71558,2025-04-09T02:20:03
7148c007-0faf-46b4-9c63-df5edd712dc5,Mary,Stephens,Male,1950-05-27,821.360.8275,michaelguzman@example.org,307 Wagner Branch Suite 701,17218,2024-08-11T21:16:15
f9648a0f-2d04-40a7-945d-eec7019dc12d,Todd,Romero,Male,1944-11-11,996.241.9208x5140,wooddanielle@example.org,7100 Sean Neck,20098,2022-06-09T03:40:11
934fa5c8-8ac0-48d3-a0d0-2f5a24d6281f,Veronica,Curtis,Other,1961-02-03,+1-999-987-3519,spencer79@example.org,202 Hall Ferry Apt. 923,77902,2025-01-09T05:45:40
c2fc93d9-b3ef-49d7-9fbf-23bbb33109f5,Sarah,Long,Male,1968-10-10,001-308-838-6142x9008,scott60@example.com,3530 Jose Expressway Suite 295,70866,2022-02-18T07:23:37
c19bf990-5247-4092-993e-eb082fe26180,Steven,Rollins,Unknown,2001-02-18,555-338-3390x8877,david49@example.org,49743 Shane Mountains Apt. 871,49375,2025-07-22T22:30:15
d606be66-a2a2-41a6-a508-f5c429949775,Michael,Glover,Female,1976-04-11,883.385.9008,gilmoremarcus@example.com,2083 Bradley Roads Apt. 879,86468,2024-11-01T22:56:12
a3fe085b-81b4-4b37-a98b-4ff499ff70c6,Theresa,Richardson,Male,1942-09-03,(411)409-0993,raymond40@example.org,609 Morton Manor,27163,2025-05-10T20:26:40
584220f1-d310-4f4f-803e-3ee26d30a1b9,Holly,Summers,Female,1954-08-27,928-909-4982x37342,ehuerta@example.org,7742 Robertson Pike Suite 148,61019,2021-11-12T16:34:31
e3fb7b87-a7a3-4c7a-81c9-a46487d22e31,Jeffrey,Webster,Other,2009-11-16,001-242-624-1403x13453,upetersen@example.net,377 Snow Grove,92383,2023-09-12T22:17:19
29489bda-c119-4d43-880d-0cf3406d5351,Ronald,English,Male,1999-01-22,751.407.1840,ryan90@example.net,4861 Moss Keys,98067,2025-04-11T10:28:26
e716eb38-581f-43df-be71-bda810128b96,Gregory,Clements,Female,1959-08-04,681-468-5732,lgrant@example.net,633 York Landing,96535,2024-06-08T19:49:39
6e1ab11a-d155-4475-8172-494f9eae2feb,Frederick,Pittman,Male,1966-06-22,874.772.1931,tylersims@example.org,765 Crystal Inlet,48975,2024-12-18T15:25:17
722899a2-b752-4753-a60d-400fc3b1ef08,Richard,Hurley,Male,1944-07-07,426-546-5149x89850,tara89@example.com,0442 Nielsen Drive,01936,2023-11-16T20:40:19
518288dd-1696-4a15-acac-1b18be8864ab,Elizabeth,Jordan,Female,1937-07-23,(519)331-3457,sjohnson@example.org,369 Wagner Village,00718,2023-02-18T07:27:48
b2b51b60-5c89-406e-aa1b-248fea94d306,Patrick,Edwards,Female,1989-09-06,(886)680-0408,john81@example.net,62887 Allen Lock,18107,2022-07-03T04:22:10
91b72a5c-10dd-4f06-b594-6de4ad9e392f,Brenda,Murray,Male,1989-03-20,884.391.9260x229,carriewalton@example.org,164 Amy Crescent,69690,2022-02-27T21:53:49
5bad4331-7366-4606-91ae-2d48d6f83aa7,Daniel,Ramirez,Female,1968-06-15,248.833.2693x31514,ashley48@example.net,1444 Jefferson Island,89666,2025-01-28T08:40:41
4cdcffaf-7fec-41d8-9ed5-60c37afeb17e,Beth,Webb,Female,1972-08-12,478.622.2011x270,jacob61@example.org,9748 Matthew Lakes Suite 037,35278,2024-07-10T16:00:15
beb64fd8-ffc4-495b-8bc1-35a9503fe053,Jason,Martin,Male,2018-07-17,+1-351-797-2274x326,juliepowell@example.org,5661 Andrew Branch Apt. 748,49822,2024-11-21T21:07:14
b0dc80e8-0aee-4a68-aba9-5b909654a5e4,Tammie,Olson,Male,1943-03-20,(267)921-5609,williamslori@example.com,904 Shannon Stravenue Apt. 675,98245,2023-05-21T14:19:27
5309c42a-762e-4da3-a146-04df77069f94,Alice,Alvarez,Female,1963-06-05,(540)495-9148x9383,christie73@example.com,227 Fisher Springs Suite 777,79777,2022-06-17T20:53:50
673ad8cb-f8e7-458b-b1f9-7ce9d8b304a4,Phyllis,Pitts,Male,1955-03-03,+1-653-625-8139,garciasean@example.com,1770 Sandra Ville,92479,2025-05-27T11:37:42
27165ab6-73c1-4557-b6e2-6e93e62abbfe,April,Taylor,Male,2009-02-17,+1-450-287-9782x2971,brandondawson@example.net,48077 Cox Orchard,38985,2022-01-16T03:21:20
f31b3888-6b6a-4820-a2b4-5550c0242e61,Cynthia,Brown,Male,1964-02-18,5474786676,megan06@example.net,304 Michael Common,63746,2025-06-16T21:04:14
61a73056-5114-4a97-89cb-c14823b1d124,Douglas,Stewart,Unknown,1969-08-29,602.578.4921x43066,george15@example.com,029 Patterson Manors,19039,2024-01-05T16:01:40
5d9f2c8c-6640-464a-a63e-0670a1d76730,Jaime,Baker,Male,1943-01-10,(641)478-9066x80242,allenholly@example.org,797 Andrew Manor Apt. 685,41421,2025-03-23T18:33:11
e7c5d314-a969-44fc-9141-70c1ca978f1d,Erin,Christensen,Male,1998-02-09,526-979-2704,sandersgary@example.com,10138 Danielle Drive Suite 209,92423,2023-12-07T06:20:04
378ce7b7-2f14-4369-b22f-deb897cabad1,Robert,Thomas,Male,2019-06-28,(771)867-5903x6878,johnstonsara@example.net,82259 Clark Lodge Apt. 286,77802,2025-07-29T00:32:47
45590d60-265f-45c1-b8e7-e190642bb07d,Christina,Carr,Male,2013-07-05,494.240.1279,kevin50@example.org,1477 Mark Islands,60876,2022-02-25T20:44:31
28876b7f-6469-4f53-bf50-85e7058cdd44,Luis,Burke,Male,1981-01-12,282-712-9063x07228,jhurley@example.org,03545 Wilson Field,97830,2021-12-03T14:56:23
47155ad3-8ca0-4d2a-9a93-98e6f487b599,Allen,Watson,Male,1950-07-08,911.703.3898x28223,jayallen@example.org,62936 Joseph River,67045,2021-12-27T17:28:48
7fc76f6a-b946-4130-9b58-e20a7c8d8aef,Danielle,Hancock,Male,1954-08-28,414.916.4751x618,troy32@example.net,859 Hayden Well Suite 381,19458,2025-03-21T11:35:38
7cc27448-28ea-4192-9a02-4444f28446fa,Heather,Johnson,Other,2021-09-22,308.206.4002x09603,smithroy@example.net,8044 Matthew Extension Apt. 255,47241,2023-05-22T20:32:07
1b2391f0-f620-44c0-9a76-6ac40f4c7562,Donna,Alvarado,Male,1957-06-16,940-275-8447x8213,carriejohnson@example.net,821 Christina Underpass Suite 004,62084,2024-08-09T07:30:52
9b99f012-7a09-471c-b4bd-feed52c2a44b,Anthony,Adams,Male,1987-09-04,768.241.5191,renee88@example.org,5344 Burton Flats Suite 391,66762,2025-01-22T09:00:21
7e85f617-f17e-493d-84cd-a1d23c32f2ee,Brett,Clark,Female,1972-12-13,001-597-338-9781x65727,duffybrittany@example.com,779 Ramsey Mills Apt. 561,89861,2022-06-01T14:10:56
f4f48fdc-0351-4800-bd91-dbcc6a959ce2,Aimee,Patel,Male,1949-06-20,437-734-1816,bakermaria@example.net,90997 Anthony Fork,28711,2024-12-31T15:39:16
4f844346-a165-437d-96ad-3649289a2abc,Maureen,Gutierrez,Female,1950-02-02,001-326-851-6553x202,jordankelly@example.com,7238 Moss Stravenue Suite 254,46880,2024-07-11T15:28:29
995fa798-1f31-43fa-9c93-92456dd2c683,Eric,Martin,Male,2013-10-07,+1-870-312-8558x838,hannahfoster@example.org,799 Williams Road,71258,2024-05-09T19:44:45
5f942c43-b989-4884-9752-2610482a68ff,Sherry,Juarez,Female,1953-09-10,552.968.0401,jodi66@example.org,834 David Fords Suite 077,99548,2022-05-21T07:41:28
90b950bb-5e9b-4a6c-a0cd-5bb8dd357f0d,Patrick,Guzman,Other,1968-02-29,(458)623-7547x3074,garymorris@example.com,122 Brown Stravenue Suite 251,45115,2025-03-15T17:12:30
5eb8e0db-7273-47af-8488-a0e81028f5b4,Christopher,King,Male,1974-07-22,700.405.1793,rodriguezrebecca@example.net,778 Moody Pass,81002,2025-09-11T15:48:46
b0333c0d-5381-4235-b1cf-c83f359ee84a,Stacey,Ward,Male,2009-08-10,(422)803-5040x04922,frobles@example.com,209 Kayla Land Suite 518,69996,2022-07-01T00:34:39
a24565d4-5002-4d68-a70d-c8b8df331eb0,Jessica,Wright,Female,1999-10-30,001-237-993-9751,michelehaney@example.org,39466 Christy Keys Apt. 613,21473,2023-04-09T17:00:51
47d0e6ee-c96c-4090-b9e7-6f99f8f79639,Javier,Rice,Female,1968-02-14,489.404.6270x613,brightjohnny@example.org,84861 Cunningham Mountains Apt. 706,56120,2022-08-02T18:52:07
b2c5b9b9-54c0-4524-8b37-a85d93c4ad32,Ian,Jackson,Male,2001-09-06,605-926-0610,robertrivera@example.com,32770 Pollard Squares,86217,2023-06-27T22:42:44
c8169e32-5263-4195-b729-4c21208bc725,Richard,Hernandez,Female,1997-08-13,814.887.5439x9814,tammyalvarado@example.com,09530 Howell Rapid Apt. 215,37865,2022-02-22T06:50:49
b5465c93-3a9a-40b6-a950-419df89c591d,Shelley,Gray,Female,1972-11-25,+1-618-959-8806x999,hintonrichard@example.com,831 Lee Turnpike,29219,2021-12-25T02:47:57
3fc4f4d0-d1d5-4a53-9035-dd193cad3401,Joy,Oconnor,Female,2017-04-28,276.397.6855,mcain@example.com,998 Brown Estates Apt. 638,59982,2025-10-06T02:43:31
503eeaf2-04f7-4882-a3fb-8c1d7841b3dd,Mary,Phillips,Female,2001-05-15,864.604.7580,lindahicks@example.org,23743 Lindsay Mission,84206,2021-12-14T02:22:16
25fa9f8d-c00c-4ab9-a257-37cf18781ae5,Charles,Santos,Female,1962-10-29,(662)764-0624,kimberlyjones@example.com,19227 Brandon Grove Apt. 770,82486,2023-01-08T16:10:04
7672cdbe-7dae-4677-877b-fb5014d0945b,Rebecca,Owens,Female,1977-03-06,376.726.8957,cherylsantiago@example.org,030 Adam Parkways Suite 944,45262,2024-09-01T13:52:43
ba52dbf2-f551-4cd0-b278-0c3be412b716,Jennifer,Hernandez,Male,1973-09-16,843-395-4055,obowers@example.net,9212 Susan Roads Apt. 941,71881,2025-02-01T23:58:03
31745b78-c705-4d1e-a3bb-48b6731171a7,Xavier,Jordan,Female,1966-10-24,+1-411-501-9683x80914,mschwartz@example.org,30872 Hayes Wells,15844,2022-12-07T18:12:24
5d20d8de-24a1-4c7f-b63f-93f646b5b8f6,Tina,Tyler,Female,1992-01-08,001-417-547-9653x3880,smithrobert@example.com,69828 Robertson Mountains,74818,2025-02-22T15:36:03
392c5f42-3f20-4c22-b947-7aa80f1c0455,Brandy,Shaw,Female,1962-07-31,001-278-709-3193x422,silvapatricia@example.com,17627 Reyes Squares Suite 024,30274,2021-11-01T03:44:01
9ee31563-d328-40c7-9b2d-e07e53c45254,Stephanie,Moore,Female,1955-11-02,721.245.3385,christina35@example.com,776 Johnny Neck,13082,2025-01-07T18:24:09
f4e82b6c-45d3-408a-889f-884f2568221b,Reginald,Hudson,Male,1940-10-29,001-630-342-6073x593,zrobinson@example.net,2509 Terry Roads Apt. 106,90536,2022-10-04T16:28:46
e21a47b9-9ad2-4609-906d-5518fc3b9c08,Barbara,Williams,Female,1949-02-16,550.468.0208x15157,lisa48@example.org,376 Waters Mills,67641,2023-05-16T09:46:25
302d8d1f-a555-4fa1-8f8b-e8bdd2fa9b0a,Michael,Kaiser,Female,1983-07-15,001-519-816-1629x4053,tclements@example.net,6013 Torres View Apt. 161,54055,2022-05-05T01:47:42
4badb973-1ed0-4243-9ae6-9d9798fb7955,Nathan,Smith,Female,1949-12-06,001-974-786-1093x00471,alexandra61@example.org,38584 Wiley Greens Apt. 811,00618,2025-09-02T10:03:05
86043d41-31e7-4a38-a280-65d7bc496467,Adam,Lewis,Female,1984-02-29,001-711-706-5667x59877,tonyaduarte@example.net,09722 Williams Haven Apt. 052,52153,2021-10-11T18:13:53
60421eb5-ca6b-4ccd-bf8b-c509484f0da6,Joshua,Ferguson,Male,2006-10-27,5613814936,michaelweaver@example.com,16635 Sandra Station,90561,2023-10-11T11:17:09
4c55542d-02cb-42d1-9a4a-9d0bd18ee31b,Gabriel,Barrera,Male,1985-07-24,001-824-844-2709,ericpoole@example.org,79156 Thomas Rapid,26756,2022-12-05T09:22:15
0760d408-0678-4e13-8bcd-6e4d24e11716,Marie,Sanchez,Female,2015-10-09,7612383636,mark61@example.net,86378 Young Hills,67258,2023-09-04T07:46:54
5e5ea4cd-1426-412f-abe2-6493c32aeb1b,Philip,Thomas,Male,1990-04-29,694.269.1790,todd70@example.com,16228 Herrera Path,85545,2022-09-11T11:01:47
7259f45b-25ca-447f-be33-ebd7e8e91639,Jesse,Wright,Female,1975-02-08,+1-701-893-7867x03226,rodriguezerik@example.com,1594 Delgado Pines,46819,2024-01-15T02:54:50
71b31c91-9806-4af9-a82f-bcce8e25ce3d,Ellen,Steele,Female,1999-11-08,(934)669-7741x143,brooksjames@example.com,0423 Cunningham Lodge Suite 989,38221,2024-05-02T16:49:45
74b8b222-4607-41e5-afd8-dfa91b952ae5,Aaron,Johnson,Male,1968-02-27,4123175025,lambhenry@example.net,2014 Stewart Vista,59942,2025-08-18T06:45:27
48e636b5-740d-49d6-9b46-5e04b4cfdcd7,Jeremy,Cooper,Male,1969-05-20,001-688-998-4838x703,christopher47@example.org,98613 Krystal Parks Suite 737,05810,2022-07-25T16:50:10
04573e35-f4c3-459b-92a3-43b820e7b6ef,Rachel,Smith,Male,1969-07-19,615.346.9536,jameshenderson@example.com,365 Velasquez Radial,95663,2023-03-29T23:02:13
7a235335-8d75-4038-9397-ff39de240ec5,Allison,Duncan,Male,1961-02-16,362-609-7327x5825,jonortega@example.com,50188 Sherry Manors,02511,2024-11-04T10:37:45
6001e75d-b872-4503-94f1-211050b57397,Nicholas,Drake,Female,1943-07-05,(635)973-6968x727,samantha84@example.net,611 Courtney Neck Suite 325,41509,2024-01-29T00:07:51
52ea13b8-a575-45c7-af2b-a37ea0fef51e,Amy,Collins,Male,1978-03-23,+1-926-803-4483x871,hernandezcheryl@example.net,516 Davis Flat,12519,2025-03-30T08:20:03
c2b2315d-d608-46ac-9cf2-f216539cbe4f,Margaret,Leonard,Male,1945-10-26,385-651-4632,zlewis@example.org,05578 Melinda Ferry,74269,2023-10-31T08:36:36
c1a96b3b-90cc-44af-92f2-978f486cb80b,Sherry,Obrien,Female,1998-04-20,001-361-693-1562,frogers@example.com,6037 Conner Harbor,98675,2022-06-18T16:46:48
b907e44b-0e4c-4983-82ff-51e0e21d4d53,Brian,Chambers,Female,1985-11-08,+1-396-673-9852x6643,waguilar@example.org,5844 Graves Knoll,74127,2024-02-01T07:53:22
ed4c8325-105a-4d40-bf26-32df21c20510,Tamara,Brennan,Male,1981-11-18,001-780-371-2360,kaitlinsanchez@example.org,322 Roy Pine Apt. 919,54155,2023-02-01T11:09:35
29d36291-85d4-42c1-9a2d-445326cd4979,Barbara,Barber,Female,1992-04-16,001-238-222-1361x1998,rebecca14@example.net,7860 Shawna Ports,81397,2024-02-25T10:03:48
5c3dbae4-c131-4e84-9784-19193c29d9ed,James,Wells,Other,1993-12-20,536-479-1508,campbelljean@example.net,5395 Harmon Mission,36407,2025-07-24T10:01:28
57f46801-69a2-4466-94c6-d16d569186b9,Renee,Castro,Female,1986-01-31,685-282-5982x37721,bryanellison@example.net,896 Frank Curve,13586,2025-09-27T06:12:38
0fe91780-8b8c-4b6e-a68b-179f7e1193ab,Robert,Daniel,Female,1984-09-28,816-928-0095,brandon42@example.com,313 Gibson Underpass Suite 513,84935,2022-03-02T17:39:29
b1d06d8a-655f-4c8c-8a2b-a8f5a44e3b1c,Pamela,Martinez,Male,1943-12-05,9828074407,davidramos@example.com,74789 Ruiz Land Apt. 977,31825,2023-03-30T16:04:40
350ea2b2-d07a-4b58-96e7-bff3d2a60853,Frank,Michael,Male,1981-04-29,(289)213-5133,wendy16@example.com,73334 Ryan Vista,02850,2025-07-20T17:04:37
de60d544-e953-4b87-8344-819d1d80f7cd,Patricia,Keller,Male,2019-10-07,+1-929-829-0655x710,escobarkelly@example.org,4896 Brown Islands,21689,2023-08-12T13:57:44
aefb4b37-a50e-45e7-8e77-b6893d407ee0,Jose,Johnson,Female,1983-09-08,(795)303-1096,randerson@example.com,369 Wheeler Shoals,53792,2025-08-17T03:10:31
b281738e-d7c7-48e6-a495-430e0d6f885a,Lisa,Levine,Male,1959-04-01,903-447-3758x3683,hooverdavid@example.org,280 Alex Mount,20757,2024-07-08T03:34:09
c22edfc4-3810-4177-8acc-09da0ada634b,Kenneth,Cameron,Male,2008-07-22,579.646.4119x771,lindsay83@example.com,834 Mcgrath Burgs,82401,2021-10-11T04:01:34
233e8b97-ded7-4bb9-b454-ef982712cefe,Benjamin,Moore,Female,1960-11-17,(840)651-6497,gailbrown@example.com,54079 Edwards Parks,94550,2022-04-01T04:51:14
a2637d77-c186-4bce-a334-db0652acde30,Scott,Walter,Female,2008-05-25,787.479.9139x411,derrick12@example.org,0599 Jason Cliff Suite 397,80904,2024-09-05T20:30:59
4a25cec8-c3fa-463d-829f-8b3904edf187,Gary,Dawson,Female,1978-03-15,683-333-7747x2561,fcamacho@example.org,45448 Tyler Fields,05012,2022-03-16T09:15:29
6a396c71-b276-4469-b6f9-57dcab6da9ab,Rebecca,Mitchell,Female,1996-08-15,(357)305-3563x2525,zmiller@example.com,83754 Adam Harbors,33121,2022-09-17T21:21:39
0937a982-96f4-4688-b33b-5a5d0a45f604,Darin,Malone,Male,1940-07-02,769.318.9159,annahicks@example.com,597 Kevin Expressway Suite 075,03943,2024-10-31T02:51:06
5971116a-01d4-4cf6-bdd0-a74b952e653e,Leon,Williams,Female,1985-07-21,(283)331-1609,qhurley@example.net,000 Shannon Shoals Suite 546,67269,2022-09-15T18:00:03
8257909d-5e3c-4f18-a1b3-9d6494e2a33d,Sarah,Snyder,Female,1982-04-22,8093657509,ymills@example.com,3675 Casey Isle,95139,2021-12-21T10:29:55
26fa3d5c-3678-441a-a5ad-afab2a07a58d,Carolyn,Foster,Female,1936-06-09,962-517-3623,cheryl90@example.net,6083 Floyd Road,53913,2025-08-23T12:08:45
9f6f4967-be87-4c4f-a0af-9f67ea4a973e,Teresa,Shaw,Male,1973-11-11,+1-467-408-0299x9676,fjackson@example.com,5116 Erickson Mount,44843,2021-12-31T21:21:42
636f7abf-82c9-41df-9fd2-29bc8e673bc8,Antonio,Bauer,Male,1977-01-20,(881)291-5318x759,beverlyfitzpatrick@example.net,5660 Mary Union Apt. 350,65745,2023-02-25T20:22:58
419b7333-9b8c-431b-8111-61a7339b2275,Matthew,Francis,Male,1998-09-28,001-261-250-6255x65882,mark88@example.net,917 Thomas Expressway,33968,2021-10-21T13:21:49
64838f5b-42a5-437c-a5de-9e2853ba140f,Carl,Lucas,Male,2000-03-29,402.544.0472x9967,qsparks@example.org,2769 Joseph Well,55779,2021-10-10T15:43:17
720f2288-0760-4502-b39f-51c3490ec6f3,Brent,Harvey,Female,1982-03-10,267-575-1399x105,fernandezbenjamin@example.org,178 Gregory Row Apt. 788,39298,2023-10-07T09:48:19
c51fcfef-8305-48cb-abfe-1fb5a6c2b716,Michael,Snyder,Male,2016-09-24,931.267.6415,anthonyfrederick@example.net,457 Duran Ports Apt. 916,23564,2024-06-19T14:39:00
63300ee1-0aaa-4c51-9cd9-7b172f51270f,Christine,Davidson,Female,2025-04-09,001-292-673-4472x93266,marcus43@example.net,054 Castillo Fords,70754,2023-09-09T01:00:59
34a11999-dfcd-421a-aede-901cbe2904f8,Aaron,Graham,Male,2009-05-24,529.885.7644x03156,mbrown@example.org,17425 Karen Mission Apt. 293,89306,2025-08-02T12:50:18
4c71b0d5-bf4d-493d-bc57-003e91f91586,Patrick,Bass,Female,2022-11-07,432.671.4590x1149,kmclean@example.org,790 Thomas Stravenue,74751,2024-10-01T12:20:14
97dfc472-e2fb-42a1-b6df-253cac98c942,Gregory,Mcclure,Female,2017-03-05,892.327.0087x4172,alexander99@example.org,259 Armstrong Island Suite 374,54201,2023-06-08T11:59:53
a5d83148-0deb-483b-b6ba-45725c667438,Steven,Barber,Female,1993-06-05,912.704.8976,steven39@example.net,78441 Robert Creek,32061,2021-12-29T14:58:00
d7f3b054-e266-416f-a3e4-92f3911cdbb8,Robert,Stewart,Male,1951-08-27,(918)294-3849,vanessascott@example.com,35345 Cassandra Ridges,65646,2023-02-22T04:27:04
032a0c06-4f55-458e-8618-93ec82d768c6,Ashlee,Brown,Male,1969-09-11,001-263-280-2927x761,sarahjohnson@example.com,9446 James Village Suite 371,03470,2024-02-20T04:02:17
34d387dd-557c-4198-9c40-6c3b2e50b78b,Steven,Cannon,Female,2026-01-26,+1-724-443-5585x71694,lindavillarreal@example.org,539 Jessica Stream,54801,2023-05-28T11:38:23
53cdc93f-b84f-481c-a379-6fa5b84e203d,Patricia,Anthony,Male,1944-04-17,703-282-2586,gcrosby@example.org,91511 Brian Squares,86169,2025-03-11T21:05:49
2a4e4d28-c0fc-4144-9a10-6a5264087ac9,David,Lowery,Female,1980-08-22,746.726.3970x24587,preyes@example.net,1854 Brown Creek,74748,2022-06-09T20:56:12
490c3442-98c3-4a3d-8f92-8bca7aecc953,Steve,Miller,Female,1948-03-23,(448)441-4177x17385,qbyrd@example.com,09742 Brittney Vista Apt. 364,43152,2025-08-19T20:04:55
3f9ee7b6-f015-4f90-9b7b-e180aac21afb,Aaron,Davis,Male,1980-07-20,+1-888-410-6699x1700,karinasolis@example.org,2945 April Squares Apt. 698,80052,2023-12-16T08:38:16
da495408-0011-4e30-a268-d92f1b757ed1,Lori,Lewis,Male,1958-03-05,001-927-531-3359,dean85@example.net,19147 Bradley Extensions,95346,2024-01-23T15:24:51
f260a3ed-02de-488f-9b6f-3ad40ccea325,Tamara,Meza,Male,2010-04-09,6434083286,kingamanda@example.net,395 Pam Mission Suite 630,19341,2022-05-09T16:51:43
61a4cd19-71ef-4e0a-8dae-ac5c00009f1e,David,Allen,Female,1970-11-16,617.328.6295x141,milesmegan@example.com,988 Daniel Park,05366,2021-12-21T09:48:34
0db4a7fa-18e4-4d85-a8d4-2725f611c0ec,Tiffany,Molina,Male,2001-04-18,+1-268-941-5369x445,jonesmark@example.org,255 Justin Crest,79983,2024-01-14T04:21:20
6c5495bf-f88f-4979-b0d7-509da551524c,Kathryn,Perez,Female,2020-02-13,2065085534,nancy77@example.com,9356 Robertson Fork,91180,2023-01-05T08:16:04
6ae06e01-47ac-4ec9-937b-41c25f7131e1,Jill,Lawson,Female,1955-09-15,(352)934-3992x54493,benjamin31@example.org,30976 Phillip Drive Suite 279,09697,2024-03-24T18:23:21
e60584a2-08f5-48e7-853b-cc3a4c26fd27,David,Pittman,Male,1979-10-06,755-982-8155,adamreyes@example.org,3862 Lawrence Glens,65570,2024-09-01T01:47:43
ee1cb89a-74f9-45ca-8341-fd0e244f802b,Francis,Ward,Female,1956-08-28,001-394-601-1467,gina42@example.com,15296 Ferguson Port Apt. 327,32218,2024-06-19T06:17:38
3464fd00-ea21-4067-8cf1-493afbb8704e,Christopher,Brown,Male,1952-02-21,879.640.1846x88353,pcruz@example.org,2685 Ronald Ports,15284,2022-10-11T20:17:54
ae8c51f9-f3d2-4fd2-be87-dbaca2ff6996,Brandon,Hines,Female,2019-01-03,(364)797-5671x175,theresahorn@example.org,41581 Ali Shore,45118,2023-07-11T20:13:48
79fc3831-ee9a-41b5-ae58-d695e15ab8f3,Megan,Brown,Male,1948-10-14,694.576.6312x85062,gregoryhudson@example.com,3266 Hill Villages,07776,2025-02-10T21:00:35
3c1c09a3-b98d-45a7-960a-56e11cd27c9f,Joseph,Hunt,Male,1970-04-03,283-653-4540x7132,jonespaul@example.org,09087 Troy Island,67543,2024-01-14T23:16:56
8eb4b40e-b1e6-4f11-946c-4404e2edbb63,Tara,Hanna,Male,2002-09-29,+1-999-876-0520x04617,idixon@example.com,551 Danny Crescent,66667,2025-06-13T21:15:04
7acf41f0-902f-4243-b3ef-baa905c66c4d,Samantha,Stanley,Male,1972-05-01,378-333-7066,kurt23@example.org,814 Turner Mountains,02215,2024-05-24T18:13:49
10ae2dfc-3729-4854-a73e-54e5b119e78c,Hannah,Martin,Male,1969-11-29,+1-378-377-5812,vincentclark@example.com,54110 Salazar Lights Suite 729,10742,2024-08-30T04:39:14
7f572473-0983-44e3-87a7-6739609eed33,Ivan,Pope,Male,2020-11-07,001-962-535-2767x4123,hannahhunt@example.com,092 Nguyen Prairie,91420,2022-12-09T02:22:58
f91070e0-2cce-4cce-a994-a2ca7738381c,Richard,Washington,Male,1991-02-27,+1-977-908-5707x4780,biancaramirez@example.org,89065 Davis Plains Apt. 743,86331,2025-01-31T14:26:39
10217062-a817-4850-8b45-cb04e5bc89c0,Kimberly,Mckenzie,Female,1953-01-03,994.345.3242,ksmith@example.net,1911 Patricia Turnpike,57760,2025-06-23T10:59:05
4814e14e-b5bc-4efc-87e4-02c5e05a2a8a,Lori,Jones,Female,2023-12-16,+1-970-736-5340x27421,eduardo22@example.org,200 Jocelyn Points,91955,2024-08-06T09:14:29
063fec11-446c-40d6-8d4c-01b333e40ea9,Laura,Hernandez,Female,2008-06-09,395.913.4365x0376,edixon@example.org,561 Frank Ville,46027,2021-11-25T04:15:17
3c1d10be-3025-47f7-9f3a-d6e8f6939800,David,Brown,Female,2007-08-17,+1-581-462-1971x893,shawnhall@example.net,307 Aaron Wells,45418,2022-07-23T14:36:56
a6725796-feef-441b-807f-b3cbcf735afa,Lisa,Scott,Male,1999-08-29,972.516.9310x285,spatrick@example.org,490 Robert Ways,14115,2023-11-22T14:28:42
6f72bca4-db64-4c30-95dc-4812902ea8c3,William,Hernandez,Female,1950-07-24,328.786.3927,lawrencewallace@example.org,8749 Matthew Rue Apt. 905,97750,2025-06-05T21:39:24
3b44f3d7-cabe-4348-bd10-257cb3f45487,Eric,Gray,Female,1949-08-01,5648935469,cynthiabanks@example.net,083 Young Shore Suite 084,05727,2022-10-28T04:32:52
5d316263-4959-4f6e-8c1b-7e93be162e89,Jonathan,Carr,Male,2007-12-28,765.964.4499x58340,blane@example.org,233 Cummings Trail,73436,2022-12-03T17:07:17
78f4223b-d21a-4375-b4cd-4a415e072fb2,David,Olsen,Female,1958-09-08,3698570111,jacqueline40@example.net,5638 Ryan Orchard Suite 325,50696,2023-06-19T15:12:47
5f0bb32f-e6dd-4be3-a89a-18fe5f8e74df,Chase,Gordon,Female,1970-02-24,798.812.0766x5894,mariagonzales@example.net,692 Johnson Key,84102,2023-05-31T17:50:05
bc35bc9a-521a-41a4-a54c-50288a6fb508,Raymond,Villa,Female,2016-01-05,912.976.4685x1917,ablackburn@example.org,141 Tara Knolls Suite 239,64302,2022-05-31T00:05:27
66db005e-9488-4285-ac88-d2576831429e,Mathew,Rose,Male,2018-06-05,001-370-272-4768x79383,nwallace@example.org,9606 Harmon Walk,92290,2021-12-17T13:33:04
4addf902-c46e-44cd-98f1-a399fbc77e98,Charlotte,Mcknight,Male,2013-05-24,900-914-7927x335,mwalker@example.org,1419 John Mountains,16558,2023-05-29T01:47:23
7e984064-e3b1-4fd8-806c-bd3fac334f9c,Samantha,Williams,Female,1953-04-30,001-339-955-3325,charlessparks@example.com,045 Carrie Junctions Apt. 689,23668,2024-03-04T10:50:28
6e84a24b-f61d-4b9c-9c3e-82e96867453f,Patrick,Campbell,Male,1950-08-17,+1-215-212-1000x872,carolynporter@example.org,66998 Gray Roads,90324,2023-04-07T18:08:31
5532a5c2-233c-490a-a280-70d140d1bc31,Joseph,Sharp,Female,2005-01-17,295-489-4835x269,matthewlang@example.com,512 Johnson Ville Apt. 706,90533,2023-03-09T07:44:49
c0f2b34e-7365-449b-b770-28e6a53d2350,Donna,Allen,Female,2018-09-07,484-334-4294,jesse33@example.net,27586 Morris Club Suite 877,36184,2022-09-15T11:41:13
0af20a23-e3c6-4f79-aa0e-0060ae2a9c01,Mary,Williams,Male,2021-04-13,001-811-738-9547x883,lindsey64@example.net,7765 Anderson Stravenue Suite 939,45837,2024-11-15T02:38:23
a0041dd5-fb93-4692-9c16-0e3deb159f5b,Julie,Henry,Male,2013-08-15,914.410.3867x125,kellyreyes@example.com,4738 Joseph Cove,58961,2022-06-23T21:45:57
d4fecf58-a1f8-45a4-8a4b-455957765dc6,Mark,Gallagher,Female,2019-09-29,932-639-8908x5725,douglaswhite@example.net,822 Daniel Drive Suite 290,15769,2024-06-27T00:15:57
23b7aaf6-92dd-4487-8c79-eecad9e18c82,Matthew,Weaver,Other,2008-02-16,553-393-4661,thomas77@example.net,31139 Smith Squares Apt. 197,82998,2023-10-06T16:11:26
b1768686-d31e-46c4-b4b0-258bcad2b7c2,Curtis,Arnold,Male,1943-05-03,6642212012,michael60@example.org,6127 Sandra Throughway Suite 155,40836,2024-06-20T05:19:23
1ca42a3c-e177-405f-ab42-03f7d2cd2f44,Angela,Rose,Unknown,2005-08-10,001-239-693-2456x98405,svargas@example.com,7356 Burton Coves,51127,2024-02-23T21:18:26
1a93a3f1-8502-46c0-8abf-19038b435eca,Ashley,Reyes,Female,2002-01-04,2826882305,uclark@example.net,8865 Maxwell Divide,65220,2023-05-24T16:31:14
aa25a578-8cea-4275-af3b-bcb5413524d3,Timothy,Chase,Female,1937-02-18,615.721.1507x32497,leachmichael@example.org,8029 Jason Valleys Apt. 685,60654,2025-04-28T23:47:19
b5b25ed1-af1b-4316-ba0e-681bbd5db7a4,Nathaniel,Nelson,Female,1996-04-29,7449403529,vadams@example.com,85330 Amanda Plaza Suite 958,54207,2023-11-25T15:12:38
bb5ad45d-5353-42bf-9dee-8ebf7d3ae67e,Bailey,Brooks,Female,2005-03-11,872-330-0986x768,hernandezmegan@example.com,5033 Todd Cliff,37670,2023-03-05T04:28:22
651c21fd-efda-449e-8c67-43e15f9209ec,Sarah,Swanson,Female,1948-03-15,271.444.2684,jwagner@example.org,4906 Smith Circles,92011,2023-11-14T12:44:09
93b78bab-3815-4095-a48e-85ebd1c1a2db,Matthew,Delacruz,Male,1974-05-23,(477)573-3792,sherylmiller@example.org,5952 Alexa Ramp Apt. 721,84375,2022-01-09T08:16:18
fcea545a-c066-48e4-b013-b8e468729600,Troy,Clark,Male,2019-09-02,+1-459-449-6909x300,harmonbrandi@example.net,499 Benjamin Brooks Suite 493,98321,2025-07-14T10:08:29
27dc0857-7422-4cb0-a4d6-c76ca3f5cc8d,Alan,Sharp,Female,1977-10-16,233-363-2345x8117,karlamoore@example.org,1861 Jocelyn Village Suite 342,88042,2025-06-03T10:03:54
b75901d0-3036-481c-80d9-8272e52e1409,Nancy,Richardson,Male,1993-02-17,+1-812-869-9897x3277,yvonnecervantes@example.com,340 Price Tunnel Apt. 648,97177,2022-12-21T04:43:24
ccc88dc6-8127-4367-b822-c3b6cb28f9c6,Alison,Crawford,Male,1944-07-02,(385)225-2087x593,heatherwang@example.net,13795 Crystal Parks,65357,2022-06-16T04:59:11
b1e76ab9-127c-42f0-aa74-bb8724f47c35,Sara,Dean,Female,1945-05-02,4955965670,linda75@example.com,16244 Mark Burg Suite 044,40777,2024-01-18T05:46:38
4d88136e-67f7-48de-817c-25773de8ca53,Colleen,Thomas,Female,1965-09-12,+1-969-941-3005x787,umiller@example.com,65163 Heather Square Apt. 555,31455,2021-12-27T06:15:44
f398d16e-18b9-40a2-a364-42e58abe5779,Ashley,Turner,Female,2012-04-15,3044004248,mullinsmaureen@example.com,5034 Nguyen Locks Suite 516,53985,2023-02-12T05:20:57
4bb88157-07f6-408e-8426-fe7b060476dd,Matthew,Thomas,Male,1949-01-08,(757)677-6268x540,adamscolleen@example.com,511 Erin Mountain Apt. 504,45213,2025-05-07T11:12:11
ae34097a-c6ac-41e7-93e1-4d832f8af5db,Beth,Daniels,Male,2022-12-04,001-835-491-1460x003,bmartinez@example.net,741 Brown Locks,89494,2025-09-09T12:27:49
1e73b307-f375-40d3-b3dd-8d3140e10b51,Gregory,Miller,Male,1958-10-13,(950)490-5746x07091,rfreeman@example.com,2819 Hannah Junctions,58314,2024-04-22T15:38:47
02b49d26-672b-4fa7-a95d-a34b5b860e79,Jonathan,Smith,Female,1937-10-31,+1-691-331-8373,jenniferwhite@example.net,17009 Sims Road Apt. 874,46951,2023-11-18T06:51:25
5ffa7dbe-6343-4870-97d9-f6474cdaebf4,Charles,Brown,Male,1999-07-21,974-423-7796x766,ywalker@example.com,02773 Wallace Plain,35390,2025-08-16T01:47:38
eb680076-96f5-49cb-9e87-ad6d6db3bda5,Connor,Velazquez,Male,1960-11-05,(876)917-1065,andrea45@example.org,1357 Kelley Underpass,85218,2025-03-13T20:26:30
addaa3b6-0ab8-4fe2-97e4-e1739d63bda6,Stephen,Yang,Female,2014-05-21,810-823-6808,stacywillis@example.com,7435 Anderson Course,83928,2024-05-13T01:27:12
59fbb46d-51d3-449c-bfff-a983081190e9,Samantha,Williams,Male,1983-04-06,(710)445-0674,nramirez@example.com,2927 Combs Summit Apt. 024,15340,2021-11-09T11:03:52
cc3eb36d-dc75-44cc-b93d-af5ab35c9601,Tonya,French,Male,1990-02-06,952.344.8273,hancockmichael@example.net,374 Brooks Parks,94260,2023-07-28T14:10:45
6c362d23-1916-4984-8510-c97a89fd09b5,Jessica,Turner,Female,1999-03-11,6217655473,jennifer85@example.net,69341 Alvarez Alley,54488,2023-07-08T23:07:48
f2f9ade1-59de-4c39-a171-582b9ec78199,James,Carpenter,Other,1972-10-27,+1-951-263-8040,wdominguez@example.net,9524 Kevin Court,94668,2022-03-17T16:53:49
61458972-06fe-49ea-bea0-9deb7d84dae5,John,Morales,Male,1944-11-14,+1-852-799-8362x5067,virginia03@example.org,9481 Janice Underpass Suite 267,95258,2023-12-30T22:16:16
163a6695-e7e7-4386-8251-10f87cc96b10,Kayla,Frye,Male,1936-12-03,(406)202-9015,sarahdunlap@example.com,400 Christopher Keys Apt. 272,48834,2022-05-15T06:48:56
3ed1d8f8-153d-4c6b-9790-834b8b3236d6,Michael,Hendrix,Female,2023-07-25,(473)638-4559x05829,sharplaura@example.com,2445 Matthews Bridge Apt. 588,57777,2022-10-29T10:36:50
1810c0ab-ec1c-4109-a19c-cc9ab7321e2b,Bryce,Brown,Male,1955-03-06,(866)538-2611x72217,rodriguezebony@example.org,26032 Austin Flats,71047,2025-06-25T20:33:57
9a861a16-3dca-4d82-965e-b679bfc1e2f1,Stephen,Figueroa,Unknown,2021-03-21,001-337-820-5647x5923,smithsteve@example.net,123 Bailey Extensions,55300,2021-11-30T12:52:48
8d78e1c8-4f4f-4145-92a7-c5d608caa5a8,Leslie,Davis,Female,1966-04-24,931.477.0157x7282,smithkathryn@example.net,89861 Lawson Via,12298,2023-09-06T10:23:12
9d1c92f0-3770-4be5-b381-c6ebdac9d4a4,Chase,Burns,Male,1995-12-24,381-364-3588,yflores@example.net,74468 Benjamin Islands,76563,2022-01-12T00:26:55
97eaf79c-20dd-48b1-af0f-134e02a29fcc,Tyler,Grant,Female,1963-10-25,001-729-499-4349x651,yolandataylor@example.org,71477 Harrison Centers,32107,2023-10-01T06:52:42
819c84c4-ef7f-4e3f-873a-7522c7e4cbe5,Luke,Jones,Male,2024-05-21,+1-669-896-1938x07836,thompsoncarl@example.net,754 Jose Spurs Apt. 929,10803,2024-10-22T14:39:31
46556f9a-7692-4681-ae65-4dcc8087d4bc,Anna,Russell,Female,1985-01-05,(554)225-2682x02186,rossrachel@example.com,224 Caleb Mountain Suite 670,79856,2025-08-11T14:45:23
8921349f-eccb-453b-8d22-7ff2635fa3f3,Reginald,Reid,Female,2001-01-17,(283)858-6772x973,joshua17@example.org,618 Hill Circle Suite 469,13167,2022-02-16T02:53:09
1e1f86f7-95ed-422d-80d1-ff560c789409,Jessica,Boyd,Female,1966-06-16,+1-723-975-4484x05865,jason27@example.org,795 Abbott Station Apt. 045,21566,2022-05-19T20:49:46
73a44f97-e6fa-403b-ac85-ef207db8aa1c,Laurie,Martin,Male,2022-04-08,001-879-848-7598x9442,kimberly52@example.org,4139 Hansen Lights Apt. 943,54119,2022-03-06T14:00:04
99e305e5-4a50-49e6-8a31-69f729a9bbf0,Brandon,Hamilton,Male,1999-04-28,+1-358-873-8638x25826,rwise@example.net,7312 James Harbors Apt. 774,74586,2022-12-23T19:40:51
f7f3dc54-27a0-4911-afd2-9b721c13a1e7,Chelsea,Price,Female,1977-07-26,+1-521-901-5976x393,mariemedina@example.com,7688 Mark Key,73427,2023-09-12T13:26:52
3fc1428a-7c7a-4691-bb6d-eeca32f9bae0,Ashley,Williams,Male,1986-07-15,479.930.7602x959,anthony20@example.net,610 Silva Bypass,88991,2023-10-18T07:37:26
a7641ff1-ce8a-4e7f-be99-919ec696e772,Christopher,Richards,Female,1977-10-19,+1-412-889-5667x67202,kristi96@example.com,62437 Frederick Village,44199,2021-12-07T13:31:21
4d620050-0b3b-4efa-a070-b244c5c01d05,Dennis,Campbell,Male,1994-05-24,+1-633-566-8794x575,tjohnson@example.org,72541 Teresa Extensions Suite 536,12411,2022-05-16T09:00:05
9564d4c1-aedb-4262-9d95-b4d7570edab2,Jeffrey,Gordon,Female,1988-06-21,001-936-668-3528x360,madelinestrong@example.com,6870 Mills Islands,33456,2023-09-03T14:44:28
cef483f6-71d5-4861-b6bd-6dbe3a8e36fd,Julie,Garcia,Female,2025-12-31,369.273.7130x495,douglas08@example.net,92870 Faith Unions Suite 835,13821,2024-10-26T02:54:52
2a184cbc-19fe-4052-9db8-0b51e9623c3c,Karina,Salazar,Male,1975-10-19,951-477-8279,zacharytaylor@example.net,6946 Jacob Walk,20627,2023-03-02T15:31:51
9aeec74f-f259-4fc7-ba92-6f97bd87ff11,Whitney,Nelson,Female,1943-11-20,001-626-584-7307,meredithrosales@example.com,73897 Eric Lake,49703,2023-02-08T14:21:20
cb59b151-5dde-4466-bf03-66ef702724eb,Ashley,Valentine,Female,1965-09-01,359.551.9244x556,lisacooper@example.com,98416 Jennifer Spurs,55299,2022-06-09T13:58:14
e5cefa0f-8671-4213-b55a-478e0541f3ca,Brian,Davis,Female,1997-06-30,(505)747-8038x743,gsmith@example.org,0469 James Prairie Apt. 150,24850,2023-03-10T12:26:44
6b2afb3a-1b38-41ad-8b21-cf12a284598a,Douglas,Bishop,Male,1975-05-11,942.214.7319x6945,erica47@example.org,3056 Kimberly Well Suite 266,54370,2023-05-16T10:56:56
b3b966e2-8eaa-4112-afb0-c6654766229e,Jessica,Matthews,Male,1984-01-28,(780)824-6125,trodriguez@example.net,944 Madden Squares Apt. 595,32976,2023-05-23T21:23:29
e0b641d0-4345-429c-9655-8df410af54cc,Patricia,Hayes,Female,2017-02-15,(254)208-5155x5652,sharon88@example.net,1380 Abigail Forges Apt. 408,94249,2024-10-26T08:36:09
81d231cb-66bd-4d42-b981-0edf5b8e76fd,Laura,Bentley,Female,2007-11-01,001-576-912-4433x0319,qjones@example.org,157 Lamb Harbor Suite 538,96653,2024-09-08T04:20:44
2334fcc4-e022-4de0-ad88-bddae8180064,Daniel,Carroll,Male,1976-05-18,276-391-1157x96235,amandahall@example.org,624 Silva Extensions Suite 731,30960,2025-01-27T09:12:05
2fd1843d-9207-4602-961c-d6742978868d,Joshua,Cain,Female,1976-05-27,(714)707-8672x6707,beckdanny@example.com,10490 Becky Glen Suite 057,24887,2024-08-23T08:19:16
8bc15738-ff1b-46a0-a8ec-b6a17233bf8c,Dana,Hill,Male,1937-05-25,7122543865,creed@example.net,4326 Lambert Ranch Suite 375,27442,2024-09-24T03:50:49
f88aa20e-111b-4acd-ba56-53b3435467e1,Gabriella,Ball,Female,1939-02-26,(756)572-7462x412,valentinecatherine@example.com,21275 Chen Glens Apt. 100,90977,2021-10-28T10:10:15
1da85583-69cb-4141-9505-d99e2f7d987d,Meghan,Medina,Female,1966-06-19,440-692-9753x76133,zflowers@example.com,0074 Thomas Greens,55424,2022-10-17T03:13:31
4ce34923-25bb-4b7a-b3d3-958a3b749fd2,Patricia,Marshall,Male,1989-02-10,001-566-225-0786x228,plandry@example.org,1217 Jones Knoll Suite 420,09436,2022-04-06T17:31:05
5f321f6d-02dd-45c2-a405-8e04b393cb2d,Randy,Russell,Male,2011-12-02,2433955712,mooneyvictoria@example.net,8331 Russell Ridge Suite 189,43806,2025-02-02T18:43:11
8649c4c3-1cdd-4a61-831d-45fcc9c01379,Kelly,Greer,Female,1951-12-04,+1-411-306-5686,lauren55@example.org,2906 Ronald Fort Apt. 614,30413,2024-04-27T22:42:17
4da7f632-0244-4c10-87d0-1cf295e81a39,Kristy,Harris,Female,1956-10-06,+1-295-941-6084x2041,george59@example.net,4178 Sanders Circles Suite 855,68931,2023-08-01T22:18:56
3e618f4b-ebb5-41e6-91cc-aa4023167b59,Paul,Savage,Female,2018-05-15,001-213-885-9204x3853,castillogary@example.net,176 Oconnell Village Apt. 939,44170,2022-10-20T05:42:13
a9fe494e-304c-4b39-b6ab-eff0cd1d19da,Angel,David,Male,1948-12-23,+1-306-798-8000x9017,davenportmichael@example.net,7810 Smith Rue Suite 266,61425,2023-06-26T11:15:02
2c239586-195b-4525-b6d0-bb417a8e55a9,Charles,Compton,Male,1945-03-26,001-634-400-2923,erin32@example.org,483 Coleman Circles Suite 457,04095,2025-09-02T17:31:13
dbd34a94-8a99-4027-a085-0656a22646f5,Christopher,Hunter,Female,2016-08-21,+1-392-659-3087x2746,dylanwoods@example.com,131 Brian Prairie Suite 765,08103,2023-09-10T14:19:57
db9bc56e-2080-493c-aac5-e8a325679f2a,Robin,Edwards,Female,1984-11-10,3285219105,dianegreene@example.net,1772 Smith Unions Suite 676,54891,2022-01-20T22:43:35
7a49c96a-1168-4e55-82b1-4f24dc76a6a8,Angela,Smith,Female,1988-12-28,657.769.2062,chamberssherry@example.com,314 Valerie Keys Apt. 765,20037,2022-02-15T03:37:00
2a2bec6b-90ef-4126-9295-43a4fcc3bcc7,Nicholas,Esparza,Male,1942-03-12,+1-668-636-7881x276,lisarussell@example.org,1390 Stanley Manors,53771,2023-03-29T09:51:31
a028dc87-d6fb-4a95-a9db-b362c0dfb921,Richard,Smith,Male,2004-02-02,(910)352-9202x7438,kalvarado@example.net,1512 Mccormick Common,92568,2022-01-01T11:45:54
68094564-4331-41ff-93f6-362339b00426,Micheal,George,Male,1947-01-01,449.419.7073x204,michaelallison@example.com,94904 Lisa Forest Suite 698,97524,2022-02-03T13:19:34
520b7950-dee4-454b-8afc-13fb6e8f19bc,Troy,Love,Female,1952-12-13,9777188202,jonparks@example.com,6048 Dunn Stravenue,01527,2022-03-04T00:01:19
b9fb97b9-abf1-4574-b14e-9b45071511b6,Tammy,Howell,Female,1946-09-24,5339099599,pricerobert@example.com,21044 Higgins Well,33869,2022-03-29T12:32:03
d61c8113-9b3f-4c54-b327-f33e6409e93b,Dominic,Sanchez,Female,1984-05-22,743-461-9406x307,yatestyler@example.net,8632 Hess Mews Suite 628,86567,2025-01-09T21:16:49
7ab7b78f-2098-45b2-a852-7018bfa4ce84,Douglas,Smith,Female,1988-01-13,4524989639,thomasmichael@example.org,79654 Jenkins Trail,07630,2023-02-18T02:53:10
68127855-e384-4c71-8271-b0d0ca5c159e,Jessica,Mann,Female,1990-04-27,+1-603-873-1480x073,ymaynard@example.net,591 Gray Rest,60704,2022-08-12T14:29:15
3dc87f79-2843-4696-a2a5-ef39c163df1b,Corey,Fleming,Female,1997-08-13,(933)452-2504x69968,zmontgomery@example.net,44757 Chelsea Summit,85648,2022-08-19T19:24:41
1336d4de-c5e9-43c3-bf44-23d549a1f7a1,Crystal,Long,Male,2002-06-05,001-569-621-7256x750,sydneypowell@example.net,707 White Harbor Apt. 380,49573,2022-09-08T21:59:00
8fcab2a9-10fb-436c-aad5-401e07e9fb0b,Jennifer,Diaz,Male,1951-06-07,630-425-9155,millerchristopher@example.net,673 Williams Parkway Suite 390,30500,2023-11-23T20:41:26
c5ddf574-2543-4b1a-86ec-9e60e4433474,William,Austin,Female,1995-05-21,(488)378-2283,bsimmons@example.org,74228 Andrew Groves Suite 632,60619,2022-07-30T06:32:01
47e4b3f3-64ad-4b39-8702-fe755e98efdf,Dawn,Lee,Male,1959-06-26,001-669-315-8544x09779,fishersusan@example.org,6349 Murphy Causeway,61036,2022-02-20T20:03:14
576b67e3-eac7-457b-bc96-fd06ce8b30ce,Daniel,Rivera,Male,1949-05-12,(204)799-5640,ruizelizabeth@example.org,22524 Jamie Plaza,22102,2023-10-30T15:06:25
eb59003a-53bc-4611-9af4-ab8a8908d3f9,Gary,Wells,Male,1972-04-10,686-333-9123,anthony19@example.org,059 Malone Burgs Apt. 593,43693,2023-10-25T20:16:06
7cdfa469-82ed-4aad-b84c-2537f2d0a15c,Nicholas,Campbell,Male,2010-06-15,001-256-818-0617x33072,dsmith@example.com,22303 Pugh Summit Apt. 763,35020,2025-03-09T23:57:28
96ed79ef-b03e-4eb4-96e9-fa04df044782,Courtney,Munoz,Female,1984-01-04,987-820-1130x52440,ryan92@example.com,015 Robles Glen,53253,2022-02-19T10:00:59
996e782f-9aee-43e9-aea3-98c6ec677b25,Johnny,Zamora,Female,1979-06-03,884-659-8397x82908,rachel09@example.org,713 Raymond Walk Suite 152,33003,2024-08-28T05:31:55
564a9062-7825-42f0-a323-f3de92f0e28e,Ross,Huff,Male,1965-12-25,(528)494-8402x34033,gregory54@example.net,25795 Jessica Garden Suite 170,73393,2023-06-20T00:18:45
8861972e-57a8-4eef-b9a8-743d7d5b6037,Kristina,Wood,Female,1975-10-14,730-242-2156x69797,hernandezcraig@example.net,9873 Theresa Knoll,84588,2021-12-13T03:40:01
a10e1931-4068-4515-901c-778ca1a131b4,Bryan,Floyd,Male,2020-01-02,3447255725,marymelendez@example.org,726 Lance Corners Apt. 017,47729,2024-10-07T00:00:18
982cd08d-49f8-4d9d-9fef-b72a4570b7fe,Laura,Hampton,Female,1989-07-11,5507551600,crystalmiranda@example.org,628 Jennifer Streets Apt. 672,08951,2023-05-02T10:14:39
52fc6f48-e7e3-47c4-ad44-1085502426c6,Veronica,Coleman,Female,1987-01-20,(587)917-0299,harriskevin@example.net,8157 Nelson Extension Apt. 992,88311,2025-07-13T15:13:13
f8eb51b8-5938-4971-b0f6-d8b690e65aa4,Paul,Hamilton,Male,1949-04-20,(579)401-8929x26673,mjohns@example.net,023 Murray Shoals Suite 851,33404,2025-08-28T12:35:14
ad14e5bf-8486-42e3-95c2-75e2d363621f,Jamie,Wood,Male,1985-01-17,(233)800-1361,todd33@example.com,75502 Andrea Forges,60954,2024-02-12T03:52:39
ab707385-6c81-4f55-9906-d534438f9d83,Fernando,Andersen,Female,1947-07-25,841.240.6483x82681,kcruz@example.com,258 Deborah Greens,92389,2022-03-31T16:19:49
c971d849-e3fb-4c48-9cf1-16dcc4b03ad1,Jonathan,Allen,Male,1943-05-10,812.695.3149,lawrence97@example.org,0597 Sarah Orchard Suite 394,83669,2023-10-30T04:16:49
30a19d7d-4b86-4f69-b036-89a4c518c20b,Kenneth,Gaines,Female,2017-06-23,659-393-4234x5931,dawnvargas@example.com,166 Anna Forest,70975,2024-04-27T01:43:58
8d8b1051-8af3-4cd2-b66e-550b5c8a6866,Travis,Harris,Male,2012-06-13,(301)688-1939x7401,deanjames@example.org,0660 Vanessa Roads,63944,2023-11-04T19:31:32
85261ad4-94ed-4114-b672-e14bcc4bbc6f,Natalie,Smith,Male,2009-10-09,+1-998-995-1303x767,adrianalexander@example.org,528 Colin Springs,53064,2023-04-23T22:49:17
4a9d3213-e04b-4533-b905-a7b6b97ee830,Alexander,Bell,Female,1995-05-08,(387)508-4519x613,wwhite@example.net,65358 Heather Knoll,84581,2025-06-28T02:27:29
a22966c4-ca39-465a-991f-210234aaf8d4,Sara,Miller,Female,1995-07-09,001-489-653-1855x984,plee@example.com,955 Nguyen Row Apt. 757,34144,2024-08-28T14:39:11
cf407865-a5c1-4300-a324-57302ede3051,Whitney,Ponce,Female,2014-10-31,001-209-811-9992x16298,ramirezheather@example.net,128 Gonzalez Ford,39247,2024-06-29T05:39:26
b7900752-7bfd-4c74-a441-e11e3ee1db8e,David,West,Male,1965-08-06,509.612.3635x837,summer56@example.net,7749 Gregory Flats Apt. 391,94695,2023-04-19T02:28:35
5765f418-8993-4c6e-b586-37439174dc0b,Theresa,Johnson,Male,2000-01-01,+1-593-384-9213x7332,hware@example.com,989 Elizabeth Place Suite 015,40976,2023-05-07T15:39:11
1fda98c9-40a6-4de4-9271-e2959b21c065,Diana,Ramirez,Other,1954-06-26,336.854.7496x578,tiffanystanley@example.com,62058 Dan Stream Apt. 138,54678,2022-09-24T21:39:38
64a0f44b-fbde-4eb5-8cf9-96a3d0284602,Alexis,Russell,Male,1945-11-10,001-724-378-5372x4928,garciapamela@example.org,912 Rachel Roads,16810,2023-07-07T21:51:56
413b48c4-ef22-4e93-8fde-a771305d9749,Jeffrey,Smith,Female,1989-03-19,001-517-761-8214x59904,mitchell16@example.org,24764 Cook Passage,12540,2023-09-15T13:32:11
8cf70470-fda8-477a-af4b-d7a8746b302f,Erin,Obrien,Female,1963-06-20,+1-376-832-8752x380,robert11@example.com,0214 Richard Lodge Apt. 585,28649,2024-05-03T21:22:15
6ba57136-9144-4442-82d8-a7f546ef7aaa,Amber,Ramos,Male,1974-08-31,768-978-0775x33211,francolarry@example.net,30839 Daniel Fields,43262,2024-03-19T09:46:35
a0cbfeca-6d7e-49bc-bb48-ac140d0de136,Laura,Clay,Unknown,2003-06-30,956-263-1160,stephen92@example.net,4708 Alexander Isle Apt. 464,17152,2025-08-22T23:43:59
6fea84f5-79f3-4373-9bab-13ac9863bb20,Johnathan,Sullivan,Male,1943-02-03,(580)610-0015x314,williamsnicole@example.net,292 Ryan Port,30208,2024-07-16T14:44:23
1f77765f-2e5c-413a-a3c5-2c311e93eed6,Michael,Parks,Male,1982-12-12,+1-976-802-4282x30324,katrina22@example.com,93120 Lewis Forge,58943,2025-03-09T21:55:35
0a813e88-0df3-4a58-be83-3c05cd21fb86,Steven,Hood,Female,1943-04-29,+1-851-372-5605x1957,thomasjames@example.org,9729 Timothy Forges Suite 398,15177,2024-10-22T03:41:38
890459d7-8c69-42e8-9b82-9ae14700cde9,Louis,Miller,Male,1988-11-16,+1-799-276-6824,jamesgarcia@example.com,131 Tran Mountain Suite 286,99733,2024-07-05T08:11:07
be36c36d-ecfd-4eed-988c-49b2c8abbf0d,Sherry,Patterson,Female,1953-01-07,434-423-2881x572,twright@example.org,878 Dominguez Spring Suite 095,39655,2022-12-13T05:40:01
a9093889-e42c-4e33-8a39-561f3473d9d3,Kyle,Marshall,Female,1986-02-19,330-375-9277x58091,angela21@example.com,511 Higgins Station Suite 835,64416,2022-09-24T05:09:04
fa11f0e7-566d-46e8-9c86-cf6f0285ede1,Anna,Lopez,Female,1980-01-09,716.428.4689x155,barbaradiaz@example.org,2767 Dale Viaduct Suite 939,93565,2024-09-22T18:23:04
3d9d38e3-6e07-4bdc-88c0-8d3346f4dccb,Karen,Cook,Male,1940-07-06,789-985-9239x4996,russell57@example.org,2922 Calvin Extensions Apt. 373,57417,2023-07-13T18:51:00
c07126f3-9213-4643-9a89-8be79e49b057,Nicholas,Malone,Male,2006-07-05,+1-249-806-8048x051,dwalker@example.net,93338 Kimberly Plain,05839,2023-02-27T23:07:34
3c823de9-d73c-4259-9a82-58cb8d783a9b,Laurie,Whitehead,Male,2009-06-16,(556)881-3150,jamesramirez@example.net,672 Brown Common Suite 656,35002,2022-08-10T07:29:01
c329732b-5114-4ac7-9588-e38e8dbff478,Jason,Freeman,Male,1942-04-03,001-474-773-4480x49877,edward48@example.com,16440 Melissa Shores,69951,2021-12-25T02:55:46
621e1d14-d33b-45e6-b765-f8a0ce4307c4,Tammy,Cervantes,Male,2017-05-24,947-850-2330x9085,sanchezsheri@example.net,841 Sanchez Stream Suite 767,17677,2022-05-24T18:28:24
290fb2bd-f458-4d04-8476-fc349dc59ddb,Cheryl,Hurst,Male,1997-02-01,720.258.1570,tomhamilton@example.org,4924 Miles Plains,19239,2023-02-01T12:24:46
f95db36f-fa8a-47d6-9d37-c5a6bd8e880c,Heather,Elliott,Male,2002-01-27,3425689337,matthew01@example.org,09370 Ronald Passage Apt. 010,80455,2022-05-28T11:58:56
3f068051-187e-4974-9fe3-61117c7b5816,Taylor,Combs,Female,1975-11-09,779-925-1306,emily94@example.net,9002 Jason Square Apt. 271,13751,2024-09-30T16:41:27
9c0f37d5-75a2-49b1-bdf5-516b3891b7f7,Abigail,Hogan,Male,2007-11-28,(521)758-7245x730,greerkyle@example.com,16549 Jessica Summit Apt. 391,18035,2022-01-03T11:08:12
478b640b-3868-4ee5-aae9-81cb2c6d523b,Austin,Buchanan,Male,2022-04-17,(226)664-7629x705,erika56@example.net,030 Regina Prairie,90234,2021-11-16T18:59:56
6f68d3b3-4ef9-4a7d-abd1-3f1a3d201440,Joshua,Valdez,Female,1955-02-03,687-982-6675x23255,kelsey49@example.org,405 Jose Place Apt. 519,78008,2024-09-07T23:10:33
7237e20d-62fe-4cae-997e-b35599870266,Bridget,Acosta,Male,2004-07-06,001-267-647-1653x80859,watkinsmartin@example.com,9718 Kathy Spur,93393,2024-01-13T01:06:36
6895b96f-14fd-43a7-98e7-7ca219b1a043,Patty,Smith,Female,2002-08-15,438-452-0477,vreed@example.com,24558 Cassandra Radial Suite 641,76733,2022-02-01T04:05:34
e35bba6d-bd39-409d-a67f-aa8371497c71,Jamie,Riley,Male,1987-07-10,326-686-0423x989,kimberlyrose@example.net,5156 Benson Inlet Apt. 884,09770,2021-10-18T02:52:21
05e5120a-6152-46aa-802d-7e7f9d741bb0,Michael,Collins,Female,2025-01-12,2874674599,iwilliams@example.com,2259 Robert Vista Apt. 497,11771,2023-02-22T21:26:01
ac5e1ec3-e1be-4ed9-b483-518e458fa881,Mark,Jones,Female,1972-06-16,001-251-280-7617x79680,matthewhernandez@example.org,6497 Whitaker Inlet,74935,2022-05-29T20:04:39
57a03c17-8620-410a-a009-9d7aca226c56,Kevin,Flores,Male,2020-10-09,+1-864-256-0015x58155,woodsalexis@example.com,957 Maria Knolls Apt. 334,78133,2025-09-02T14:40:07
634d7549-9d9a-40e1-81ef-688b7fc0922e,Laura,Gutierrez,Female,2008-12-05,738-582-8082x14168,wgraham@example.com,35317 Charles Stravenue Apt. 110,59389,2023-09-01T03:39:25
24fefbbe-5f7a-4026-b499-a7839b471e77,Brett,Blackburn,Female,2018-06-17,801-234-2484,hollygonzalez@example.org,2236 Harvey Shores Apt. 555,49399,2024-10-09T15:11:13
aeeb5608-b2ed-403d-9641-aee399d81764,James,Mendoza,Male,2020-08-22,+1-348-896-9930x56882,langcorey@example.net,5810 Robert Trafficway Suite 822,19904,2025-01-28T21:24:41
37ca273b-3506-480f-a76c-f539c9bef3d7,Beverly,Lopez,Male,1964-05-31,(674)636-6512x25066,shawn44@example.net,13671 Johnson Parkway Apt. 666,51010,2024-06-29T02:49:12
b705e692-3faf-4b34-862e-27af67b4c897,Benjamin,Cohen,Male,1993-05-05,539.401.4706x88390,cainjake@example.com,353 Palmer Springs Suite 667,74202,2023-11-16T17:58:27
e0b2f356-99b6-4656-a123-3eea3b1bf755,Megan,Davidson,Male,2014-10-10,774.918.3525x439,rileymichelle@example.net,92971 Alexandra Trace,86388,2021-10-11T09:39:24
903506bb-ef6d-4fc6-afbd-f3690636f35e,Christina,Ramirez,Male,1984-03-11,672-635-3709,lori53@example.net,487 Jessica Radial,70846,2024-09-08T13:14:28
b68bbbc6-73c6-4188-908f-d94bb294a9b6,Heather,Campbell,Female,2003-03-27,938-424-5250x705,lejennifer@example.org,2736 Charles Isle Suite 915,94237,2025-08-20T19:00:09
5c098a5c-585d-4d17-9258-14d9638cf9e3,Jennifer,Murphy,Male,1952-08-02,+1-740-685-2704,ambertate@example.com,3047 Palmer Parkways,86454,2024-04-18T02:48:37
7200fc98-b963-42fc-afb0-d2977daf638b,Lori,Johnson,Female,2022-06-29,+1-866-227-1778,amandaburns@example.com,37779 Seth Creek Suite 682,98828,2022-09-11T15:20:48
59259acd-4142-400e-aff6-fa9a16e6e8fc,Jason,Morris,Male,1973-11-18,(342)748-3518,jonathan95@example.org,9765 Orr Canyon,09259,2025-05-04T01:37:50
42862014-ff41-42a0-a95e-87405dd92744,Joshua,Jones,Male,1970-08-19,8062182665,grichardson@example.org,85747 Gilbert Roads Apt. 432,46048,2025-01-10T23:38:27
95e2f91b-da88-4b20-b819-58f22b258bdf,Mariah,Anderson,Female,1943-11-19,(233)852-3623,owatson@example.net,462 Jason Freeway Apt. 901,51592,2023-06-20T04:11:03
321a3244-cf65-49ec-87eb-754a995ef5bd,Russell,Duran,Female,2013-12-07,(276)749-7910x251,whall@example.com,325 Diaz Knoll,10507,2024-12-23T21:07:21
0c485217-5d54-4496-a1a6-51c5faaa53fc,James,Smith,Female,2009-02-12,857-332-9625x1086,charlesbowman@example.net,676 Eric Street,03081,2024-10-30T18:22:08
28a414a7-ea75-43fa-b504-cdaf17087003,Joseph,Lane,Male,1976-02-01,9892797747,vwilson@example.org,183 Kathleen Vista Suite 995,85148,2023-04-03T14:14:34
4019a1f6-0cd1-4081-8d85-e013b20004fa,Michelle,Garrett,Male,2016-12-27,+1-397-602-3865x3722,kathleen86@example.org,4298 Bell Locks Suite 768,58959,2024-06-03T23:27:56
2626c97d-73fe-4a93-8151-344eee9836b7,Tony,Mooney,Male,1991-01-10,001-555-476-5581x51961,dana38@example.com,0054 Larson Locks,99253,2025-05-31T23:04:44
defa6d4a-474c-4879-af96-bbffdbc6ac37,Cynthia,Osborne,Female,1975-03-17,574-260-9766,michaellee@example.net,619 Miller Spring Apt. 478,28746,2022-05-29T07:06:18
2aa82f4e-4fc4-48cd-a8d2-a8423aa58e1d,Jenna,Nichols,Female,2007-06-23,518-526-3436,inguyen@example.net,3736 Mcclure Corners,68311,2025-07-30T06:48:41
9ef63a80-179f-4235-9f2e-f2803b5844f5,Jenna,Rodriguez,Male,1949-07-09,9019584884,wlopez@example.net,068 Rose Row Suite 181,45462,2025-01-03T10:10:40
df301cb5-c8c5-44fa-8879-4a56a7954d2b,Kelly,James,Female,1955-02-26,001-593-925-8847x60799,katrina59@example.com,8333 Sawyer Trail Apt. 850,11739,2021-11-09T18:37:07
49ca4ae6-2d0a-495a-bdb8-65cff106b83d,Lindsay,Nguyen,Female,1960-06-08,474-514-1891x178,brent62@example.org,59617 Whitney Field,54116,2022-08-24T14:21:00
2afd3660-e519-4bd9-ac5b-07b6f127f7bd,Jessica,Holland,Male,2017-01-10,549.425.2210x40784,caldwellspencer@example.net,0052 Novak Shoal,62532,2023-08-24T23:12:13
9a463e70-3204-406d-b61a-84b9cec74f48,Alison,Richardson,Female,1997-07-14,533-846-7704x79809,alexjennings@example.net,04764 Carter Tunnel Apt. 335,47229,2024-10-26T08:27:52
44e01371-19fc-4448-85d8-99df113ff40f,Scott,Perez,Female,1965-02-16,(274)574-6120,brianking@example.com,950 Glenn Passage Apt. 334,43306,2023-01-10T16:58:04
c7706e6d-1fc7-45eb-88b1-2a442dc149dd,Kelli,Rodriguez,Male,1974-12-19,(756)573-6013,dterry@example.com,1500 Megan Club,31575,2023-05-05T19:58:22
2dcdf65d-b924-412e-9e72-3c24c2c7bd49,Samantha,Morgan,Male,2019-02-22,419-813-6081,thomaswelch@example.org,6738 David Lakes,97508,2024-06-05T10:38:29
c972d38d-3ee2-411c-afd2-908feea163a7,Jared,Wood,Male,1979-07-28,(984)505-8404,ehester@example.com,36481 Daniel Stravenue Apt. 305,68420,2021-11-07T00:10:27
45b7e83c-c42f-4d59-abfa-ba2ddafbf997,Eric,Lawrence,Female,2021-07-28,(435)760-3568,ashley89@example.net,99233 Castillo Creek Suite 437,43948,2022-02-02T02:03:26
e5141d91-8127-4cf9-803b-d70b054dc5a9,Jeffrey,Mcdonald,Male,1946-07-18,8136953848,andrewwatts@example.org,91348 Julie Brooks Suite 065,95883,2023-12-18T03:54:52
7814c492-0c60-4d99-aac0-9858228c0659,John,Allen,Male,1990-09-09,3082237333,whitneygrant@example.com,817 Thomas Highway Suite 323,95950,2022-08-16T06:50:22
9be5662a-dc97-4a81-bdee-d56a21ddd27e,Paul,Stephenson,Female,2015-10-28,822-734-9936x72858,kburton@example.com,942 Price Drive,35931,2023-12-25T21:04:23
7660302f-477e-4375-887d-01c292e8c8b1,Christopher,Frost,Male,1956-06-12,410-231-5970,thomasburch@example.org,631 Nathan Well,03087,2025-03-30T08:57:30
b6a35409-1c20-486b-b5d0-44fb2cd64d84,Aimee,Villegas,Male,2007-10-03,208-256-3663,lmoreno@example.com,9211 Evan Branch,19981,2025-08-25T01:46:39
0ad27057-c127-4dfd-9b23-854fa3dff5f0,Tony,Rivera,Male,1996-11-29,432-681-3088x0727,ugonzalez@example.org,67612 Matthews Common,59798,2024-07-25T10:50:01
49861a4a-0025-43ed-a2ca-9f04609eee72,Amber,Caldwell,Male,1991-11-18,437.652.1243,williamsonjohn@example.com,497 Natalie Road Suite 238,88164,2023-11-07T18:19:07
c1171668-ad72-4e2e-bd6d-ca57cc80a698,Theresa,Edwards,Male,1976-10-21,980.678.3096x263,reynoldsdawn@example.org,839 Reese Cliffs,77949,2024-01-11T19:17:09
e387eb15-6765-43bf-b9ea-88738a9db593,Christopher,Myers,Female,1956-07-21,203-648-3914x91437,caldwellkim@example.com,7804 Joshua Courts,06307,2022-05-21T03:53:47
85082f78-f17b-45ef-a5b8-f158f64c81bf,Jessica,Stanton,Male,2024-01-19,(219)839-7314x4736,jacob82@example.net,08076 Young Locks Suite 481,52863,2022-09-07T02:54:23
d66ec576-b7e6-4b4d-93d5-326f9b032c39,Brittany,Bell,Female,1964-06-15,985-951-2114,lauralee@example.com,5422 Michael Pass Suite 831,77922,2024-01-24T10:27:00
efd6b83c-8602-4833-805d-b449c06ae817,James,Joseph,Male,1965-05-13,892-299-7933x74337,jillferguson@example.com,49542 Ramirez Glens Apt. 178,06781,2024-08-09T22:26:07
20514111-7fee-46c1-9ba1-17ce80ce9afc,Devin,Elliott,Female,2010-07-05,989-587-9460x956,cjackson@example.net,51254 Adam Row Apt. 164,01088,2024-05-21T23:18:45
fea59d94-998c-403a-92cb-760434f6f0dd,Tricia,Collins,Male,2004-04-15,748.814.9135x934,david51@example.org,79457 Deborah Forge Apt. 011,31662,2022-12-15T22:09:12
e7775ef5-9ab9-4e1b-9d93-c7bd4c66b4ed,James,Olson,Male,2000-06-27,765-978-7233,bbaker@example.com,1170 Steven Cliffs,95380,2022-12-03T03:28:25
061cba48-5fa5-48d5-8cad-3598603de161,Robert,Alexander,Male,1977-12-31,+1-621-882-6553x979,francobrenda@example.net,31753 Susan Creek,57771,2022-03-25T05:55:32
372f9fb6-041b-4c79-8014-680432de3097,Susan,Robinson,Male,1985-10-24,707-850-8604,duartegeorge@example.org,581 Jonathan Fort,35279,2023-12-14T16:17:44
732f4bd7-25ac-41b6-8016-c62ba371b326,Amanda,Carroll,Female,1937-01-04,705.203.5996,bryan84@example.com,548 Liu Path Apt. 178,82466,2025-01-14T16:02:25
23cce3bb-bfcd-4af7-823d-d884ca5fccf2,Alexis,Adams,Female,1947-05-14,(446)366-6301x0683,michaelking@example.com,854 Callahan Center,82639,2025-06-09T06:43:01
246ec70f-3e97-437d-a577-e64d4d4e0bd1,Kristy,Mitchell,Male,1957-01-08,+1-955-749-2301x35555,hholloway@example.net,447 Anthony Ridge Suite 970,52404,2023-06-09T18:21:35
40bf5ca2-7064-42bb-a756-80bb3a215b51,Edward,Rodriguez,Female,1980-06-14,(492)721-5457x84860,lynn02@example.net,168 Lowe Crossroad,77423,2024-04-29T05:55:39
5f1f05c3-7717-47cb-b67f-fa237762a6bb,Elizabeth,Obrien,Female,1961-01-30,(978)578-2301,fmorgan@example.com,181 Rachel Shores Suite 777,67227,2022-07-27T04:35:51
f5a98c9a-6a71-4ec5-a162-d1b7769ac892,Crystal,Mitchell,Male,1993-10-03,001-803-865-4618x3637,mchan@example.com,95166 Ronald Light Apt. 351,45596,2021-11-18T12:16:46
a3d889fa-e5a4-46d8-a541-f181f29e225b,Jacqueline,Larsen,Female,1975-09-05,+1-860-733-3871x5451,hayesthomas@example.net,2337 Snyder Extension,46075,2025-07-26T20:28:24
59bdfac9-0d99-4ab9-9fc0-ccce4ba08508,Katherine,Curry,Male,1993-06-26,(485)296-3438,vmoore@example.com,27225 Benson Stravenue Apt. 389,39170,2022-04-29T18:39:08
df42ca29-a747-420f-a315-7b3462f563b1,Kristine,Stafford,Male,1998-08-19,485.890.0125x2607,aaronconrad@example.net,1020 Cole Rest Apt. 491,53436,2024-10-07T00:48:36
d2333b12-5ad2-4e7a-8b40-601a99260664,Grace,Soto,Female,2015-06-28,(598)951-7526,cfinley@example.net,70685 Zachary Meadow Suite 778,08736,2022-09-16T21:53:28
fb3a3e15-ef19-40da-8a5f-cede7a23c1bc,Amber,Rojas,Female,1944-09-11,(899)891-0880,andrew23@example.com,40107 Andrew Prairie,77516,2024-02-08T04:56:05
54da1012-5a3c-49e0-9158-6f467abdcb0f,Brittany,Coleman,Male,1944-11-06,(356)358-6547,zwalker@example.net,66805 Paul Vista Suite 707,11035,2022-05-22T08:33:34
02d493eb-2a7b-45de-81b8-3de2ec073a4c,Russell,Wilson,Unknown,1959-02-11,+1-715-205-5779,crossjacob@example.net,0274 King Harbor,94850,2022-04-11T19:55:21
8fc45e9e-b60a-4a9c-be8c-ea8a255c4297,Diana,Davis,Male,1970-02-26,(741)762-1928,kingchristina@example.org,32113 Brian Trace,22618,2022-05-20T00:48:42
a173e274-37fc-411b-826f-081a0651a897,Katherine,Jordan,Female,2002-05-08,+1-678-781-5191x17806,cassandra88@example.org,483 Galvan Cove,04315,2024-07-28T04:07:06
5583b4db-6746-4338-b2c7-a202062e0778,Joshua,Green,Female,1970-09-27,396-878-3326,jrogers@example.com,40306 William Terrace,21390,2023-07-29T02:07:45
53986e7f-9f2c-4e7f-98d0-202b75d5a115,Vanessa,Taylor,Male,2013-05-21,541-771-8546x4394,ericsmith@example.com,19648 Cory Key,75455,2025-06-15T05:31:23
95eb44d9-8459-4302-8d1d-036e0d08da99,William,Hall,Male,1999-06-21,5625230313,nicholscody@example.net,28873 Compton Mountain,08925,2021-12-01T20:49:15
6ef3d69b-7ccd-471e-822c-9037703ad746,Hannah,Gutierrez,Female,1985-07-18,001-234-800-0936,sherry36@example.org,2283 Jennifer Unions,73160,2024-06-21T11:37:37
8c490e4c-c780-4892-aa93-f2c4094183bf,Stephanie,Lawson,Female,1984-02-21,8773860248,toni84@example.com,0274 Shane Pines Apt. 019,97127,2022-06-17T14:37:58
ffa72ae1-1139-4d0f-8185-ca8490fc59ed,Danielle,Ramirez,Other,1953-10-29,703-897-1075,natalieharris@example.net,80158 Caleb Unions Suite 482,96012,2021-11-17T20:22:24
5484d865-60bf-413c-9320-63afeed5a71b,Dylan,Golden,Female,1938-06-24,530.277.4318x17575,rachelbuchanan@example.org,537 Price Cliff Suite 287,46439,2024-01-06T19:40:16
a29cc64f-b8f8-4cba-bb40-4bc8709ac2bc,Noah,Weaver,Male,1938-02-17,001-622-361-2133,larajohn@example.net,6516 Travis Shoal Apt. 261,23171,2022-03-08T01:36:21
3242f61c-ea3d-49b2-8319-8f412467f4a3,Jacob,Henry,Male,1994-05-12,274.923.9044x123,jake18@example.com,556 Lisa Trail,79026,2025-02-21T16:10:21
38617ce9-64f7-4c10-8698-3234624695b9,Kimberly,Reyes,Male,1973-03-13,(554)596-2731x87212,njohnson@example.com,6626 Friedman Crest Suite 458,11292,2022-10-17T00:10:01
22087d01-f41c-4c7d-8319-f3694d8b876a,Tabitha,Hopkins,Male,1970-10-28,785-963-8562x150,jasonjohnson@example.org,583 Gibson Plaza Suite 431,49379,2024-03-25T21:56:51
ccaa2cd3-6ae7-4db3-b193-fb1c91bd4f30,Ashley,Little,Female,2018-04-08,001-557-848-0103x6210,anthony70@example.com,7649 Charles Causeway,93178,2022-11-15T06:28:09
9174b136-8c0b-4c3f-ad4a-125926d24d46,Dillon,Wolfe,Male,1977-09-16,879-928-4499x39712,rushsara@example.org,3583 David Squares Suite 487,62823,2025-01-17T07:11:41
fdb3e9a9-0025-4855-b5ea-ede0ea83a56b,Daniel,Williams,Male,1956-11-06,918.534.2133x37518,jefferyolson@example.org,18107 William Prairie,66965,2022-11-05T20:36:28
ba2c43ec-43f8-4fcf-8997-0b27dbdcfb3d,Eugene,Bentley,Female,2020-03-03,331.982.1214x278,donaldpearson@example.com,8618 Nancy View,79395,2023-05-28T17:48:36
ea463911-77e2-4124-b816-92f510eb36b1,Maureen,Blackwell,Unknown,1988-03-29,+1-779-298-0294x32839,otyler@example.com,64579 Hawkins Pines,26003,2025-02-20T21:35:13
1d3ea32c-7e54-4a1e-ac30-4971ecc11ecb,Jennifer,Richardson,Male,1979-02-08,(708)538-5255,meagan49@example.org,409 Johns Viaduct,87982,2022-07-11T06:34:57
57bd9ee6-e63f-4d3a-8fca-e6b975a8c1d7,John,Martinez,Female,2001-03-23,783.420.3427x156,taraschmitt@example.org,8003 Mata Cove Suite 825,57591,2024-07-11T11:54:53
780b8dc0-d9c0-447b-9f43-04e4fabdc4aa,Jesus,Phillips,Female,2026-10-02,001-997-334-1613x827,wtapia@example.org,088 Michaela Loop,66324,2022-04-29T14:09:24
8c44d60f-8efe-49c3-93b9-1ea14211c052,Angela,Graham,Female,2012-03-06,+1-767-492-0670x9749,mcdanielcharles@example.org,2914 Amanda Way Apt. 642,84482,2025-01-17T09:25:17
a1ab975e-54a2-415d-bdfb-0259d07b3c55,Wendy,Warren,Female,1944-07-20,264.672.5022x723,floresalan@example.net,722 Swanson Street,27672,2024-10-26T04:50:08
ae94c0b5-aaf1-4938-a7d5-4ab086d66946,Logan,Solomon,Female,1976-03-09,001-246-746-6457x00052,gmendoza@example.com,773 Watts Mills Apt. 894,05601,2023-07-05T15:14:57
476a3991-aebe-47a2-8521-e25e96fbcb7e,Andrew,Mcgrath,Female,1978-08-31,591-703-5962x1550,laurendavis@example.net,442 Williams Burg,17277,2022-03-16T13:23:26
39e82ba5-3ecb-410b-a586-ee20c73e69e9,Joshua,Travis,Female,2007-12-20,899-709-5384x19671,smithaaron@example.com,55337 Bryant Extensions,58527,2024-10-27T11:08:59
5401e034-45ae-45d2-bbbf-d6926f125321,Bethany,Hunt,Female,1946-09-10,(495)600-0393x0323,markking@example.org,2294 Michael Hills Suite 633,30523,2022-08-29T14:13:35
b96a3419-f906-4fde-bfb6-3b124cf21624,Ronald,Grant,Unknown,2007-04-21,5382940859,rileysteele@example.com,91458 Perez Rapids Suite 147,52494,2025-09-13T10:45:03
4ce33ed4-9779-4ead-b3bc-daee0d211dc4,Holly,Frey,Female,1943-03-01,718-378-4090x2289,tara04@example.org,620 Daniel Alley Suite 371,64692,2023-06-29T05:02:54
25e17dad-d2f6-4f9d-9b43-5fdc41f4d834,Christine,Vaughn,Female,1994-11-07,721.936.3862x6991,mahoneyamber@example.com,6740 Cole Cliffs Apt. 107,22160,2023-07-14T11:42:15
e1789474-380d-4643-8891-e9bcd83060dc,Sonia,Moore,Female,1960-09-29,(749)945-0352x922,matthewthompson@example.net,74816 King Camp,70091,2025-07-10T12:42:30
ed11b850-273b-4ecb-a7b9-86cb76df7b9a,Jessica,Owens,Male,1988-04-02,(949)639-1792x9763,jeffrey79@example.org,1967 Roger Estates,80394,2023-11-16T04:50:08
69a31ab6-5ced-4a62-817e-f8408ace3a10,Shane,Kelly,Female,1937-08-13,001-746-266-9999x45175,debracook@example.org,30897 Melissa Bypass,84897,2024-04-11T22:44:26
4c90cdc4-54ca-4257-910a-eb6f6b56b091,James,Hernandez,Male,2004-04-13,465.503.8831x5523,jessica93@example.net,54040 Jeremy Park Apt. 166,61877,2022-10-20T21:48:11
f2d058ca-7b2e-429d-9f80-bd12299606d2,Michael,Garrison,Female,1974-09-20,001-712-650-5435x6772,qwhite@example.org,214 Haley Dam,07318,2024-04-03T00:46:35
ed167ec3-505f-4c6e-8664-2ca910fa62fc,Mark,Barnes,Female,1992-11-06,309-506-9671,egreen@example.net,6284 Jeanette Mills Apt. 176,17223,2023-09-27T00:30:35
6ea28b15-d0a7-43b9-a7ea-ae636f850440,Joshua,Ruiz,Male,2004-06-23,(319)247-5202,gallowayregina@example.net,96782 Anderson Villages,67179,2024-01-30T22:35:21
5572fd41-07d5-4b96-ba75-b5fc7921f0b3,Gregory,Ayala,Female,2020-12-26,813-746-9351,antoniopeck@example.com,5362 Gregory Shore Apt. 631,14591,2023-04-27T03:26:31
7c8c9267-3c55-4d3a-8ed9-92e01e4415f4,Jordan,Santana,Female,1999-12-31,603.395.5296,trodriguez@example.org,0832 Mccoy Fort Apt. 338,91349,2025-06-21T14:07:43
6576d828-f551-4659-ad86-a0c97dea9676,Cody,Young,Female,1973-05-19,315.421.3940,etaylor@example.net,033 David Port Apt. 718,22461,2025-01-12T20:42:41
3c304193-d975-4f32-ae1b-670f67c2e684,Stephen,Smith,Male,1957-05-15,425-784-0010,barbarawatson@example.org,03827 Nicholson Dam Suite 077,48444,2025-07-08T08:36:24
560b63a9-2a36-456d-8df5-a57f9c4e7e7f,Kenneth,King,Male,2000-02-20,(581)245-3858,birdeugene@example.net,28736 Christopher Falls Apt. 892,98167,2024-07-05T22:09:23
da6b391d-6079-4657-97ec-147d53bfa311,Justin,Williams,Male,1944-04-24,7166639299,jeremiahsmith@example.org,826 Alyssa Junction Suite 381,78240,2022-02-17T00:34:08
bcc839fb-cbd3-43a5-9512-48e115042b41,Calvin,Ortiz,Male,1983-12-21,(454)767-5464,allison47@example.com,510 Danielle Mill Suite 992,72062,2021-11-15T22:06:29
e5865a54-7e1e-45dd-adb4-f81c8a55b7c4,Theodore,Johnson,Male,1945-08-25,(602)215-0930,brownronald@example.net,79279 Hamilton Parkway Apt. 712,09834,2024-10-31T04:30:22
b287b9a1-cedf-4af6-8b28-ac77f855ddab,Daniel,Riley,Female,2000-01-13,+1-866-348-7864x69432,williamstraci@example.org,984 Mccoy Ford,24648,2025-02-12T18:32:08
78a118df-0088-4a76-8d25-c8d0fde90c2d,Linda,Jenkins,Male,1986-09-01,+1-868-838-1066x7854,oconnelljasmine@example.com,715 Palmer Port Apt. 349,75039,2023-09-09T07:04:34
d7f4d848-fbd3-4538-8a9a-b305222bf62a,Patrick,Franklin,Male,1970-10-18,(446)345-6392x854,tracysmith@example.net,869 Macdonald Loaf Suite 862,22074,2022-12-23T09:58:58
b3322d31-d3a6-4f0c-ab07-8653af878674,Chad,Holland,Male,2019-07-10,5883756746,stephanie99@example.org,6423 Gonzalez Curve,00851,2024-03-11T22:29:10
2a4bf5dc-0a59-4c13-9667-b920926e6991,Colleen,Simpson,Female,2026-04-13,001-285-598-2488x91148,martinezkenneth@example.com,67316 Cynthia Spurs Suite 241,61254,2025-08-23T08:18:18
ff0e88ea-09f8-4e6f-9997-b85154842b4d,Sherri,Williams,Female,1950-04-05,273.724.2338,robert36@example.com,846 Brown Islands Apt. 855,69071,2025-01-18T03:06:31
000df764-9d46-4a9a-8a1d-9238fcf9abbb,Phillip,Howe,Female,2005-09-27,(264)547-7776,ricky41@example.net,5712 Padilla Plain Suite 045,73544,2023-02-19T00:04:47
e5a5788e-2b80-41ed-8a1f-783a31372ca1,Beth,Henderson,Male,2000-09-15,453.789.5650,rpeters@example.org,937 Johnston Spur Apt. 209,66407,2022-02-07T19:39:41
446fc213-1b87-4428-bd88-3d25fe54c772,Jason,Alvarez,Female,1987-12-06,+1-394-850-8479,dianewoodard@example.net,81962 Davis Burg Suite 195,53688,2022-01-25T05:03:19
1259d654-86ad-4b8e-963b-ca599d8d2752,Joshua,Garcia,Female,2007-07-07,+1-345-703-0424x338,patelstephanie@example.org,8720 Williams Unions Apt. 114,04269,2023-05-12T19:37:07
765bb069-10a0-42b2-a37c-56bb48d160c6,Jesse,Butler,Female,2015-12-16,950-474-4201,psmith@example.net,5202 Stephanie Parks Apt. 769,61635,2024-03-15T00:27:16
c6acdcaf-a4ba-4ef5-a84a-f9d8428e31ed,Christian,Mcintosh,Female,2017-10-08,3305355320,lhudson@example.com,68700 Elizabeth Islands Apt. 620,33434,2023-07-19T19:08:31
394a6d31-9b42-4238-bf15-1663189b5535,Jeffrey,Abbott,Female,2006-08-27,2627027511,brandy73@example.com,5670 Jacob Parkways,78107,2022-08-17T16:28:30
56b243cd-da26-4c89-a4b5-6f4e08335cee,Robert,Johnson,Female,2021-02-03,449.923.3831x8435,fgriffith@example.org,2340 Peter Turnpike Suite 452,16681,2024-05-28T03:43:53
73d79809-cf6d-4802-b900-4406b1e58a88,Sabrina,Thomas,Male,1950-03-13,235-272-4334x911,michael53@example.net,086 Jesse Fall,64743,2022-09-14T06:37:24
a74b151c-4b2c-4c4e-8e70-263a8245b08f,Kevin,Rasmussen,Female,1939-12-18,672.759.6522x924,watsonchristine@example.net,02536 Heath Orchard,38711,2022-12-24T11:28:03
ee350ed7-ce95-4086-ab00-0e3b66ae192a,Janice,Whitaker,Male,1968-09-10,(485)654-5697,robert11@example.net,3706 Mark Avenue,17937,2024-06-01T02:00:06
aa8fb624-4f2f-4eb3-98dd-0b26fc0ea898,Bradley,Hamilton,Male,1980-06-08,(920)757-6732,gabriellegarza@example.com,019 Erica Ferry Apt. 340,11628,2024-07-03T01:03:09
b4072f12-2612-42e0-b616-e3a23d9d49d4,Evan,Buck,Male,2001-06-23,468.434.9872x5378,barbara35@example.net,301 Patrick Spurs Suite 922,04997,2024-12-16T03:34:06
e0094827-9672-463f-8f0a-1d5b14570a44,Mark,Taylor,Male,1991-04-15,303.928.2311,caitlin53@example.org,17255 Scott Passage,99335,2022-03-18T07:46:42
2048ba6e-72ec-4f04-bf8b-b8911b908e3f,Kristen,Chavez,Male,1956-12-13,7075152711,jwood@example.org,1259 Adam Walks,13285,2022-08-30T16:00:05
552dad08-c536-40a2-8850-4c6b12cd1aeb,Christina,Howell,Female,2000-09-14,892-563-5157x485,pbarry@example.com,90521 Turner Well Suite 615,17709,2021-11-15T13:40:47
7b49ecf3-b7f8-4284-bd3f-c0e0944b0f07,Carol,Wright,Male,1951-03-13,312.926.4539x3502,igill@example.net,4040 Washington Crest,45550,2024-06-11T20:35:20
ab13b31a-a4f1-4126-ae0c-2cb51f63ed1f,Daniel,Johnson,Female,2022-08-20,001-309-257-6232,elizabeth12@example.net,56730 Johnson River,57519,2023-10-21T00:50:09
4d73a782-9671-47ec-bab8-ad708d57c064,Jennifer,Hernandez,Female,2005-11-21,206-397-0809,jennifergriffin@example.com,2901 Donovan Summit,52696,2024-12-07T13:13:43
a7fb859f-7925-4d0f-a545-5ccc35b39c0e,Derek,Mendez,Male,2011-12-29,3094150517,kathrynjohnson@example.org,6084 Schwartz Ridges,98778,2024-10-30T14:28:55
58578862-3105-45b6-a40b-1814281269bc,Monica,Sanchez,Male,2008-12-02,245.606.2067x3530,sheila61@example.net,13030 Tucker Square Apt. 801,71343,2024-01-30T20:52:01
cdba8621-da62-4307-9753-ba9908087cc4,Paula,Cohen,Male,2006-10-25,583-918-6703x256,ashley94@example.net,755 Jose Park,87462,2022-06-11T13:26:35
76a831c7-7f63-42b6-9001-3b992fc28f20,Megan,Thompson,Female,2011-12-11,+1-800-322-1829x057,rmiller@example.net,73789 Andrews Parkway,83589,2023-03-18T07:33:11
dcd1ad00-b58a-4ffc-88a2-2fe065c1e162,Janice,Peters,Male,1950-10-29,881.905.1794x2205,murilloian@example.com,290 Vincent Walks,27042,2025-03-16T03:51:57
becac08c-53b0-4133-90d7-09562205f294,Anthony,Rose,Other,2010-09-30,4047422939,josephmiller@example.org,3415 Frazier Tunnel,93175,2024-07-15T21:08:34
f543c14d-5095-4881-a88d-37de6c1f0650,Alan,Huffman,Female,2022-09-23,290-585-8026,joshuapope@example.net,0521 Freeman Prairie Apt. 328,97882,2022-04-26T01:41:26
2f182049-b329-46a4-9e3e-0557910aa60d,Daniel,Santana,Male,1984-10-09,649.390.3604x2632,ginasimpson@example.com,96781 Michael Rapids Apt. 919,88344,2022-04-13T11:39:20
402758b2-f44c-4255-aa07-a49fc8803bae,Michael,Hebert,Male,1966-01-23,633-994-4444x96280,webbbrian@example.org,90378 Mayer Gardens Apt. 978,22398,2024-11-26T01:02:17
55a57ad7-fd05-4d92-a022-24327ca51928,David,Carpenter,Male,1952-02-29,001-889-613-5943x74643,callahantaylor@example.org,905 Karen Unions Apt. 713,69835,2022-02-08T16:02:12
8345d6d3-3d72-4c0e-a3ed-6309e25c2f4a,Ronald,Stephens,Female,1958-04-21,583-588-6597x9530,marycastillo@example.org,1549 Hernandez Flats Apt. 697,34626,2023-06-13T21:15:00
33c7024d-e845-43c7-8721-fbe9f5020e2a,Charles,Torres,Female,1980-03-11,+1-336-679-2890x8911,nbrown@example.org,5418 Roth Flat Apt. 957,87641,2025-02-20T08:05:15
025c9425-c557-43d3-89d7-cc9c6af98a8b,Mckenzie,Chavez,Female,1944-09-25,377-607-6088x1616,charlesbyrd@example.com,73052 James Fort,43838,2022-06-04T03:12:49
9d689315-ccda-48e2-97cc-6c2ab61c07e8,Jennifer,Hayes,Male,1959-12-13,(523)441-1239x4995,daniel16@example.org,8585 Catherine Drive,02336,2024-09-21T13:36:31
c5857b6b-7b98-4c6e-9ac6-e2bf00b36478,Jeffery,Dennis,Female,1955-05-26,687.623.3841x735,tricia72@example.org,115 Reyes Creek,75643,2025-08-22T05:48:14
25d69a97-3608-44da-b3a3-7a7480469354,Tiffany,Morgan,Male,2001-02-08,001-282-975-9860x68930,amycabrera@example.org,374 Gregory Bridge,38003,2023-12-19T11:06:07
be7a38c6-bc8e-4e55-9b97-151da89e4fa6,David,Hernandez,Female,1941-10-23,756-375-3957,gregory19@example.com,5470 Roy Throughway Apt. 628,62568,2023-12-05T19:15:27
875b2fe1-e3bb-4eb7-a404-45a187e7099b,Alexandra,Brooks,Unknown,1981-12-26,(571)573-4312x2007,ufletcher@example.net,0676 House Track,45825,2023-09-02T21:56:49
32586047-9cba-4eda-ad34-3b0f9cca6d2a,Michelle,Rice,Male,1971-01-13,5922656443,ysimon@example.net,307 Morales Landing Apt. 102,14720,2023-09-22T13:39:12
0a17c5ac-ccdf-4d3e-bb34-94d1f32733ef,Tiffany,Holt,Male,2004-12-05,379-900-8898x7673,uwong@example.org,666 Robert View Suite 187,46659,2024-05-10T16:50:47
4a4a1b64-8c10-43d4-974a-25a0b81768f8,Emily,Goodman,Female,2015-05-01,935-633-1366x3810,joshuagarrett@example.net,152 Tracy Brook Apt. 926,74448,2024-02-28T06:06:39
48d40d84-0b65-4f5f-b4d9-0398c17a608e,Jeffrey,Farmer,Male,1942-09-24,864-902-3928x91914,fsoto@example.com,3831 Stacy Walks Suite 484,89939,2025-05-21T03:23:44
f70fdc0c-a085-4f47-96dd-b15968473103,Cynthia,Solis,Female,2020-10-29,+1-752-531-3628x141,sullivanrachel@example.net,899 Michelle Loop,09830,2022-03-03T16:17:37
6ad09369-e0d3-47c1-945d-91e17979fbb2,Marc,Austin,Female,1994-01-26,(858)530-8695,heathercharles@example.com,9154 Lamb Trace,29796,2025-02-23T04:32:08
9267e278-9bd7-49be-a265-eddaea02cc7d,Russell,Mcguire,Male,2020-06-22,4258825721,jackvaughn@example.net,98085 Kevin Drive Apt. 586,46573,2024-06-16T12:02:01
390ff1c0-9744-4eb0-95b5-984b50af9b53,Timothy,Sandoval,Male,1958-12-16,490-363-6590x9300,fostersharon@example.org,383 Grimes Ranch,54414,2024-09-11T02:36:49
da2777af-a6ed-4e6b-a43a-35624cdf5063,Kylie,Castillo,Male,1973-04-12,+1-540-965-5832x475,juliechavez@example.net,90374 Melody View,35022,2022-12-29T22:58:04
945e49c7-e785-49d2-ab1e-5fcf3abebcc1,Jeffrey,Jordan,Male,1965-11-09,364-514-6524x86846,kingmichael@example.org,7886 Campbell Streets Suite 664,31852,2023-05-01T20:39:11
3aae37b5-87de-42ea-8118-d2a543ef0542,Jessica,Welch,Male,1979-08-17,6098728358,matthew61@example.com,82249 Carter Key,23306,2023-04-03T19:28:37
3d2dca86-7302-4b26-924e-4a96f3b6d5ae,Eric,Middleton,Male,1952-08-06,(380)454-0216x759,ogibbs@example.com,3485 Jennifer Crossing Suite 808,08493,2025-03-03T05:11:52
137ba9ec-f569-4392-8c3a-3ed86e152f71,Amanda,Daniels,Female,1984-12-19,454-793-7690,herreramelissa@example.net,69738 Fisher Prairie,88234,2025-08-15T05:12:09
e6453b43-d07e-42a1-8906-a4e2460cec89,David,Leblanc,Female,2005-07-28,776.285.8601x491,debbiethomas@example.net,1211 Ballard Courts,06431,2023-11-04T04:46:04
de590698-8072-4ee2-842f-14df6ab075bd,Jason,Lindsey,Female,1963-07-02,397-969-4489,whopkins@example.net,1551 Olivia Underpass Suite 606,88441,2024-05-09T01:05:22
c9b9f6c0-a3d8-43ec-844b-a50dcb6cda6e,Susan,Taylor,Male,2019-03-11,673-876-0776,tvasquez@example.org,44880 Steven Plaza Suite 687,14720,2024-01-15T04:16:13
7f2382b5-0d1b-493b-a9ce-f59399a9a788,Jesus,Duncan,Unknown,1940-06-25,+1-543-630-3176x1022,alyssahernandez@example.com,562 Fernandez Pine,52332,2022-08-22T11:01:36
8d676a99-a94a-4567-88ba-1f6f36a25607,Joseph,Davis,Male,1982-02-10,902.934.5774,glen50@example.com,71912 Scott Fork Apt. 871,10975,2025-09-08T03:09:41
ecf60826-3c1e-4ac4-9af0-9b921da9c3c5,Michelle,Velasquez,Unknown,1984-08-02,783-212-2977x881,orobinson@example.net,538 Michael Circles Apt. 340,58064,2023-08-17T04:41:17
2d5f62b0-541e-4d9c-b9c8-ddd88f8d9ef2,Jennifer,Mcneil,Female,1945-12-29,9985439328,cardenasjulie@example.org,353 Erica Burg Apt. 056,70412,2023-06-20T01:39:02
6df3be7a-af61-4ae1-83a3-5aed33440c51,Lisa,Price,Male,1976-04-15,001-445-208-1162x7597,balljustin@example.org,4186 Lindsey Mountain,93589,2022-12-31T17:02:44
7ad866ba-f252-48f9-bedf-665fa5978064,Michelle,Gutierrez,Male,2023-12-31,(272)540-3532x22523,charles03@example.com,2412 Sarah Wall Apt. 949,01033,2025-01-28T02:14:30
bb23e712-bfd9-4996-ae5b-6379213fa67b,Justin,Hill,Male,1997-12-01,(757)722-2997x712,awilliams@example.net,35318 Cox Views Suite 367,02025,2024-02-02T08:13:33
41d0d034-abfb-4c17-8ad5-433ba84f1cf1,Jamie,Tanner,Male,1973-06-08,(294)649-9497x1771,briansavage@example.org,43561 Michael Mills,88497,2022-03-24T12:04:48
baaa58f6-343f-45d0-ad2b-c99de7eca309,Ronald,Rojas,Male,1939-09-28,(729)200-8851x97463,nicholasdavis@example.net,0778 Morrow Centers Suite 024,35249,2022-07-10T15:03:23
49ed6369-ee86-4beb-83dd-1d6a18fc9899,Brittany,Berry,Male,2015-04-09,582-653-0214x66830,glucas@example.com,6481 Silva Tunnel Apt. 503,09595,2024-09-05T18:05:35
a396fc57-8c76-460f-b109-e9718ad57402,Stephanie,King,Male,1949-03-20,001-709-283-3514x0130,sandra72@example.com,93111 Daniel Plains Apt. 780,67888,2021-10-22T07:52:46
1f16bfe5-df8b-4c1c-a7d3-584cfb99ac3e,Yolanda,Skinner,Female,1944-09-18,001-746-884-6250x939,ncook@example.org,311 Thomas Shoal Apt. 956,25690,2025-03-08T18:09:49
10e436c9-3d53-4dee-b41e-2e7c00da1e3f,Taylor,Anderson,Female,1986-01-26,001-308-961-6102x937,riosmichael@example.org,5397 Page Roads,17517,2022-12-18T05:59:40
452211a8-f1c1-453b-8229-a415cb5f8951,Christina,Guerrero,Other,1980-05-15,(838)903-6714,lisa81@example.com,3617 Jennifer Tunnel,95428,2024-08-24T15:53:24
56685b02-7387-4896-83d0-81781d05ddbf,George,Castillo,Male,1968-03-22,(228)209-6724,megan20@example.com,115 Jeff Brooks,25435,2023-04-16T13:43:03
88db039c-c78f-457d-95cf-18c2c4188fea,Roberto,Guzman,Male,1963-01-14,001-415-947-2492x6409,ldodson@example.net,6395 Lauren Pass Apt. 196,27493,2025-08-22T17:36:39
9d47172c-ab01-4101-bb32-aadb1f41c851,Jackie,Lopez,Male,1999-08-01,(203)237-5141,sleach@example.net,2101 Williams Heights,92015,2023-01-17T22:04:08
178f48eb-c9fb-47f1-9b33-cb3f15510ef5,Heather,Johnston,Male,2024-04-26,(457)703-5889x52251,evanssarah@example.com,22087 Evans Via Apt. 130,94654,2023-08-12T21:05:11
8b991282-3075-49af-8e7d-765b634c25ea,Cameron,Johnson,Female,1982-05-29,763.853.1909,kathryn34@example.org,6424 Gray Fords Suite 955,18666,2022-05-26T16:48:19
e9f407ee-e932-4c6a-84aa-8f68b9ae4292,Jill,Patel,Female,2025-04-02,+1-477-684-2253x31845,davidblevins@example.org,465 Daniel Square,57895,2025-06-01T00:16:43
161fe564-c438-4a7e-8b16-5a76f82c0c20,Donald,White,Unknown,2015-09-04,+1-529-465-2942,snyderlisa@example.com,54972 Johnson Orchard,74192,2023-02-21T13:14:45
290c07eb-5793-4195-a553-ff33298bfa25,Russell,Gibbs,Female,1979-08-24,964-657-7606x54182,josephsmith@example.net,04452 Strong Lock Suite 587,84636,2025-02-19T06:44:51
7a8b737a-31b5-476f-88e9-41fdb0850679,Anthony,Garcia,Unknown,1977-06-29,001-885-853-1227,sabrina77@example.org,55757 Daniel Cove Suite 780,79377,2023-03-01T13:10:06
07a04246-59f4-4595-a1ae-96a0c1df5a89,Andrew,Martin,Male,1992-07-21,759.473.6974x75496,masonadrienne@example.org,00025 Jimenez Parks Apt. 929,15686,2022-02-11T03:13:24
6eb1de50-c1ba-4834-8aec-1d2d63a7bc90,Brian,Gonzalez,Male,1939-05-14,204-964-0457x9938,freemantracy@example.com,1406 Joann Mission,11956,2022-11-02T22:35:14
67079421-cfd2-4e23-869e-e73d832df0cc,David,Byrd,Male,1984-05-24,+1-548-272-7372x5247,ccarr@example.org,1519 Choi Garden Apt. 637,34870,2025-08-16T13:25:10
7bc19e2f-a332-4e99-9efe-c6c530ad41bb,Keith,Bell,Female,1993-11-13,736-584-7715,mathiscatherine@example.org,233 Karen Village,21572,2024-10-11T09:38:04
f9e421bc-1120-453d-b285-d65bbf6b8493,Dave,Andrews,Unknown,1974-06-24,673.874.2147x303,maryjensen@example.net,183 Carrie Isle Suite 059,29702,2024-03-13T02:02:03
ef0d44d7-a832-4652-95a2-86133a0c5dc9,Mary,Wallace,Female,1951-04-22,001-732-332-7465x600,jackieparker@example.com,5103 Priscilla Terrace Suite 510,83890,2023-07-11T18:59:11
7535ddc2-c555-44b5-8eb5-8d5c7e8f5f03,Derrick,Macias,Male,2011-05-18,+1-302-336-0772x0591,joan54@example.net,9600 Scott Isle Apt. 090,89120,2025-01-08T20:49:42
e6647803-32f9-430d-9e6e-5122a47cacbf,Paul,Clark,Male,1979-03-24,217-390-3568x46934,stevenwest@example.net,75030 Justin Summit Apt. 013,92239,2024-04-09T00:00:02
922913f1-00f3-4866-b026-0bb173f1df26,Thomas,Smith,Male,2003-03-12,(835)870-2861x7931,jdickson@example.net,90701 Mark Spring Suite 766,07829,2023-08-14T12:15:56
5f5e9c52-ef15-427d-aa21-ee30fcd77150,Austin,Davis,Female,1982-12-08,238.606.9538x1750,rodneylee@example.net,531 Petersen Port Suite 082,91783,2025-08-22T09:37:45
01e7719c-d667-4724-bfee-7aef6a606a4b,Jason,Mcdaniel,Other,2013-07-05,001-865-916-2078x293,ashleywatson@example.org,59968 Wilkerson Field Suite 091,73132,2023-07-21T10:47:05
22530aa4-15d1-42b0-b6a6-b583dcac7b04,Joseph,Gonzales,Female,1979-02-20,376.617.5083,uthomas@example.com,55867 Barrera Curve,86197,2022-12-14T05:58:52
c420c72d-8fb8-4736-8540-6adb983ae235,Kimberly,Rowland,Male,2004-11-11,703-239-6332,ythomas@example.com,8260 Brown Locks,80695,2022-04-30T08:40:06
8db7c020-7e8d-4bb3-b932-b23322c1d7a1,Tami,Caldwell,Unknown,1977-08-08,712-887-8626x33656,pmorales@example.net,91658 Cummings Underpass,14798,2022-04-02T15:47:08
1ea822bb-5738-4567-82f7-2b1fb9d4d2d3,Brooke,Sanford,Female,2015-01-20,+1-372-748-2194x368,jessevang@example.org,95688 Perry Parks,16325,2023-12-30T06:08:39
a3593aec-d5d1-4ae2-8940-e0fa08509d96,Patricia,Hall,Male,1959-01-11,(309)200-0165,amandawilliams@example.org,828 Smith Ways Suite 506,37001,2025-05-30T20:27:43
6cf6c879-d279-40a4-897e-2ce54fe30b6d,Gary,Armstrong,Male,1980-06-07,001-840-760-9161,matthew78@example.net,9277 Deanna Loop Apt. 671,69257,2023-09-24T19:43:47
f0657d73-0e0e-475e-9b48-732fdbd0f097,Gary,Cervantes,Male,1987-12-29,294-396-9039x64063,adalton@example.net,546 Isabel Extensions,06819,2024-12-02T04:11:10
b226f24a-230d-47b8-bf97-588ef6cdd0d1,Sonya,Montes,Male,1991-08-18,001-540-987-7135x2513,dustinhart@example.org,2629 Villanueva Place,18388,2023-09-06T21:20:48
47d9dd10-272d-4ace-bfd0-dce0612c3b0d,Justin,Valenzuela,Male,1977-02-07,001-324-872-2155x22359,elizabeth19@example.com,92167 Moore Highway Suite 857,91017,2022-11-13T03:10:29
f9a21729-130b-42a3-bb37-2648697ac96d,Jennifer,Moran,Female,2015-01-13,512.282.8478,castillojason@example.org,8371 Stephenson Glen,84200,2022-01-24T02:02:59
bd16c038-4ef2-43f5-bf8f-bd67133a8490,Katherine,Johnson,Male,2007-04-06,2238561173,alexis52@example.org,31730 John Pines,25534,2023-07-08T02:49:40
48ffeea5-fb33-440c-86b1-9eec05d1c7ad,Megan,Nash,Male,1976-12-23,+1-481-679-2659x0438,johnmartin@example.net,109 Bradley Glen Suite 723,57370,2024-08-12T11:00:22
232e444c-de97-4f42-97d3-d848b6388b9c,John,Morrow,Female,2001-01-16,4954702887,imartinez@example.com,65633 Perez Crossing Apt. 280,70669,2024-10-09T15:07:43
19a1a2d1-da00-4c08-997b-d7bb9a58131a,Matthew,Parker,Male,1943-10-02,552.201.6909x851,linda15@example.net,716 Whitney Fords Suite 820,29151,2025-03-05T17:53:18
c49b9178-43a2-49e4-b981-f289185c39ed,Lauren,Moses,Male,1988-09-13,001-434-753-1632x191,paula82@example.net,974 Cortez Greens,31459,2023-02-10T01:56:48
938fb1ef-2ec0-4db7-9fac-9217e36ebb7f,Brian,Warren,Male,1955-09-16,(776)692-5178x4862,flemingjohn@example.com,91538 Patricia Throughway Apt. 382,92525,2024-02-28T22:57:10
0c906c01-3b44-4abc-942e-c8b0cce52711,William,Elliott,Male,1999-10-31,3107125537,gmason@example.com,02400 Martinez Way,81216,2021-12-04T18:53:53
c13d3c53-8cda-44ec-82b8-efc0d76a64da,Joe,Taylor,Female,2012-02-01,001-902-631-7002,hugheslydia@example.net,524 Ball Hills Suite 808,47036,2022-02-28T09:48:17
b67af865-cfc3-445b-9464-cda8dbf7fa26,Kristy,Le,Female,2004-02-29,7789586521,mcneilwendy@example.net,137 Melissa Ports Suite 704,02905,2022-01-24T05:04:25
8bcae422-b0c3-4157-9ecc-020993cdfce8,Aaron,Black,Male,1968-11-06,(250)335-6724x43127,greenbrandon@example.com,7299 Moore Mount Suite 578,96078,2022-05-02T23:21:43
19b627b5-4c2b-4a96-a86c-1d888d67e82c,Martha,Baker,Female,1944-08-01,334-299-8752x1472,davidclarke@example.com,51921 Cody Road Apt. 865,06642,2025-03-11T03:05:48
4fd82aba-0a6d-44ac-ae48-1499c096dbe4,Joel,Mccarthy,Female,1993-10-27,263.663.9966,johnturner@example.com,119 Kimberly Burgs Suite 206,11315,2024-04-25T12:37:53
5550f4ea-a86b-48b5-97cc-b76c6b905645,Melissa,Ball,Male,2026-01-05,(298)220-0497,alan39@example.org,6541 Moreno Grove Suite 061,95050,2023-05-06T12:06:43
1825068b-1199-4084-a30b-54900d536045,Mike,Mcdonald,Female,1968-03-04,+1-301-357-1852,wrightlinda@example.com,2452 Ortiz Key Suite 465,27132,2024-09-25T11:13:42
e432f23e-1b59-400c-8106-c378969b1bad,Miranda,Miller,Male,1970-08-11,3076486205,ydavis@example.org,27654 Gonzalez Estates Suite 935,10144,2021-11-19T15:44:39
67eedfe9-5c72-45ca-8f3b-6e13781f018a,Vanessa,Nichols,Female,1938-11-26,(832)572-1852x38003,grodriguez@example.net,073 Mark Summit,83050,2024-03-27T02:14:20
f08d5f51-9742-42a6-a8a7-926043a8007e,Tonya,Mata,Female,1997-10-04,(627)526-0380x73842,davidmurray@example.net,1861 Dickerson Inlet,53418,2022-04-04T15:22:24
55852445-14fe-48bc-bf61-2028cb4a9aa4,Jeremy,Reyes,Male,2013-06-22,682-980-0738x088,lisamcclain@example.net,587 Horton Lakes Apt. 107,88333,2024-06-10T22:31:12
b360e8af-91aa-4b5c-ab0c-bd6ca6032997,Gregory,Johnson,Female,1940-11-18,771.875.3797,gutierrezpaula@example.org,3846 Joseph Row,80341,2024-03-10T06:51:17
78669ba9-044f-4c73-8fef-7fd7a17ea816,Erica,Davis,Male,2003-02-07,691.729.8522x597,bethany36@example.com,7678 Adams Trace Apt. 430,63324,2024-04-27T09:17:02
bce4808b-2b5b-4e12-a06c-e216b54a126d,Tracy,Juarez,Female,2016-04-11,+1-691-987-6671x11549,chanallison@example.com,283 Willis Grove Suite 852,78542,2021-12-11T07:32:53
3d1401de-827a-4e2c-aeb4-eb8edd23a782,Erica,Patel,Unknown,1938-06-26,243-416-2235x678,hesskaren@example.com,45973 Weaver Forge,01665,2023-09-11T22:25:26
e004c471-85e1-428d-ae70-f6f5015a749b,Melissa,Torres,Male,2020-05-02,650-227-0314x2740,johnsoncasey@example.com,124 Mccormick Points Apt. 716,63702,2022-09-20T21:21:44
d782d6a7-c6b9-4071-bad7-8868cb6ee774,Connie,Saunders,Male,1958-09-03,001-216-278-3233x7381,todd77@example.org,640 Young Lock Suite 559,35884,2022-06-27T16:55:11
6e025590-0f32-4b39-bce7-c8078c2d23a9,Bianca,Welch,Male,1983-10-22,381.611.8746x2670,deborahsmith@example.net,160 Thompson Inlet,04240,2021-10-30T11:28:06
d334dce9-3145-44c5-a370-e0f7aab8cc30,Seth,Barrera,Female,2019-02-17,397.994.8979,othomas@example.com,8693 Booth River Apt. 503,22970,2025-07-15T13:07:20
f945cfd4-678e-495f-a2de-b12c5821f077,William,Taylor,Female,1953-12-05,+1-649-261-7139x89577,cynthiadavis@example.org,239 Dawn Islands Suite 589,37334,2022-08-14T04:23:19
44f4caeb-49a4-443e-940d-8bcce926aa56,Heather,Gardner,Male,1939-02-17,+1-959-214-9236,daniel12@example.org,510 Michael Groves Apt. 405,16535,2025-02-22T16:17:13
b4f7af31-1fe8-4be4-a3ba-b56cdb2bfd4f,Rebecca,Martin,Male,1981-03-29,(865)440-8097x97662,mmendez@example.org,595 Patricia Light,59396,2023-10-03T18:52:32
005f3337-7f67-468a-9af2-0d53a5f97430,Phillip,Hardin,Other,1967-11-28,808-361-0948,ihoward@example.com,4820 Brandon Extension,69221,2024-11-02T01:48:01
bf2d57e1-30f0-4f6b-973a-905867d1cb6f,Linda,Stephens,Male,1941-06-03,657-377-3221x167,travis92@example.com,4324 Sheila Landing,00793,2021-11-14T03:58:46
d07f8c45-2f32-44c2-939d-1b6120d120ae,Anthony,Elliott,Female,1990-05-30,001-789-813-8080x7892,rmartinez@example.org,8870 Melissa Junctions Suite 072,71158,2025-04-07T14:27:22
3fb00e1b-abc8-46cf-b798-bd221eb6d3f0,Justin,Atkinson,Male,1972-10-06,222-269-9334x18919,sandraanderson@example.com,6866 Edwin Parkway Suite 564,42384,2024-11-08T05:52:23
3fffbc75-ff86-4deb-bb19-5b020a4af40d,Crystal,Stokes,Female,2014-07-10,625-799-3069x0823,howardrodriguez@example.org,8882 Christina Inlet Suite 426,65279,2023-09-16T11:17:20
650c4a03-af1f-4779-927b-a660bb335cf7,Kayla,Conrad,Male,1993-09-08,+1-467-532-0774,jcurtis@example.net,784 Robert Alley,05174,2023-04-22T17:46:06
1cd43dff-f59b-49fa-86cb-eb6037d7bd4a,Lisa,Hamilton,Female,2016-08-05,001-437-396-5389x224,emily85@example.net,218 Parker Highway Suite 060,91226,2024-12-23T02:18:12
1c5bb4ce-b79c-4fc9-b5cf-fe16a6dfd693,Elijah,Thomas,Female,1969-03-29,001-403-624-4320x8464,hooverrichard@example.net,2071 William Circle Apt. 230,60821,2023-06-02T20:21:55
57632be7-1b61-408e-a9d1-b0370385c534,Joseph,Bryant,Male,1941-12-24,6724391194,ffrey@example.org,300 Brenda Wells Suite 919,10176,2023-08-16T06:18:36
a5e0ecfd-b96c-47ff-a5a0-f9e224f6548d,Nicole,Horton,Female,1981-12-02,828.265.1238,sanchezbradley@example.net,87524 Kenneth Spring Apt. 878,35668,2025-05-02T03:23:28
fa2d0e68-533a-43b3-9e66-d8fade69c076,Michael,Mayo,Male,1965-05-23,001-855-680-1280x43270,uvaughn@example.net,03919 Smith Fields Apt. 247,87167,2025-05-21T21:36:26
466aa217-ae29-47c1-84d4-65dfa8d65147,Gerald,Mcfarland,Male,1976-11-10,(601)940-6500x177,sethtaylor@example.net,26979 Clark Burg,28640,2023-05-15T02:32:47
255ab787-a292-4d6c-9b95-e9883398b604,Amanda,Parrish,Male,1950-07-13,6504548105,roy74@example.org,8106 Susan Mill,56074,2022-02-12T16:18:54
aa759a8a-deb5-4d16-b020-d03f5a69e2c6,Brandon,Fields,Female,2015-05-13,953.347.2542,mark46@example.net,7248 Ellis Mills,86268,2025-04-01T21:01:24
7d296f9c-7d6a-45c4-be26-13aba98cb9cf,Kelly,Harris,Female,1960-06-06,001-639-237-2877x98857,twebb@example.org,0910 Sylvia Rapids,49248,2023-03-14T14:34:08
00c85e9a-408a-4d2f-8c86-e6b66ffcc6e5,Mercedes,Austin,Male,1980-11-13,213.812.6296,larrysmith@example.org,12792 Carson Harbor Apt. 884,92842,2025-02-27T22:15:54
e3915adc-c809-4083-8fb8-3639289a580f,Timothy,Woods,Female,1969-01-16,573-770-4578,bradley58@example.com,50450 Cooper Roads,98068,2022-02-26T03:14:54
4a00ae99-8637-4844-b570-7bd6bf922ea5,Andrew,Stevens,Male,2014-01-03,609-238-5321,rwells@example.net,8953 Johnson Stream Suite 674,92623,2024-02-05T07:07:48
2404c66d-4986-4729-a19d-4f0a1c444135,Norman,Howard,Male,1982-03-30,+1-385-240-4960x714,albertleonard@example.com,593 Amanda Junction Apt. 346,09230,2022-01-20T06:37:51
03864649-c4e0-41c7-ad18-50e92d53cf30,Elizabeth,Parks,Male,2023-07-30,(995)439-8534x7089,brownmichelle@example.com,83406 Dyer Circle,18927,2023-09-13T17:15:03
9623d848-10b7-4ccf-8793-5d69c33bf03e,Christopher,Martinez,Male,1984-12-27,(496)214-4058,stephen76@example.net,428 Erin Flat,37988,2022-04-08T07:58:19
730825d1-396c-419c-a4ed-91b84d9e3b99,Morgan,Reyes,Male,1981-03-22,8589253630,imendez@example.org,87499 Johnson Courts,53670,2024-01-07T09:31:10
7a11df76-d6e7-4f73-868e-bdf8dd252141,Jeffrey,Fritz,Other,1956-12-10,773.584.4924x8634,joshuawilliams@example.net,9748 Carrie Lights Suite 482,40965,2023-12-07T23:28:57
3876fdaa-7af8-4c9f-a913-cb7645071807,Philip,Mcdonald,Male,1940-04-18,696.502.2270x198,amylong@example.com,103 Lewis Junctions Suite 027,32807,2022-04-30T03:53:02
3c03032c-c7f0-40cf-8463-aa5e222c2fd2,Patricia,Dunn,Female,2026-06-03,+1-751-256-1882,kcook@example.com,879 Joseph Drive,17241,2023-09-17T12:14:09
f2d1e6c1-fc8a-4016-b808-0dba6273f164,Kathy,Campbell,Female,2008-03-03,001-731-732-8940x381,laura26@example.com,056 Devin Junction Suite 787,39280,2022-09-06T02:00:48
1c1d73b3-250a-4bc0-af19-117fa452cdef,Ronald,Krause,Male,1943-09-27,613-425-5501x3816,maciasbobby@example.net,71866 Andrade Key,35648,2024-01-03T01:19:05
b09dcd19-413b-4e20-85a3-a4735eeefb7f,Kenneth,Howe,Male,1986-05-17,583-638-2371,grahamapril@example.org,261 Hughes Points Suite 810,18956,2024-12-25T17:15:45
cca97f81-8438-4157-a885-f19edcac3096,Tiffany,Smith,Male,1983-11-15,001-438-860-6661,julie41@example.net,126 Mary Course,53032,2022-12-14T15:02:43
91312064-101e-47fb-8532-5a3e6759d978,Kristen,Kelley,Female,1951-12-15,(744)692-9511,jeffrey44@example.net,3506 Brooks Crescent Suite 517,92448,2025-05-20T18:34:35
48667469-e616-4980-bdc0-f8cf1b6c2937,Neil,Smith,Male,1986-04-04,001-353-298-6214x3346,phowell@example.org,54295 Kelsey Avenue Apt. 999,40339,2023-12-15T02:40:45
ab1f5666-f52a-42c4-81fb-0bf53e8a1072,Melissa,Tyler,Female,1992-08-02,001-852-442-8134x53372,cherylbecker@example.net,042 Jeremy Summit Apt. 723,97254,2024-07-12T21:31:39
cc8ae9ca-930c-462d-9d14-8109db18fefb,Christian,Lee,Female,1970-09-29,(562)972-1481x334,danielteresa@example.net,3924 Hogan Manor,07396,2024-07-07T11:24:54
7f3dcbf9-a0a5-4b74-aed5-a161ebfce2d6,Rebecca,Jones,Other,1970-03-12,910.523.0302,brittany91@example.net,5751 Boyd Rapids Suite 016,07808,2024-07-27T04:03:17
05028ad9-f568-484d-a62b-2cda00dce949,Holly,Green,Male,1972-10-03,501-773-2621x2039,danielle08@example.org,81362 Jillian Causeway,05397,2024-08-15T23:39:59
6b732c7a-8dca-44bd-850a-2d22b08c19fa,Nicole,Carpenter,Female,2025-11-27,+1-448-508-7079x892,mhamilton@example.org,6203 Tiffany Track,77829,2025-01-19T20:35:20
2ff79a57-3183-4ab0-bb24-13e8005fb765,Nicholas,Vang,Male,1964-05-01,(910)906-4785x520,barbaramartinez@example.net,07506 Spears Grove Suite 966,16149,2023-01-17T02:26:31
6cc2e20f-c3a0-4289-b88b-a4454e6c2bae,Richard,Benitez,Male,1936-09-17,(600)886-2388x9807,ellismolly@example.org,195 Marc Circles Suite 440,08594,2025-03-30T08:33:26
3310401b-9610-43cd-859d-f649cdf9d1d6,Adriana,George,Female,1947-08-27,(457)538-5551x737,davidowens@example.org,976 Cole Terrace Suite 446,44097,2024-05-22T02:53:08
9a00a4e2-f5ed-4b7f-9787-6a50ab7a63e3,Jorge,Romero,Female,1943-02-05,+1-408-213-3176,campbelldavid@example.org,798 Cunningham Stravenue,61661,2024-05-17T23:15:31
78cb7469-6142-494a-9899-598d5b5cfadf,Paul,Mclean,Female,1991-02-08,656.901.5351x3554,jhiggins@example.net,2064 Cooke Stream,16558,2025-08-19T14:07:00
0bb9c606-5320-46af-beb0-b8d1e3e7e32d,James,Hopkins,Female,1945-11-14,001-465-895-3079x535,lpotts@example.com,0699 Daniel Fall,17887,2022-02-12T02:51:36
3dbd210b-c249-4241-b8ac-9c5e5b5c87cf,Jesse,Baker,Female,1936-12-28,001-399-404-3982x471,rebecca59@example.org,402 Omar Square,66825,2022-12-10T15:46:26
f51ed666-6e4a-4daa-ba42-87f37e3f1d45,Timothy,Powers,Female,2010-05-01,916-581-7865,gcastro@example.com,56579 Hurley Parkway,35847,2023-03-30T03:25:57
90ae41e4-1a6a-4169-9386-5151b0921979,Kyle,Cantu,Female,1980-09-08,001-895-347-7550x862,lindsay44@example.net,021 Small Junction Apt. 308,78025,2022-05-15T19:36:07
0b3b81a9-ddd6-42a8-a925-f2d53b36c46e,Melanie,Daniel,Male,1964-01-20,819.271.0510,jeffreyholt@example.com,280 Dawn Spur Suite 544,84789,2022-11-10T20:10:33
bd15e59b-fef6-49d7-88f4-7eed69906abf,Elizabeth,Davis,Male,1948-12-15,374-526-5608x009,amartin@example.net,813 Carlson Mountains Suite 025,40396,2025-07-10T09:31:59
8c6ef4cd-f9d6-4e8e-bd61-de15ae53719c,Gina,Keller,Male,1938-01-12,510-912-7777x296,cruzdavid@example.net,724 Gonzalez Vista Suite 184,02353,2024-12-06T06:34:15
36ebaef4-bcef-4c15-b881-e71322bea0bc,Shannon,Harrison,Male,1992-07-05,611.284.6057x6357,juarezfrank@example.net,9691 Jeffery Harbor Apt. 017,20480,2022-02-05T16:04:10
02fea0e2-41a7-42d6-895f-a84518cb913a,Joshua,Huffman,Female,2010-05-22,(860)283-7043x04151,amber29@example.net,110 Barnes Gateway Apt. 016,12053,2022-01-23T02:13:23
47c9021f-fdc6-4ba9-9eca-80e968bd47aa,Krista,Simon,Female,2020-10-04,001-844-361-4561x7221,rojaslauren@example.net,668 Mcbride Motorway,29472,2025-08-04T13:26:31
35868ed1-e4a2-418e-b328-8280e3ca0915,Teresa,Patton,Male,1994-02-26,2015222812,fbailey@example.com,12363 Jason Stream,70997,2022-11-28T21:46:53
1e684eac-9c9d-4925-bc98-fe89ec6ee5ca,Julie,Bradley,Male,2020-07-27,001-549-413-8248,mmiller@example.com,1400 Ellis Manors Apt. 588,98818,2022-10-19T10:56:04
8971b1bb-992b-4a0e-8a85-7fe44014c0f8,Duane,Mitchell,Female,2017-05-20,001-480-988-5147,swright@example.org,379 Nguyen Turnpike Suite 994,23123,2023-07-14T16:43:47
0b4ec2ee-3dbf-4049-82cb-0bc7f0329337,David,Scott,Male,1940-04-14,7167879674,ashleyaguirre@example.com,52723 Thomas Trail,23341,2025-07-13T02:40:06
a8449e0b-2ac2-4c1e-8a83-e68d46eed033,Rebecca,Parker,Female,1943-03-05,908-453-9761x358,emily23@example.com,762 Randy Brook,77401,2024-10-21T22:02:37
d7906117-ed1d-4adb-81a0-960bba89c34b,Kimberly,Lyons,Female,1961-11-05,+1-665-301-5317x9019,gabriella88@example.net,109 Booth Drive,32252,2025-02-04T18:37:54
696c5060-cbb4-44a3-b763-4604fe048d5a,Christopher,Williams,Female,1972-10-10,001-952-715-7653x07679,christina33@example.org,2799 Rachel Wall,52734,2024-09-16T03:50:47
95379272-80f2-435e-96b5-b5fc199fbb17,Melissa,Nguyen,Male,2026-03-21,(313)779-7675x024,matthewsedgar@example.net,60053 Ryan Islands,62637,2025-05-17T05:56:50
6d56ccd8-0006-46d1-8715-60e4935f6c60,Stephanie,Collins,Female,1984-08-23,+1-616-594-5491x623,davidholt@example.com,655 Fitzgerald Pike,64197,2022-11-28T16:46:58
73cd9709-c0da-4043-9b5d-c6edef4589fb,Angela,Mcbride,Female,2010-07-27,5345508457,cgriffin@example.com,339 Wheeler Falls Apt. 792,96925,2023-07-30T06:20:57
18f67e0c-bd28-48b0-86e2-e0802a0f31e4,Anthony,Peterson,Unknown,1956-03-12,339.380.1340,daniel01@example.com,1344 Porter Walk Apt. 506,37295,2021-12-17T00:00:36
46774ddc-aad4-44ad-8577-f0c3925b3545,Theresa,Cole,Male,1949-10-31,245-347-9525x10171,isaacthomas@example.net,60145 Carr Mount,53775,2024-12-28T04:57:38
bccb296d-3bf5-400a-a82e-25e3d2832c0d,Joseph,Poole,Male,1994-02-11,340.250.9576,wbailey@example.com,9609 Nicholas Mountain,31039,2021-11-20T17:36:30
3585ac00-d3c8-44bd-b223-9f5d2dec9b01,Molly,Gonzalez,Male,1969-03-23,564.524.9592,allison60@example.com,2344 Marshall Ville,38888,2022-01-06T06:30:37
a962a21a-0faf-4a84-b5fa-99f24b851e26,Jason,Harrison,Male,1985-09-24,(229)736-9218x984,scottkirk@example.org,5902 Parker Groves Apt. 457,14951,2023-06-18T11:08:27
1e2d22f6-080f-49b3-a26f-93e79e5f992d,William,Johnson,Female,2019-10-05,693-799-4096x7934,wlee@example.net,750 Perez Turnpike Suite 425,82120,2024-07-08T22:25:13
a08ba0ef-5ddc-46f0-b444-10e5b95c1eda,Kevin,Caldwell,Female,2012-04-09,001-846-350-3566,omiller@example.org,6747 Thomas Isle Suite 335,60655,2023-10-19T14:04:54
afcf7c8e-d5b1-409d-8cb2-2b3dc2d6f712,Jose,Mathis,Male,1969-06-04,001-376-286-4892,greenjohn@example.net,5799 Robin Ridges,92142,2022-02-02T23:38:35
e6b23125-d568-492f-9032-5480b01b5658,Robert,Nguyen,Male,1949-02-01,+1-245-579-5107x915,morgan85@example.org,1277 Carl Isle,61543,2023-08-31T10:23:23
5fe19173-2bdf-4df4-81f3-914660ca40ea,Matthew,Duncan,Male,2011-11-21,908-248-8789,lauren89@example.com,4641 George Common,52765,2022-06-20T08:56:14
e4951ebb-d7c8-4cb8-af37-6fbe2cd31317,Louis,Watson,Male,1972-01-07,560.968.3719,michael06@example.net,65169 Lisa Oval Apt. 725,44639,2025-08-01T15:02:12
36378db3-2854-4b64-83b0-de8615b73e01,Cynthia,Anderson,Male,1961-09-06,+1-797-835-1871x1166,bwilliams@example.org,8042 Jessica Plains,23266,2025-06-10T07:35:41
3ab09847-6f43-47cc-9bc2-b4b46a40e733,Brian,Morris,Female,1987-05-10,4078950084,itran@example.org,0087 Anthony Orchard,37262,2023-07-06T08:13:06
852fe1b1-b6b4-48e7-8421-c1e12a8b5fc8,Darlene,Wright,Female,1988-02-25,624.544.9990,melanieramos@example.com,230 Hodges Trail,12189,2023-12-25T00:06:49
f3310760-87e6-4238-ad59-2953e24297fc,Jennifer,Ross,Female,1956-01-22,844-449-1244,nhill@example.com,9963 Barber Motorway,56009,2022-07-07T02:46:08
eac98c18-f63e-4ed4-a623-3aa197788819,Tanner,Kelley,Female,1990-12-15,437-585-1195x58860,lopezmakayla@example.net,9612 Espinoza Flat Apt. 126,28539,2023-04-19T20:29:47
284b2e1d-73fb-4c56-a2ea-5644547e1c39,Kristin,Kelly,Female,1950-11-29,3456137860,jibarra@example.net,624 William Fords,08749,2024-02-24T17:40:40
913a27af-a917-4e02-8868-b64498220d58,Nicole,Wilson,Male,1958-06-17,2548754253,bryanbradshaw@example.net,6556 White Wall Suite 781,41714,2023-05-03T09:44:07
9c672338-2c11-4a43-acc5-599972f580bd,Judy,Christensen,Female,2005-05-27,001-541-336-8190,howardmelissa@example.net,333 Cindy Orchard Apt. 428,08966,2023-08-21T10:27:22
429e5882-50d3-41d6-8778-09ce71f07cbe,Caitlin,Bennett,Female,1990-11-02,770.704.4406x1858,aaronthomas@example.net,6676 Katrina Isle Apt. 459,39449,2023-02-07T10:43:02
c5954f39-cc5d-46e4-bbc1-0bbeed1c4d70,Stephanie,Hanson,Female,1972-03-11,862.241.7645,qbailey@example.net,08386 Gregory Skyway Suite 614,21044,2024-01-19T17:07:40
60227afc-4ba8-4162-a7e3-9166323eba41,Douglas,Alexander,Female,2010-01-17,+1-353-329-0386,larry62@example.net,5452 Cooper Road Apt. 608,78765,2024-08-04T12:16:18
dfedf5fa-174d-45c0-ad60-18d977019d44,Tyler,Cunningham,Female,1939-08-09,(234)376-7090,griffinalicia@example.org,061 Curtis Branch,28367,2025-04-19T20:16:50
e69cdb5b-2074-45ab-b1cb-e822cbee1876,Katrina,Ingram,Male,1942-06-15,+1-524-623-6382,lchase@example.com,986 Andrew Haven,19012,2023-03-12T18:21:01
f316891d-8896-4456-b344-dde4bcac4426,Marcus,Rice,Female,1992-10-31,583.940.4266x57733,pattersontammy@example.org,84238 Thompson Lock Suite 195,70431,2023-05-03T15:59:38
e8ca0bd2-6504-47a9-bab4-d3588f6068e7,Lori,Davidson,Female,1992-05-01,(671)703-5493x635,jhawkins@example.com,60789 Morse Green,37953,2023-02-17T21:51:16
229da816-d113-4946-bcd4-2854b6630e4c,Matthew,Middleton,Male,1965-03-21,424-789-8294x1132,jason59@example.net,1956 Franco Estates Suite 091,20029,2025-05-22T16:31:17
3b5745df-e034-4e68-89fd-911f2e06e33a,Suzanne,Buckley,Female,1980-02-02,001-913-444-0883x0703,catherinedaniels@example.net,731 Sanchez Plains Suite 617,30356,2023-11-06T15:42:39
82278cac-0cfe-4cdf-a872-c5573d9049bb,Alyssa,Cardenas,Female,1989-05-05,221-460-5488x236,crystalriley@example.net,76018 Fisher Brooks,94790,2021-10-23T05:08:36
3dd29956-12fc-4f49-a269-6a738b2dfd83,Donald,George,Female,2016-09-06,+1-334-989-4660x10953,wesleypeterson@example.org,7930 Kara Lodge,24413,2022-05-24T11:03:10
899df4da-866b-4f44-96d0-0a821564b478,Angel,Rose,Male,2005-11-20,9282775404,grogers@example.org,4338 Freeman Isle Apt. 206,29305,2023-01-13T16:12:27
22dcb06c-8c85-428e-9502-ec6742da1572,Chelsea,Johnson,Female,1997-10-14,+1-926-383-5715x0763,cathy76@example.net,121 Alvin Mill Apt. 978,30645,2024-08-09T15:39:24
d9a9a834-7d91-4485-ad7f-1aa30b44cceb,Scott,Underwood,Female,1949-11-28,001-464-822-1117,ibarrakelsey@example.net,9041 West Springs Suite 662,40079,2022-09-20T00:51:54
3873335f-ca3f-48a4-8d88-e44e23c43184,Lauren,Stein,Female,2022-11-01,212-603-2886x284,jonespaula@example.net,202 Amanda Station Apt. 755,10563,2023-05-09T11:16:43
9ff5846e-25d7-4d5e-8498-b40a16e1cf6b,Cassidy,Bailey,Male,2019-07-05,+1-874-880-7261x1779,sandra49@example.com,1464 Dennis Landing Suite 166,16990,2024-04-08T01:32:31
8bf640ea-a244-496a-b88e-33d16c1036cd,Brittney,Harper,Male,1948-10-23,865-395-7561x46792,alicia80@example.net,188 Donna Mount Apt. 003,50256,2022-03-05T04:49:10
2a257ecc-75fd-4d83-9264-43bac298823a,Morgan,Rodriguez,Female,1985-09-01,001-381-396-8705,bennettderek@example.net,280 Levy Prairie Apt. 020,39796,2025-09-01T19:08:52
07ab7770-5672-4b4c-98e3-cb62fe24fcd4,Karen,Burgess,Male,1952-05-22,895-677-1369,jacobmiller@example.org,74774 Payne Crossroad,11426,2022-10-28T12:10:20
c67a56e3-06fe-4fcf-87b1-326502f39ad2,Lisa,Johnson,Female,2001-04-15,+1-412-516-3976x98916,larryjones@example.org,534 Lee Crest Apt. 312,32230,2022-10-13T22:09:52
b91c6d9d-cf41-47ca-9ce6-15220632718e,Nichole,Allen,Male,1986-08-03,278.347.7259x08902,ssmith@example.net,933 Zuniga Brooks,15861,2022-01-15T00:27:59
be00b0cb-c1ef-4aef-aa38-746e528f2346,Lisa,Smith,Female,1977-06-15,469-310-9826,charlesturner@example.net,42188 Benjamin Fork,93330,2025-04-18T04:14:50
b01de936-1527-490a-94c0-8edd95f9a545,Jennifer,Hill,Male,1968-03-04,432.862.5286x704,hfrost@example.org,3356 Hannah Turnpike Suite 344,91422,2023-12-26T07:43:43
7060ee63-1927-4b44-8e2c-f16bf3fd9e32,Christopher,Hendricks,Female,1967-11-12,(804)914-6752x712,michaellewis@example.com,39357 Crystal Prairie Apt. 635,66329,2024-07-28T06:51:33
0ea7c6ed-5f1d-4663-a5c5-afe189fdf534,Natasha,Blankenship,Female,1964-10-13,355-306-8861x19120,kcurtis@example.com,638 Clark Parks Apt. 705,09228,2022-03-18T11:22:23
069d887f-9ad8-4fa7-b7f9-0812bf9bd810,James,Patterson,Female,1968-07-23,659-479-0514x4949,ulee@example.net,94927 Henry Viaduct Suite 951,44527,2024-04-22T10:25:05
610918c9-5016-4bd5-9a74-4822fd07f913,Melanie,Atkins,Female,1962-01-24,(405)399-8537,lori80@example.net,5904 David Greens Apt. 199,86344,2024-02-15T15:28:25
a54680ad-8107-45f3-aa0c-e0e1cb70c67b,Brent,Vargas,Male,2011-11-05,567-398-0916x202,josephhowe@example.org,9400 Jason Square,83051,2021-10-21T09:17:48
15c535c9-28c6-45ff-82c4-0e374ac98d23,Carla,Clarke,Female,1983-05-06,321-920-3279x8037,alice56@example.org,1983 Jones Field,13937,2022-06-07T06:42:02
938df7c1-ab0b-44fc-99b0-6cf925dfa1fb,Felicia,Johnson,Female,2024-11-27,6849343797,julie71@example.com,82418 Aaron Pike Apt. 423,42323,2024-11-28T05:15:14
e9066120-85b0-49fe-bdbb-4c184984e0ab,Anthony,Blackwell,Female,1962-12-23,(877)525-5512,btrevino@example.com,740 Berry Heights,28801,2023-03-29T03:44:03
c362f40b-d309-4fc5-acfc-4fb4268c3b15,Spencer,Cook,Male,1968-08-21,(624)979-4958x08194,travis50@example.org,847 Anna Mountain,08057,2024-09-10T10:03:58
5069c057-0ade-45db-89ce-acdb9f24c788,Laura,Andrews,Male,1972-10-19,635.684.1284x09819,kevin72@example.org,648 Dawn View,02220,2022-02-05T23:12:06
77a1cf7d-6f47-46b6-81d4-2b2f0a568d1c,Connie,Hart,Male,1979-08-09,001-603-227-5350x82021,hcurtis@example.com,4551 Lisa Garden Apt. 737,01179,2022-06-22T15:51:37
a97b43bd-00b7-4636-8c81-a3cc9965ef48,Justin,Thompson,Male,2013-01-11,585-495-6767x687,karencampbell@example.net,6967 Laura Brooks Apt. 031,25380,2024-09-24T02:59:50
a2fcab34-5868-4fda-a0bd-c6623ee07bb3,Melissa,Jenkins,Male,1974-07-23,+1-734-327-2235x56460,colonkelly@example.org,5539 Thomas Forges Suite 515,36487,2023-06-13T23:37:50
466b9910-8411-49cd-b951-75be5c89158a,Sarah,Daniel,Female,2009-09-25,+1-903-673-3288x00332,connorhawkins@example.org,043 Cobb Locks,79369,2023-03-09T07:47:15
1f79260c-9020-4de2-a0b2-55bf67ba189d,Susan,Taylor,Male,2023-08-15,(777)289-8800,katherinewhite@example.org,69553 Sean Via,36282,2024-05-09T03:12:04
82fda101-44f8-41b9-8c36-13692636c245,Thomas,Strickland,Male,1988-04-27,001-803-504-1122,lmartin@example.net,7384 Sullivan Curve Apt. 378,64239,2022-05-15T08:18:49
0c8b2089-a94c-4612-9e9b-e593525706d0,Thomas,Lozano,Male,1936-07-27,001-932-761-1132,david12@example.org,278 Ross Path Apt. 734,49115,2024-11-17T11:59:45
93aad0c7-c8fe-4dd7-ab94-906dd252f321,Lisa,Foster,Male,1955-04-01,+1-785-631-1180x177,smithsara@example.com,61009 Christopher Park Suite 278,74990,2022-05-08T03:18:37
0a148b9f-b6db-45fb-8d73-7aa20ab832ea,Benjamin,Willis,Female,1984-09-13,544.448.8809x8029,nguyentracy@example.org,783 Rachel Hill,34012,2025-02-25T06:01:02
3d8a3090-353a-444d-a81f-95150d93d08b,Vincent,Johnson,Male,1969-05-19,(754)958-8023x6052,zbennett@example.org,3199 Raymond Haven,88671,2024-09-02T05:06:08
75c41c37-8eea-487f-9d3c-c9cadb247ea2,Kristopher,Webb,Female,1975-06-29,001-342-903-5021x931,evan37@example.org,009 Andrew Route Apt. 648,62163,2021-11-21T22:41:06
c5b9cf38-0459-4e16-bfad-7df2c95995ec,Cynthia,Lewis,Female,2023-03-17,406-421-6129x1141,ryanrichard@example.net,922 Melinda Heights Apt. 718,98237,2022-01-17T00:58:38
db2d0fff-f047-44e9-b3fe-b7dea2e0f358,Michelle,Jacobs,Female,1952-08-31,(685)919-3230x37472,abigailzhang@example.com,88888 Edgar Greens Suite 777,56935,2023-11-24T14:37:54
0f8ace7c-1084-461b-a032-3ec52f4cda5e,Rhonda,Sanchez,Male,2006-05-10,5299492830,crystal56@example.com,560 Howe Centers,03502,2025-06-11T18:49:15
dd811c65-1f56-4aa2-ad9a-7dd60c075053,Barbara,Smith,Male,2014-06-04,702.210.7858,pkelley@example.org,6382 Jacob Shore Suite 291,39709,2025-01-14T16:42:21
e3e47946-1fcf-4b8e-8750-be7bd5bbe3a4,Haley,Walker,Female,1982-08-08,5355301131,lawrencejoe@example.org,50773 Odonnell Isle Suite 883,81645,2023-11-15T16:19:08
42f8bae4-0145-43df-bd0e-be4e877f867c,Brent,Sims,Female,1997-10-26,420-437-0034,beverlyanderson@example.org,4836 Miller Mills Apt. 342,05413,2025-05-06T12:17:33
a4ce98ef-db60-4c10-b64f-98b44237a5ff,Chad,Glenn,Male,1945-05-07,+1-236-589-0471x44727,courtneywood@example.com,1211 Taylor Drive,49156,2024-06-28T16:09:51
e1656eaf-7f9a-4ca7-b940-964ff2cd4e4b,Andrea,Sanders,Female,2025-06-14,+1-906-668-7735,john15@example.com,6192 Beck Meadows,08831,2021-12-07T15:02:54
b7dabc68-60ca-4ead-b1a0-8f668402837a,Patricia,Mccormick,Female,1993-04-11,001-633-673-1408x0408,justin20@example.org,908 Ortiz Estates,37132,2025-09-03T05:38:29
66534f79-106d-4d9c-a5d2-74e88740108c,Fernando,Massey,Male,1967-02-09,(333)324-9331x8861,chelseamartinez@example.net,559 Parker Roads Apt. 271,46713,2025-01-06T04:57:36
24396800-10c6-4c57-ac49-b6e227a4f74d,Janet,Phillips,Female,1940-10-16,+1-680-656-1519x231,elizabethcharles@example.org,17327 Bush Inlet Suite 194,47077,2023-07-19T15:44:02
b9da7480-4b8f-45ff-ad8b-0dd99e7badb8,Tara,Moore,Male,2013-03-22,676.736.2663x15864,andre51@example.com,3601 Kevin Cove,73524,2022-12-27T17:23:10
aabf222f-ab64-4937-a52a-ea2492489bee,Alex,Morales,Female,1978-06-24,545-405-1896x591,rpalmer@example.net,230 Caitlin Light Apt. 264,79228,2025-03-20T22:17:41
054d35aa-2899-4ac0-8c2e-a4dc685b2cbc,Susan,Smith,Male,2023-03-07,(304)296-5066x9619,myersharry@example.org,2042 Paul Key Apt. 165,71868,2025-02-01T21:14:10
216920d1-b78c-4afc-81a8-a33b6b77fe6e,Daniel,Garrett,Male,1963-12-07,(622)591-5325,amanda19@example.com,93261 Guerrero Expressway Apt. 631,02583,2024-01-23T07:55:11
6e4ebe99-8740-4c48-9854-83efb9a893f3,Denise,Flynn,Male,2023-06-17,001-309-371-1604,evan51@example.com,92011 Christopher Loaf,11263,2023-07-08T08:10:10
40793ca3-c73e-44ab-b5f5-431f4f40f6ed,Catherine,Harrison,Male,1943-05-27,8397785511,hernandezlaura@example.org,11245 Rivera Avenue Apt. 022,18050,2024-11-26T09:11:14
63e31ac9-d271-42f1-8a70-7ba8df9a09f5,Brian,Brown,Male,2012-04-25,874.595.1926x24377,adamsangela@example.com,47474 Ann Loop Apt. 891,32915,2023-01-22T09:07:40
281ba827-63cf-4b51-a1b2-a7e5fb72025b,Teresa,Roberts,Male,1945-02-22,+1-418-546-5031x8618,avilla@example.net,2286 Murphy Orchard Suite 772,58476,2024-04-07T20:20:40
4a658a7d-c1f5-4014-9fa8-81b0c0133339,Chad,Duncan,Female,1955-03-28,+1-690-440-5703x259,brenda08@example.net,04007 Haynes Viaduct,26368,2023-05-14T17:53:08
c9e58ebc-673d-4de0-afc4-4d650ad56e56,Michael,Sanchez,Male,1952-09-09,(683)496-3151x4055,nedwards@example.org,2005 Olivia Meadows,25118,2024-06-01T03:10:28
8b20cc44-5705-4300-9e79-e796acfe02ea,John,Trevino,Female,2005-10-01,+1-906-423-5395,austin66@example.org,3286 Carter Radial Apt. 582,23853,2022-08-30T21:46:17
dd8f5010-f58f-46a0-b111-6b6a4b38a57b,Todd,Taylor,Female,2002-12-23,645.211.8135x41179,lmaldonado@example.net,73756 Monica Lakes Apt. 132,44964,2022-05-27T06:12:41
7846e9c5-15a8-4b98-ab2d-96a005f4a2d0,Sheri,Terrell,Male,1995-11-05,+1-346-681-6212x151,sfoley@example.net,8476 Cook Isle,19775,2024-10-28T15:44:30
dcf315c6-47a0-49ae-8ac6-a8536943dab7,David,Rivers,Male,2023-03-26,+1-868-513-0389x314,lopezdana@example.net,47091 Wood Corner,14762,2022-07-17T23:05:21
87c5577f-d091-4dcd-b5c0-b4909361b11d,Keith,Stewart,Female,2021-04-01,+1-465-486-8045x33612,westjim@example.net,43121 Morgan Loop Apt. 979,14157,2024-09-24T22:24:09
39d26141-c5a4-45cb-85c2-08e0eb056b48,Matthew,Ramsey,Female,1980-01-21,001-902-381-2449x6379,david76@example.com,45461 Collier Roads,90537,2025-09-23T04:07:38
b28935e7-8e5b-4f68-bdcf-3be05e4d9d2f,Michael,Chandler,Female,1989-02-04,299.500.6732x1926,asmith@example.org,597 Evan Groves Suite 483,96121,2024-08-18T11:31:14
4682ca38-fb78-4253-9496-1e602daf33de,Martha,Ashley,Male,1994-03-19,561.296.2086,ruthnguyen@example.org,87169 Herman Haven Suite 279,48688,2025-06-11T22:04:35
9c2f3381-7736-4b28-a25e-75c8f8f431f9,Dustin,Mcdonald,Female,2026-09-25,337.568.8592x4534,sarariley@example.com,68795 Anderson Meadow Apt. 684,77203,2025-08-13T15:24:35
57059671-b031-4179-ac76-25b80fc06f77,Tyler,Rodriguez,Male,1974-11-15,+1-454-213-7458,stacie95@example.org,26480 Joanna Walk,22306,2022-05-18T19:03:11
fe3d81d8-0eb9-4aed-a39a-d4dfafd3ec8b,Oscar,Mitchell,Female,1967-06-16,833.642.8925,snydersarah@example.com,8719 Harper Forge,39275,2024-04-05T02:16:57
375485e6-ea9e-4202-b463-47573d231e3b,Joshua,Burton,Male,1993-05-11,7996142564,vasquezmisty@example.com,224 Melissa Spring,92499,2024-10-18T05:40:52
31bf8a3c-5ae5-4068-92ed-9291c3da1521,Jeremy,Johnson,Female,1961-04-03,(738)979-5652x9778,matalindsay@example.org,94562 John Field,74848,2025-01-17T16:18:11
e22bc2f8-50a8-4d59-964d-992141f9bf45,Janice,Lee,Female,1997-12-19,450.394.2942x9425,obrown@example.net,9015 Phyllis Route,82593,2024-12-09T09:19:01
ce8437fc-38cd-4ced-ba7b-c404650c5ea2,Laura,Nelson,Male,1971-08-11,922.651.7138x6572,lisa67@example.com,285 Oconnor Curve Suite 286,61455,2023-07-25T11:54:38
b6181e8e-1836-4f46-970e-04471a282f20,Lori,Jones,Female,1939-03-17,(496)286-2750x62150,michael11@example.net,71992 Bartlett Pines Apt. 425,34837,2024-10-02T13:53:30
e0ebb3c7-b8a3-43fa-b769-44b886b5ca8f,Sarah,Burke,Female,1999-04-23,350-482-4956x0723,tim79@example.org,6602 Bush Ferry Suite 825,07490,2022-01-26T03:18:13
f9c04882-9b40-4b90-8c5f-606f8b5c59ef,Joseph,Warren,Male,2023-05-11,539-923-3209,hartmantravis@example.org,56968 Sanders Rapid Suite 270,35302,2021-11-01T19:25:14
adc4b86d-a180-4e9b-9767-370097e3ab40,Matthew,Martinez,Male,1964-08-16,+1-732-865-3654x745,juancummings@example.com,2203 Derek Bridge Apt. 085,31720,2021-12-09T14:42:21
a4df08c5-67ad-4841-a27c-27df377f0ac2,Lisa,Mayo,Male,1973-11-27,(882)877-6291x79743,kellyhernandez@example.net,201 Ashley Ports,88996,2024-01-01T10:05:00
681a035f-e1e3-466c-8a09-bdc139c8a117,Kevin,Bridges,Female,1986-01-02,308-246-2583,bryantcharles@example.net,43183 Brown Track,32445,2022-11-23T13:25:56
1578320e-f4ca-47a4-93ab-d39bb92e2cab,Summer,Le,Female,2001-02-25,001-336-277-6252x88162,melissalamb@example.com,2483 Smith Fields Suite 940,53411,2025-02-15T13:05:32
7f258778-8140-4ce5-82e8-118f9ca3d9d1,Jill,Obrien,Female,1960-06-30,849.806.2519x58476,smorris@example.com,300 Clayton Bypass,39605,2024-07-04T23:08:14
1866177e-63ab-448f-bdcd-d45c53d32d79,Heather,Campos,Male,1981-06-03,747-978-2374x113,mgallegos@example.com,3999 Mark Key,89765,2024-09-18T00:56:17
c766dd63-683e-4858-9bbe-b0d9802ccb52,Christy,Adams,Female,1971-07-12,+1-760-532-0443x04330,lperkins@example.org,58221 Herring Mountain,08102,2022-01-29T20:16:19
022551d2-e44e-423a-8643-eed7dd3024fc,Andrew,Miller,Male,1986-03-26,001-458-866-1401x47404,johnsonjoseph@example.net,505 Martha Freeway,71377,2022-01-24T08:34:24
06cd3e3b-d202-4202-b56d-98962f50f0fb,Susan,Walker,Unknown,1964-07-05,(385)313-1842x9562,ulester@example.net,60625 Olivia Row Suite 699,67777,2024-04-08T15:51:26
55a79731-1b53-4124-960a-035c0786a459,Rachel,Brown,Female,1968-09-04,001-969-660-4264x46089,lsullivan@example.com,2540 Miller Plaza Suite 300,19539,2025-03-29T20:15:10
d66cbda1-20be-4394-8cbb-ca011cacfd9f,Tim,Wilson,Female,2001-05-11,+1-279-400-9106,matthewwise@example.org,36489 Tyler Passage Suite 595,30183,2025-05-05T00:56:23
b03ac41d-3e90-41e8-835b-d879eca0a912,Zoe,Freeman,Male,1976-09-28,215.921.0012,sanchezkevin@example.com,076 Chase Terrace,66470,2025-08-24T22:06:48
7f527025-b3ed-4b04-a307-840278e6e25e,Angela,Everett,Male,1960-09-29,661-373-4909x4095,jcharles@example.net,69267 Daniels Ranch Apt. 781,15564,2022-05-02T13:22:24
98982e99-fa9f-4bb3-92b2-cf4b489d3b8a,Courtney,Brown,Male,1979-01-02,001-203-950-4528x53582,chad64@example.org,10325 Ronald Inlet,51609,2025-03-19T07:02:51
eaab0629-6a5e-4c28-a86e-8c8db98b06f3,David,Rivera,Male,1959-02-19,624-378-7657,gbriggs@example.com,857 Zamora Mews,55143,2022-07-16T13:37:29
644a79cd-36b5-48a4-ae1c-64c69efda9e9,Karina,Santiago,Male,2008-12-15,+1-975-998-6476x120,drewsmith@example.com,0743 Foster Coves,02370,2025-09-05T18:20:55
e2c94a44-2248-4e75-9885-dca5cac5ebc7,Amber,Brooks,Male,1941-07-02,+1-617-245-8190x3297,kristie67@example.org,12881 Larson Plaza Apt. 196,45383,2024-01-14T08:26:35
cefabf95-1227-457d-9a8b-85244faca0ff,Peggy,Baker,Male,1988-01-11,+1-623-412-1891x45886,brendafrancis@example.org,74130 Woods Circle,11746,2022-09-23T16:58:02
93350c77-c599-4a45-a3a8-68d786a56845,Tammy,Thompson,Male,1947-05-16,+1-758-514-6346x39302,sarahbarnett@example.net,86632 Nunez Green Suite 287,68396,2022-03-12T22:34:09
3b39b8aa-39d0-4b01-8ad0-78318a0aeef0,Jennifer,Harris,Male,1953-11-23,609.348.1025x919,david88@example.net,212 Oliver Mission Apt. 463,64726,2024-08-01T05:04:42
06c0965d-d68b-417e-97cb-97197a3367d0,Christina,Reid,Female,2023-03-31,488.420.9640,jameskathryn@example.com,107 Shawn Place,07737,2024-06-19T08:21:11
31d83f78-6843-4031-bf36-fe7fc1ab5f4c,Ryan,Owens,Male,2000-12-14,8145703970,hortonmanuel@example.org,3078 Sandra Park,81352,2024-03-29T07:52:30
37309e25-f10c-44f0-a85d-9795b9138441,Robin,Garner,Female,1967-08-10,+1-434-963-3061x38334,obrienkaren@example.org,4854 Christina Forks Apt. 818,16179,2023-04-26T05:55:08
3d79f8b6-12d0-4f7d-a5db-9dbd817f8e3b,Daniel,Allen,Male,2002-12-03,+1-368-788-1410,kaufmanjason@example.org,66895 Murray Valleys Suite 494,88582,2024-09-01T10:27:43
13a5893a-6b13-4d0a-9673-28bc55cf185a,Michael,Miller,Male,1998-02-16,001-997-625-7109,vblack@example.com,63703 Renee Motorway Suite 656,33588,2022-04-24T13:34:51
befae203-b206-4a83-8956-f0e5ef0c1132,Nancy,Quinn,Female,2018-07-24,676.444.8522x46107,anna09@example.org,7879 Yang Springs,63772,2024-02-10T11:26:33
893e2de8-8509-43a2-a14b-1e1c4b403399,Douglas,Cooper,Male,1976-11-02,001-795-884-3253x25033,connerchristopher@example.net,75087 Alexandria Spring Apt. 364,89592,2022-09-28T12:14:29
5de8f62b-d45f-4e7f-8af8-7147bf44ea67,Christopher,Nelson,Female,1955-04-29,001-990-699-8152x70524,tiffanymiller@example.com,44250 Brandon Radial Suite 967,26532,2022-02-08T22:38:34
3cd68ac3-5665-4d0b-8ac2-9f1dc72c3764,Jennifer,Schmitt,Female,1961-08-06,(849)853-6600x1482,paula40@example.com,3609 Ross Passage,13074,2022-10-29T02:14:45
f75ea48f-6f74-4d68-adbd-4921653f4313,Ryan,Gonzalez,Female,2015-09-01,747-789-3801,johnathan28@example.org,094 Jennifer Forge,88697,2024-01-20T19:31:23
18927ebd-b195-4d60-84f3-6ac60bde24e2,Kimberly,Elliott,Male,2011-12-09,5203162291,margaretsmith@example.org,896 Lee Village,22250,2024-11-09T23:12:15
d8b6a5b0-c7c2-4f1b-ad30-26db20f8260c,Angie,Jenkins,Male,2025-10-05,593.512.4114,wrightangela@example.com,9083 Valerie Skyway,35949,2024-05-03T07:46:24
dff4cc91-3164-4c14-b1a0-051f0acae683,Julie,Yates,Unknown,2007-07-29,(857)415-1871x370,lopezthomas@example.org,36073 Heidi Loop Apt. 986,54207,2025-06-29T12:18:26
5c7f9aef-3403-4fdf-a28b-40c6852f88aa,Heather,Munoz,Male,1980-10-15,+1-780-885-4726x624,bnoble@example.org,116 Patrick Throughway,77104,2022-12-07T01:17:40
d173bd6d-16a0-4e13-9b80-5cc7e2712ff8,Christopher,Porter,Female,1980-04-28,284.533.7383x22020,eromero@example.com,384 Mikayla Parkway,06864,2025-07-21T18:40:25
af562306-276c-41fb-a2e3-842606fb22ac,Todd,Wright,Male,2024-08-26,+1-764-351-1439x86766,john55@example.org,62047 Steele Lane,57483,2022-02-24T16:27:21
367d9053-bec2-440d-b0b8-1b2952044e75,Tracy,Perry,Male,1937-09-01,758.605.7715x75789,garciaamy@example.com,601 Robert Forks,43872,2025-03-16T14:06:18
4107e873-37f6-4fc4-8481-15142cee1a3a,Derrick,White,Female,1969-01-26,(625)751-3872x666,iwright@example.com,301 Jeffrey Forest Apt. 167,76755,2022-11-14T07:02:33
6e06f176-d140-4967-8d53-48d15b15674d,Misty,Crawford,Female,1935-11-28,468.436.6684x651,victoriaroy@example.com,286 April Route Apt. 582,74120,2024-06-10T20:18:54
1bd8978e-9271-4fea-afad-74602ef38ed1,Connor,Frye,Female,1997-12-23,(392)334-8517,qwatts@example.org,442 Andrea Square Suite 167,74869,2025-07-04T20:36:29
c3575ff1-6caa-4c8d-bc3a-aa22d8f148fb,Matthew,Cole,Female,2024-08-16,7802105962,vincentkaitlyn@example.net,1505 Tyler Grove Apt. 079,04941,2022-07-28T16:38:54
35fad47f-9f05-40b5-a481-2872e704db7d,Michael,Carter,Unknown,1960-06-20,877-216-5587,allison62@example.com,11422 Espinoza Square Suite 123,03145,2022-11-26T06:35:01
bfe9efdb-4a57-4541-8387-4957d4d61370,Lisa,Ford,Other,1969-11-20,(203)267-6545x3428,steventurner@example.com,5881 Anthony Forges Suite 192,40851,2022-11-25T03:17:12
e577e1b6-4dd3-4982-bdfa-45fa1da6f0f0,Megan,Kline,Female,1968-10-29,001-380-817-0656x711,ybryan@example.org,62191 Price Village Suite 800,44154,2025-06-01T08:15:37
728ac5fd-fc32-464b-871e-8c56cb3738c2,Susan,Bonilla,Female,1952-10-06,001-334-849-4416x228,barbara05@example.com,770 Rivera Alley,78969,2023-05-26T09:48:33
7a15422e-3cc7-4dc8-8c66-94ab57b53de2,Megan,Meadows,Female,1954-05-18,926.785.3488,heidi41@example.com,8160 Martinez Pine,35524,2024-01-16T02:59:41
e4cb277f-bc95-4041-8cdf-b034e9a84c51,John,Montoya,Female,1939-08-17,001-461-376-0533x5082,justinmacias@example.org,4442 Sara Isle Suite 706,90874,2022-06-03T13:02:07
3bd6df9b-3643-4f4d-8bce-8eeb684f1e52,Lance,Fisher,Female,1979-09-03,846-973-8856,scottpaul@example.com,230 Jose Fall Apt. 512,06580,2023-06-29T22:06:20
0daba507-1fc7-437c-b94e-b6f89d506e83,Deborah,Bryant,Male,2012-07-24,(478)820-2791x134,charlesclark@example.com,82860 Green Spur,76344,2023-10-01T09:14:52
b1a7d537-b0ec-4074-b397-b9875edd3492,Jessica,Moore,Male,1997-10-13,272.663.4827x764,vmccoy@example.com,1463 Craig Spring Apt. 097,46730,2025-09-30T15:47:29
5e452956-81e4-4e99-8c28-6323d27f6d1f,Sean,Thornton,Unknown,1936-08-18,(631)478-9783x56392,mckinneytammy@example.com,16560 Kristin Junctions Apt. 049,10295,2025-05-20T17:09:55
cda42f85-1099-4969-b521-d09594b22af0,Jeffrey,Rivers,Male,1988-07-21,561.829.7543x620,michaelsimmons@example.com,49050 Alvarado Wall,08493,2025-04-17T21:45:15
0409b7c8-ef59-44b5-ae89-015e92f765e7,Brandon,Thomas,Female,2021-06-12,(312)512-3080x196,ukhan@example.net,83796 Dominique Roads,87663,2025-05-10T15:26:30
9538e035-4157-4bec-bdec-c58d73fee1a3,Timothy,Taylor,Female,2015-10-19,411.968.7296x033,richard17@example.net,1401 Stone Cove,86895,2025-02-10T10:03:35
b4c70241-990c-48bf-8197-8cb867218261,James,Smith,Female,1996-02-05,(670)516-7100x7095,amandaward@example.com,27095 Short Mill,26002,2022-11-09T13:11:08
c441c3db-6bb5-4af7-a03f-137ff14da3ea,Peter,Cox,Female,1978-04-20,534-815-1579x4389,peter24@example.net,39542 Andrea Drive Apt. 172,09638,2024-12-18T04:42:06
c7d012b0-de9c-4b51-a038-e284ceddadec,Amanda,Everett,Female,2017-05-20,(709)287-8368x3348,williamswilliam@example.org,55936 Espinoza Track Suite 702,81085,2025-06-26T21:32:17
9acb0045-a449-4efa-8d7d-a747d48d5f9a,David,Williams,Female,1979-09-27,+1-420-730-6200,kperez@example.org,6298 Johnson Pike,54816,2022-01-07T05:54:38
ada3b63d-ad08-48c6-bad1-6e1dbefb1a15,John,Pierce,Female,1945-03-18,709.342.9916x944,lbaker@example.org,7288 Parker Trafficway,87755,2023-07-02T23:20:37
e39f6cc7-16f3-4bed-b4c9-abd9daacfe2b,Mikayla,Hendrix,Female,1944-11-27,688.837.4975x506,michelle86@example.com,346 Manning Crossroad Suite 104,27278,2022-11-23T14:54:10
5dbe0139-c895-48d9-8907-19db252a95db,Sabrina,Ward,Female,1942-04-29,+1-202-404-5961x5176,rhernandez@example.org,72946 Jackson Walks Apt. 560,53918,2025-09-24T22:41:35
3f8a16b8-919a-4591-b3b2-0598a303d14f,Melissa,Ward,Male,1978-06-18,653-890-6481x59665,warrengilbert@example.com,38409 Sandra Field,57034,2022-08-06T06:40:07
05722bc5-4b5e-4a40-9a5a-897790ba1d38,Sherri,Walter,Female,1991-11-19,927.596.5895x465,churchveronica@example.net,37274 Owens Crossing Suite 623,86832,2022-09-09T11:18:30
9e689a6c-91c9-4ab6-8f41-8193e3289c3a,Jessica,Walsh,Female,1998-10-20,409-861-2024x657,ajones@example.com,4005 Pope Estate,66346,2022-09-05T07:44:02
2cd4e76d-f40a-46cf-b1c7-8a33db5983d3,Christopher,Vargas,Female,2023-04-17,+1-278-343-8233,lisawall@example.com,4937 Joe Circles Suite 727,10200,2024-01-09T07:00:08
c7c40854-d6d4-4b06-af59-2f3e1bbd2513,Julie,Bell,Female,1964-06-15,502-936-7819,diazamanda@example.net,57218 Ryan Ford Apt. 724,70356,2025-02-27T09:34:11
242bba10-c7d0-40d1-8b5f-df7039185b72,Kayla,Morse,Female,1981-10-25,234-295-9136x69531,ronald78@example.org,11201 Williams Gateway Suite 746,04492,2024-12-22T02:41:52
8f523f8a-905c-4e00-a77a-72f66e0c42e9,Kelsey,Rodriguez,Other,2003-12-31,2169507468,jeanette88@example.org,8200 Alicia Islands Suite 769,49617,2024-08-10T21:21:02
b31e120d-9f49-4b89-a866-d52e0e05926a,Cheryl,Rodgers,Male,2024-04-10,4582546564,pamela75@example.org,2377 Whitehead Island,97269,2025-04-20T05:49:26
65e2ebba-27ae-4220-b915-0e998ed31834,Matthew,Green,Female,1981-11-16,+1-397-369-3986x4252,whitedon@example.net,1309 Wright Hills,57570,2022-02-12T09:47:49
f8eb7113-6aee-407a-8387-d8eb7509d8ba,Taylor,Cruz,Female,1961-05-14,273.897.5704x0305,thomashamilton@example.com,17889 Bridges Light,51650,2023-04-12T08:53:47
bfd096b4-2c85-4b3f-b126-36bba455ea22,Christopher,Adams,Male,1937-12-24,+1-434-322-1371x485,etaylor@example.org,0833 Greg Skyway,33599,2024-01-30T21:35:04
